idx,type,type_name,name,formula,pa,ra,pb,rb,coefs,srcs,saved,editable
1,1,Σ,,1·1,,,,,1,const,0,0
3,2,уставка·Σ,цена найма жилья (25 кв метров),1·(1·1),1,3,,,1,const,0,1
4,3,∫,цена досуга,"∫(-1·1 + 0.007479·[204]) dt, x0=0.1",0.1,0,,,-1;0.007479,const;204,2.59754,0
5,3,∫,цена услуг,"∫(-1·1 + 0.04124·[203]) dt, x0=0.1",0.1,0,,,-1;0.04124,const;203,1.87133,0
6,2,уставка·Σ,спрос из сф потребл на ПП (сумма спросов всех социальных групп)нормировано к 2,1·(1·[201]),1,0,,,1,201,0,0
7,2,уставка·Σ,ставка налога на личное жилье,0.05·(1·1),0.05,7,,,1,const,0,1
8,2,уставка·Σ,ставка акциза на пищевую прод в проц,40·(0.01·1),40,8,,,0.01,const,0,1
9,2,уставка·Σ,дополн налог - акциз на газ,20·(0.01·1),20,9,,,0.01,const,0,1
10,2,уставка·Σ,ставка акциза на нефть в проц,30·(0.01·1),30,10,,,0.01,const,0,1
11,2,уставка·Σ,платежи населения,5·(0.01·1),5,11,,,0.01,const,0,1
12,2,уставка·Σ,подоходный налог,12·(0.01·1),12,12,,,0.01,const,0,1
13,2,уставка·Σ,налог из выручки предприятия,4·(0.01·1),4,13,,,0.01,const,0,1
14,2,уставка·Σ,НДС,20·(0.01·1),20,14,,,0.01,const,0,1
15,2,уставка·Σ,налог из прибыли,30·(0.01·1),30,15,,,0.01,const,0,1
16,2,уставка·Σ,налог на основн фонды,3·(0.01·1),3,16,,,0.01,const,0,1
17,2,уставка·Σ,другие налоги,20·(0.01·1),20,17,,,0.01,const,0,1
18,2,уставка·Σ,отчисления от   ФОТ,41·(0.01·1),41,18,,,0.01,const,0,1
19,2,уставка·Σ,налог из торговли,20·(0.01·1),20,19,,,0.01,const,0,1
20,14,clip Σ,,"clip(1·[37] + -1·[30], 0, 1.11111e+06)",0,0,1.11111e+06,0,1;-1,37;30,0,0
21,2,уставка·Σ,сбора платежей  населения,100·(0.01·[11]),100,21,,,0.01,11,0,1
22,2,уставка·Σ,К сбора подоходннал с населения,100·(0.01·[12]),100,22,,,0.01,12,0,1
23,2,уставка·Σ,К сбора налога  из выручки,100·(0.01·[13]),100,23,,,0.01,13,0,1
24,2,уставка·Σ,К сбора НДС,100·(0.01·[14]),100,24,,,0.01,14,0,1
25,2,уставка·Σ,К сбора налогов из прибыли,100·(0.01·[15]),100,25,,,0.01,15,0,1
26,2,уставка·Σ,К сбора налога  на основн фонды,100·(0.01·[16]),100,26,,,0.01,16,0,1
27,2,уставка·Σ,К сбора других  налогов,100·(0.01·[17]),100,27,,,0.01,17,0,1
28,2,уставка·Σ,коэф сбора налог,100·(0.01·[18]),100,28,,,0.01,18,0,1
29,2,уставка·Σ,проц сбора налог,100·(0.01·[19]),100,29,,,0.01,19,0,1
30,5,∫ с пределами,,"∫(1·[50]) dt, x0=1, pa1=0, hi=1.11111e+06",1;0,0;0,1.11111e+06,0,1,50,0,0
31,2,уставка·Σ,другие платежи  населения,1.46·(1·[1807] + 1·[2807] + 1·[3807] + 1·[4807] + 1·[5807] + 1·[6807] + 1·[7807] + 1·[8807] + 1·[9807] + 1·[10807] + 1·[11807] + 1·[12807] + 1·[13807] + 1·[15107] + 1·[15207] + 1·[15307] + 1·[15407] + 1·[15507]),1.46,0,,,1;1;1;1;1;1;1;1;1;1;1;1;1;1;1;1;1;1,1807;2807;3807;4807;5807;6807;7807;8807;9807;10807;11807;12807;13807;15107;15207;15307;15407;15507,0,0
32,2,уставка·Σ,сумма подоходного налога,1.46·(1·[15103] + 1·[15503] + 1·[1803] + 1·[2803] + 1·[3803] + 1·[4803] + 1·[5803] + 1·[6803] + 1·[7803] + 1·[8803] + 1·[9803] + 1·[10803] + 1·[11803] + 1·[12803] + 1·[13803] + 1·[16103] + 1·[16203] + 1·[16303] + 1·[16403]),1.46,0,,,1;1;1;1;1;1;1;1;1;1;1;1;1;1;1;1;1;1;1,15103;15503;1803;2803;3803;4803;5803;6803;7803;8803;9803;10803;11803;12803;13803;16103;16203;16303;16403,0,0
33,2,уставка·Σ,сумма налогов извыручки предприя,0.146·(0.001·1 + 1·[1048] + 1·[2048] + 1·[3048] + 1·[4048] + 1·[5048] + 1·[6048] + 1·[7048] + 1·[8048] + 1·[9048] + 1·[10048] + 1·[11048] + 1·[12048] + 1·[13048]),0.146,0,,,0.001;1;1;1;1;1;1;1;1;1;1;1;1;1,const;1048;2048;3048;4048;5048;6048;7048;8048;9048;10048;11048;12048;13048,0,0
34,2,уставка·Σ,сумма НДС,0.146·(0.001·1 + 1·[1047] + 1·[2047] + 1·[3047] + 1·[4047] + 1·[5047] + 1·[6047] + 1·[7047] + 1·[8047] + 1·[9047] + 1·[10047] + 1·[11047] + 1·[12047] + 1·[13047] + 1·[5189]),0.146,0,,,0.001;1;1;1;1;1;1;1;1;1;1;1;1;1;1,const;1047;2047;3047;4047;5047;6047;7047;8047;9047;10047;11047;12047;13047;5189,0,0
35,2,уставка·Σ,сумма налога из прибыли,0.293·(0.001·1 + 1·[1049] + 1·[2049] + 1·[3049] + 1·[4049] + 1·[5049] + 1·[6049] + 1·[7049] + 1·[8049] + 1·[9049] + 1·[10049] + 1·[11049] + 1·[12049] + 1·[13049]),0.293,0,,,0.001;1;1;1;1;1;1;1;1;1;1;1;1;1,const;1049;2049;3049;4049;5049;6049;7049;8049;9049;10049;11049;12049;13049,0,0
36,2,уставка·Σ,сумма налога на основные  фонды,0.44·(0.001·1 + 1·[1050] + 1·[2050] + 1·[3050] + 1·[4050] + 1·[5050] + 1·[6050] + 1·[7050] + 1·[8050] + 1·[9050] + 1·[10050] + 1·[11050] + 1·[12050] + 1·[13050]),0.44,0,,,0.001;1;1;1;1;1;1;1;1;1;1;1;1;1,const;1050;2050;3050;4050;5050;6050;7050;8050;9050;10050;11050;12050;13050,0,0
37,3,∫,,"∫(1·[59]) dt, x0=1",1,0,,,1,59,0,0
38,2,уставка·Σ,сумма отчислений от ФОТ,0.1·(0.001·1 + 1·[1054] + 1·[2054] + 1·[3054] + 1·[4054] + 1·[5054] + 1·[6054] + 1·[7054] + 1·[8054] + 1·[9054] + 1·[10054] + 1·[11054] + 1·[12054] + 1·[13054] + 1·[4189]),0.1,0,,,0.001;1;1;1;1;1;1;1;1;1;1;1;1;1;1,const;1054;2054;3054;4054;5054;6054;7054;8054;9054;10054;11054;12054;13054;4189,0,0
39,15,ключ,,(1·[20]) > 0 ? [900] : 0,,,0,900,1,20,0,0
40,2,уставка·Σ,поступления из соц сферы,1·(1·[31] + 1·[32]),1,0,,,1;1,31;32,0,0
41,9,Π,другие доходы    бюджета (из внешн торговли),[587]·[501],0;0,587;501,,,,,0,0
42,4,1/(Tp+1)·g,все налоги и платежи,"clip(0.8907·(1·[45] + 1·[40] + 1·[41] + 1·[60] + 1·[56]), 0.2, 1)",0.8907,0,1;0.2,0;0,1;1;1;1;1,45;40;41;60;56,1770.12,0
43,3,∫,накопленный     дефицит бюджета,"∫(0.1·[44]) dt, x0=1",1,0,,,0.1,44,0.511917,0
44,14,clip Σ,текущий дефицит бюджета,"clip(-1·[42] + 1·[51], 0, 1e+06)",0,0,1e+06,0,-1;1,42;51,0,0
45,2,уставка·Σ,доходыы бюджета от налогов,0.8·(1·[33] + 1·[34] + 1·[35] + 1·[36]),0.8,0,,,1;1;1;1,33;34;35;36,0,0
46,16,ключ 2-поз.,сумма планируемых расходов всего бюджета,(1·[299]) > 0 ? [54] : [90],,,0;0,54;90,1,299,0,0
47,2,уставка·Σ,ставка проц оборотнонго кредита,30·(0.01·1),30,47,,,0.01,const,0,1
48,4,1/(Tp+1)·g,степень наличия бюджетн ресурсов,"clip(1·(1·[53]), 0.1, 1)",1,0,1;0.1,0;0,1,53,1,0
49,1,Σ,,1·[44],,,,,1,44,0,0
50,2,уставка·Σ,степень возможности роста расходов,0·(1·[39]),0,50,,,1,39,0,1
51,4,1/(Tp+1)·g,основные статьи расхода бюджета,"clip(1·(1·[301] + 1·[302] + 1·[303] + 1·[304] + 1·[305] + 1·[306] + 1·[307] + 1·[308] + 1·[309] + 1·[310] + 1·[311] + 1·[312] + 1·[313] + 1·[314] + 1·[315] + 1·[316] + 1·[317] + 1·[342] + 1·[346] + 1·[124] + 1·[58] + 1·[117] + 1·[50]), 0.02, 1)",1,0,1;0.02,0;0,1;1;1;1;1;1;1;1;1;1;1;1;1;1;1;1;1;1;1;1;1;1;1,301;302;303;304;305;306;307;308;309;310;311;312;313;314;315;316;317;342;346;124;58;117;50,1771,0
52,11,Π/Π,формир эмиссии,[54] / [51],0,54,0,51,,,0,0
53,14,clip Σ,,"clip(1.01·[52], 0, 1)",0,0,1,0,1.01,52,0,0
54,4,1/(Tp+1)·g,доходы бюджета + эмиссия,"clip(1·(1·[42] + 1·[191]), 0.01, 1)",1,0,1;0.01,0;0,1;1,42;191,1770.12,0
55,5,∫ с пределами,всего накопленная эмиссия,"∫(1·[191] + 1·[256]) dt, x0=0.1, pa1=0, hi=10000",0.1;0,0;0,10000,0,1;1,191;256,0.00825121,0
56,2,уставка·Σ,выдача рублевых лицензий,17·(1·1),17,56,,,1,const,0,1
57,2,уставка·Σ,выдача дол лицензий,21·(1·1),21,57,,,1,const,0,1
58,1,Σ,,1·[347] + 1·[348],,,,,1;1,347;348,0,0
59,14,clip Σ,превышение доходов над расходами,"clip(1·[42] + -1·[51], 0, 10000)",0,0,10000,0,1;-1,42;51,0,0
60,2,уставка·Σ,налоги из розничной торговли,0.43·(1·[4182] + 1·[5182] + 1·[11182]),0.43,0,,,1;1;1,4182;5182;11182,0,0
61,13,Σ/Π,заказ бюджета натурального количества сырья,(6·[361]) / [1039],,,0,1039,6,361,0,0
62,13,Σ/Π,заказ бюджета натурального количества Фа,(7.16·[362]) / [2039],,,0,2039,7.16,362,0,0
63,13,Σ/Π,заказ бюджета натурального количества строит,(7·[363]) / [3039],,,0,3039,7,363,0,0
64,13,Σ/Π,заказ бюджета натурального количества сель-хоз,(5.65·[364]) / [4039],,,0,4039,5.65,364,0,0
65,13,Σ/Π,заказ бюджета натурального количества ТНП,(7·[365]) / [5039],,,0,5039,7,365,0,0
66,13,Σ/Π,заказ бюджета натурального количества ВПК,(9.4·[366]) / [6039],,,0,6039,9.4,366,0,0
67,13,Σ/Π,заказ бюджета натурального количества угля,(9.7·[367]) / [7039],,,0,7039,9.7,367,0,0
68,13,Σ/Π,заказ бюджета натурального количества нефти,(1.111·[368]) / [8039],,,0,8039,1.111,368,0,0
69,13,Σ/Π,заказ бюджета натуральн колич газа,(2.18·[369]) / [9039],,,0,9039,2.18,369,0,0
70,13,Σ/Π,заказ бюджета натуральн колич элек-энерг,(5.15·[370]) / [10039],,,0,10039,5.15,370,0,0
71,9,Π,возможность бюджета закупить запланированное сырье,[48]·[301],0;0,48;301,,,,,0,0
72,9,Π,возможность бюджета закупить запланированное Фа,[48]·[302],0;0,48;302,,,,,0,0
73,9,Π,возможность бюджета закупить запланированное строительст,[48]·[303],0;0,48;303,,,,,0,0
74,9,Π,возможность бюджета закупить запланированное сельск-хоз,[48]·[304],0;0,48;304,,,,,0,0
75,9,Π,возможность бюджета закупить запланированное ТНП,[48]·[305],0;0,48;305,,,,,0,0
76,9,Π,возможность бюджета закупить запланированное ВПК,[48]·[306],0;0,48;306,,,,,0,0
77,9,Π,возможность бюджета закупить запланированный уголь,[48]·[307],0;0,48;307,,,,,0,0
78,9,Π,возможность бюджета закупить запланированную нефть,[48]·[308],0;0,48;308,,,,,0,0
79,9,Π,возможность бюджета закупить запланированный газ,[48]·[309],0;0,48;309,,,,,0,0
80,9,Π,возможность бюджета закупить запланированное электр энерг,[48]·[310],0;0,48;310,,,,,0,0
81,13,Σ/Π,заказ бюджета натурального количества пищев продукц,(6.6666·[371]) / [11039],,,0,11039,6.6666,371,0,0
82,13,Σ/Π,заказ бюджета натурального количества транспорта,(13.05·[372]) / [12039],,,0,12039,13.05,372,0,0
83,13,Σ/Π,заказ бюджета натурального количества проч продукц,(2.86·[373]) / [13039],,,0,13039,2.86,373,0,0
84,13,Σ/Π,оплата бюджета бюджетников,(0.5·[374] + 0.526·[38]) / [15111],,,0,15111,0.5;0.526,374;38,0,0
85,11,Π/Π,оплата бюджета военных,[375] / [15211],0,375,0,15211,,,0,0
86,13,Σ/Π,оплата бюджета пенсионеров,(1·[376]) / [15311],,,0,15311,1,376,0,0
87,11,Π/Π,оплата бюджета безработных,[377] / [15411],0,377,0,15411,,,0,0
88,2,уставка·Σ,включение прекращения поставок сырья при неоплате прежних поставок,0·(1·1),0,88,,,1,const,0,1
89,11,Π/Π,отношение собираемых доходов к планируемым доходам,[42] / [51],0,42,0,51,,,0,0
90,2,уставка·Σ,,1770·(1·1),1770,90,,,1,const,0,1
91,9,Π,возможность бюджета закупить запланированное пищевую прод,[48]·[311],0;0,48;311,,,,,0,0
92,9,Π,возможность бюджета закупить запланированный транспорт,[48]·[312],0;0,48;312,,,,,0,0
93,9,Π,возможность бюджета закупить запланированное прочее,[48]·[313],0;0,48;313,,,,,0,0
94,9,Π,возможность бюджета оплачивать запланированных бюджетников,[48]·[314],0;0,48;314,,,,,0,0
95,9,Π,возможность бюджета оплачив запланированных военных,[48]·[315],0;0,48;315,,,,,0,0
96,9,Π,возможность бюджета оплачив запланированных пенсионеров,[48]·[316],0;0,48;316,,,,,0,0
97,9,Π,возможность бюджета оплачивать запланированных безработных,[48]·[117],0;0,48;117,,,,,0,0
98,2,уставка·Σ,,1·(1·1),1,98,,,1,const,0,1
99,2,уставка·Σ,включение возврата долга за поставленное сырье из прибыли,0·(1·1),0,99,,,1,const,0,1
100,5,∫ с пределами,накопления минфина дол от внешнеэконом тарифов,"∫(1·[121] + -1·[587] + -1·[126] + 1·[57] + -1·[118]) dt, x0=1, pa1=0, hi=1e+06",1;0,0;0,1e+06,0,1;-1;-1;1;-1,121;587;126;57;118,10.1669,0
101,2,уставка·Σ,расходы бюджета на сырье,30·(1·1),30,101,,,1,const,0,1
102,2,уставка·Σ,расходы бюджета на  Фа,50·(1·1),50,102,,,1,const,0,1
103,2,уставка·Σ,расходы бюджета на строит,34.8·(1·1),34.8,103,,,1,const,0,1
104,2,уставка·Σ,расходы бюджета на  сель-хоз,34.8·(1·1),34.8,104,,,1,const,0,1
105,2,уставка·Σ,расходы бюджета на ТНП,16.7·(1·1),16.7,105,,,1,const,0,1
106,2,уставка·Σ,расходы бюджета на  ВПК,150·(1·1),150,106,,,1,const,0,1
107,2,уставка·Σ,расходы бюджета на  уголь,17.2·(1·1),17.2,107,,,1,const,0,1
108,2,уставка·Σ,расходы бюджета на  нефть,70·(1·1),70,108,,,1,const,0,1
109,2,уставка·Σ,расходы бюджета на  газ,50·(1·1),50,109,,,1,const,0,1
110,2,уставка·Σ,расходы бюджета на  эл-эн,38.8·(1·1),38.8,110,,,1,const,0,1
111,2,уставка·Σ,расходы бюджета на  пищев прод,38.8·(1·1),38.8,111,,,1,const,0,1
112,2,уставка·Σ,расходы бюджета на  транспорт,31·(1·1),31,112,,,1,const,0,1
113,2,уставка·Σ,расходы бюджета на  прочую продукцию,200·(1·1),200,113,,,1,const,0,1
114,2,уставка·Σ,оплата бюджетников,232·(1·1),232,114,,,1,const,0,1
115,2,уставка·Σ,оплата военных,182·(1·1),182,115,,,1,const,0,1
116,2,уставка·Σ,расходы на опл пенсионеров,165·(1·1),165,116,,,1,const,0,1
117,2,уставка·Σ,расходы на безработных,8·(1·1),8,117,,,1,const,0,1
118,2,уставка·Σ,другие валютные расходы минфина,5·(1·1),5,118,,,1,const,0,1
119,1,Σ,суммарный поток выплаты внешнего долга,1·[563] + 1·[564] + 1·[126],,,,,1;1;1,563;564;126,0,0
121,1,Σ,накопления минфина дол от внешнеэконом тарифов,1·[1168] + 1·[2168] + 1·[3168] + 1·[6168] + 1·[7168] + 1·[8168] + 1·[9168] + 1·[10168] + 1·[12168] + 1·[13168] + 1·[1208] + 1·[2208] + 1·[3208] + 1·[4208] + 1·[5208] + 1·[6208] + 1·[7208] + 1·[8208] + 1·[9208] + 1·[10208] + 1·[11208] + 1·[12208] + 1·[13208],,,,,1;1;1;1;1;1;1;1;1;1;1;1;1;1;1;1;1;1;1;1;1;1;1,1168;2168;3168;6168;7168;8168;9168;10168;12168;13168;1208;2208;3208;4208;5208;6208;7208;8208;9208;10208;11208;12208;13208,0,0
122,2,уставка·Σ,темп продажи накопл минфином дол на рубл,16.91·(1·[123]),16.91,122,,,1,123,0,1
123,14,clip Σ,степень наличия дол у минфина,"clip(10·[100], 0, 1)",0,0,1,0,10,100,0,0
124,9,Π,величина уплаты внешнего долга в рублях,[564]·[501],0;0,564;501,,,,,0,0
125,15,ключ,выплата внешн долга за счет покупки дол на бирже как расхлд бюджета,(0.1·1 + -1·[100]) > 0 ? [127] : 0,,,0,127,0.1;-1,const;100,0,0
126,15,ключ,интенсивность выплат внешн долга за счет средств минфина,(-0.1·1 + 1·[100]) > 0 ? [127] : 0,,,0,127,-0.1;1,const;100,0,0
127,2,уставка·Σ,график выплат внешнего долга в дол,30·(1·[128]),30,127,,,1,128,0,1
128,14,clip Σ,,"clip(10·[130], 0, 1)",0,0,1,0,10,130,0,0
129,2,уставка·Σ,проценты по внешнему долгу,13·(0.01·[130]),13,129,,,0.01,130,0,1
130,5,∫ с пределами,сумма внешнего долга в дол,"∫(1·[129] + -1·[119]) dt, x0=1, pa1=0, hi=1e+08",1;0,0;0,1e+08,0,1;-1,129;119,92.5976,0
131,9,Π,индекс уровеня жизни соц группы,[1838]·[1811],0;0,1838;1811,,,,,0,0
132,9,Π,индекс уровеня жизни соц группы,[2838]·[2811],0;0,2838;2811,,,,,0,0
133,9,Π,индекс уровеня жизни соц группы,[3838]·[3811],0;0,3838;3811,,,,,0,0
134,9,Π,индекс уровеня жизни соц группы,[4838]·[4811],0;0,4838;4811,,,,,0,0
135,9,Π,индекс уровеня жизни соц группы,[5838]·[5811],0;0,5838;5811,,,,,0,0
136,9,Π,индекс уровеня жизни соц группы,[6838]·[6811],0;0,6838;6811,,,,,0,0
137,9,Π,индекс уровеня жизни соц группы,[7838]·[7811],0;0,7838;7811,,,,,0,0
138,9,Π,индекс уровеня жизни соц группы,[8838]·[8811],0;0,8838;8811,,,,,0,0
139,9,Π,индекс уровеня жизни соц группы,[9838]·[9811],0;0,9838;9811,,,,,0,0
140,9,Π,индекс уровеня жизни соц группы,[10838]·[10811],0;0,10838;10811,,,,,0,0
141,9,Π,индекс уровеня жизни соц группы,[11838]·[11811],0;0,11838;11811,,,,,0,0
142,9,Π,индекс уровеня жизни соц группы,[12838]·[12811],0;0,12838;12811,,,,,0,0
143,9,Π,индекс уровеня жизни соц группы,[13838]·[13811],0;0,13838;13811,,,,,0,0
144,9,Π,индекс уровеня жизни соц группы,[15138]·[15111],0;0,15138;15111,,,,,0,0
145,9,Π,индекс уровеня жизни соц группы,[15238]·[15211],0;0,15238;15211,,,,,0,0
146,9,Π,индекс уровеня жизни соц группы,[15338]·[15400],0;0,15338;15400,,,,,0,0
147,9,Π,индекс уровеня жизни соц группы,[15438]·[15411],0;0,15438;15411,,,,,0,0
148,9,Π,индекс уровеня жизни соц группы,[15538]·[15511],0;0,15538;15511,,,,,0,0
151,13,Σ/Π,индекс уровня жизни населения,(2·[131] + 2·[132] + 2·[133] + 2·[134] + 2·[135] + 2·[136] + 2·[137] + 2·[138] + 2·[139] + 2·[140] + 2·[141] + 2·[142] + 2·[143] + 2·[144] + 2·[145] + 2·[146] + 2·[147] + 2·[148]) / [153],,,0,153,2;2;2;2;2;2;2;2;2;2;2;2;2;2;2;2;2;2,131;132;133;134;135;136;137;138;139;140;141;142;143;144;145;146;147;148,0,0
152,13,Σ/Π,индекс социальной напряженности,(1·[171] + 1·[172] + 1·[173] + 1·[174] + 1·[175] + 1·[176] + 1·[177] + 1·[178] + 1·[179] + 1·[180] + 1·[181] + 1·[182] + 1·[183] + 1·[184] + 1·[185] + 1·[186] + 1·[187] + 1·[188]) / [153],,,0,153,1;1;1;1;1;1;1;1;1;1;1;1;1;1;1;1;1;1,171;172;173;174;175;176;177;178;179;180;181;182;183;184;185;186;187;188,0,0
153,2,уставка·Σ,всего населения в социальных группах,1.5·(1·[1811] + 1·[2811] + 1·[3811] + 1·[4811] + 1·[6811] + 1·[6811] + 1·[7811] + 1·[8811] + 1·[9811] + 1·[10811] + 1·[11811] + 1·[12811] + 1·[13811] + 1·[15111] + 1·[15211] + 1·[15311] + 1·[15411] + 1·[15511]),1.5,0,,,1;1;1;1;1;1;1;1;1;1;1;1;1;1;1;1;1;1,1811;2811;3811;4811;6811;6811;7811;8811;9811;10811;11811;12811;13811;15111;15211;15311;15411;15511,0,0
154,4,1/(Tp+1)·g,социальная напряженность,"clip(1·(1·[152]), 1, 1)",1,0,1;1,0;0,1,152,0.49039,0
155,1,Σ,ВВП в производстве и троговле,1·[156] + 1·[5183] + 1·[4183] + 1·[11183],,,,,1;1;1;1,156;5183;4183;11183,0,0
156,1,Σ,ВВП в сфере производства,1·[1043] + 1·[2043] + 1·[3043] + 1·[4043] + 1·[5043] + 1·[6043] + 1·[7043] + 1·[8043] + 1·[9043] + 1·[10043] + 1·[11043] + 1·[12043] + 1·[13043],,,,,1;1;1;1;1;1;1;1;1;1;1;1;1,1043;2043;3043;4043;5043;6043;7043;8043;9043;10043;11043;12043;13043,0,0
157,1,Σ,сумма предложений,1·[1004] + 1·[2004] + 1·[3004] + 1·[4004] + 1·[5004] + 1·[6004] + 1·[7004] + 1·[8004] + 1·[9004] + 1·[10004] + 1·[11004] + 1·[12004] + 1·[13004],,,,,1;1;1;1;1;1;1;1;1;1;1;1;1,1004;2004;3004;4004;5004;6004;7004;8004;9004;10004;11004;12004;13004,0,0
158,12,Π/Σ,индекс использования основных производственных фондов в целом по стране,[157] / (13·1),0,157,,,13,const,0,0
159,2,уставка·Σ,план дохода бюджета,1775·(1·1),1775,159,,,1,const,0,1
160,2,уставка·Σ,план дефицита,0·(0),0,160,,,,,0,1
161,4,1/(Tp+1)·g,,"clip(1·(1·[190]), 0.4, 1)",1,0,1;0.4,0;0,1,190,0.958171,0
171,9,Π,социальная напряженност в группе,[1811]·[1885],0;0,1811;1885,,,,,0,0
172,9,Π,социальная напряженност в группе,[2885]·[2811],0;0,2885;2811,,,,,0,0
173,9,Π,3оциальная напряженност в группе,[3885]·[3811],0;0,3885;3811,,,,,0,0
174,9,Π,социальная напряженност в группе,[4885]·[4811],0;0,4885;4811,,,,,0,0
175,9,Π,социальная напряженност в группе,[5885]·[5811],0;0,5885;5811,,,,,0,0
176,9,Π,социальная напряженност в группе,[6885]·[6811],0;0,6885;6811,,,,,0,0
177,9,Π,социальная напряженност в группе,[7885]·[7811],0;0,7885;7811,,,,,0,0
178,9,Π,социальная напряженност в группе,[8885]·[8811],0;0,8885;8811,,,,,0,0
179,9,Π,социальная напряженност в группе,[9885]·[9811],0;0,9885;9811,,,,,0,0
180,9,Π,социальная напряженност в группе,[10885]·[10811],0;0,10885;10811,,,,,0,0
181,9,Π,3оциальная напряженност в группе,[11885]·[11811],0;0,11885;11811,,,,,0,0
182,9,Π,социальная напряженност в группе,[12885]·[12811],0;0,12885;12811,,,,,0,0
183,9,Π,социальная напряженност в группе,[13885]·[13811],0;0,13885;13811,,,,,0,0
184,9,Π,социальная напряженност в группе,[15185]·[15111],0;0,15185;15111,,,,,0,0
185,9,Π,социальная напряженност в группе,[15285]·[15211],0;0,15285;15211,,,,,0,0
186,9,Π,социальная напряженност в группе,[15385]·[15400],0;0,15385;15400,,,,,0,0
187,9,Π,социальная напряженност в группе,[15485]·[15411],0;0,15485;15411,,,,,0,0
188,9,Π,социальная напряженност в группе,[15585]·[15511],0;0,15585;15511,,,,,0,0
189,2,уставка·Σ,выключение прекращения поставок сырья при неоплате прежних поставок,1·(1·1),1,189,,,1,const,0,1
190,14,clip Σ,,"clip(-1·[54] + 1·[51], 0, 1e+07)",0,0,1e+07,0,-1;1,54;51,0,0
191,2,уставка·Σ,включ эмиссии,0·(25·[161]),0,191,,,25,161,0,1
192,2,уставка·Σ,выкл эмиссии,1·(1·1),1,192,,,1,const,0,1
193,1,Σ,сумма потоков эмиссии,1·[191] + 1·[256],,,,,1;1,191;256,0,0
194,1,Σ,доходы бюджета,0.1·[42],,,,,0.1,42,0,0
195,1,Σ,расходы бюджета,0.1·[51],,,,,0.1,51,0,0
196,1,Σ,эмиссия дефицита,0.1·[191],,,,,0.1,191,0,0
197,1,Σ,эмиссия роста ФОТ,0.1·[256],,,,,0.1,256,0,0
198,2,уставка·Σ,выключение необходимости получения оборотного кредита,1·(1·1),1,198,,,1,const,0,1
199,2,уставка·Σ,включение необходимости получения оборотного кредита,0·(1·1),0,199,,,1,const,0,1
200,1,Σ,масштабир нормы приб в секторе проч,0.5·[13057],,,,,0.5,13057,0,0
201,2,уставка·Σ,суммарный спрос на продукты питания,0.006412·(1·[1826] + 1·[2826] + 1·[3826] + 1·[4826] + 1·[5826] + 1·[6826] + 1·[7826] + 1·[8826] + 1·[9826] + 1·[10826] + 1·[11826] + 1·[12826] + 1·[13826] + 1·[15126] + 1·[15226] + 1·[15326] + 1·[15426] + 1·[15526] + 1·[16126] + 1·[16226] + 1·[16326] + 1·[16426]),0.006412,0,,,1;1;1;1;1;1;1;1;1;1;1;1;1;1;1;1;1;1;1;1;1;1,1826;2826;3826;4826;5826;6826;7826;8826;9826;10826;11826;12826;13826;15126;15226;15326;15426;15526;16126;16226;16326;16426,0,0
202,2,уставка·Σ,суммарный спрос на ТНП,1.11·(1·[1809] + 1·[2809] + 1·[3809] + 1·[4809] + 1·[5809] + 1·[6809] + 1·[7809] + 1·[8809] + 1·[9809] + 1·[10809] + 1·[11809] + 1·[12809] + 1·[13809] + 1·[15109] + 1·[15209] + 1·[15309] + 1·[15409] + 1·[15509] + 1·[16109] + 1·[16209] + 1·[16309] + 1·[16409]),1.11,0,,,1;1;1;1;1;1;1;1;1;1;1;1;1;1;1;1;1;1;1;1;1;1,1809;2809;3809;4809;5809;6809;7809;8809;9809;10809;11809;12809;13809;15109;15209;15309;15409;15509;16109;16209;16309;16409,0,0
203,2,уставка·Σ,суммарный спрос на услуги,0.9865·(1·[1808] + 1·[2808] + 1·[3808] + 1·[4808] + 1·[5808] + 1·[6808] + 1·[7808] + 1·[8808] + 1·[9808] + 1·[10808] + 1·[11808] + 1·[12808] + 1·[13808] + 1·[15108] + 1·[15208] + 1·[15308] + 1·[15408] + 1·[15508] + 1·[16108] + 1·[16208] + 1·[16308] + 1·[16408]),0.9865,0,,,1;1;1;1;1;1;1;1;1;1;1;1;1;1;1;1;1;1;1;1;1;1,1808;2808;3808;4808;5808;6808;7808;8808;9808;10808;11808;12808;13808;15108;15208;15308;15408;15508;16108;16208;16308;16408,0,0
204,2,уставка·Σ,суммарный спрос на досуг,0.9774·(1·[1850] + 1·[2850] + 1·[3850] + 1·[4850] + 1·[5850] + 1·[6850] + 1·[7850] + 1·[8850] + 1·[9850] + 1·[10850] + 1·[11850] + 1·[12850] + 1·[13850] + 1·[15150] + 1·[15250] + 1·[15350] + 1·[15450] + 1·[15550] + 1·[16150] + 1·[16250] + 1·[16350] + 1·[16450]),0.9774,0,,,1;1;1;1;1;1;1;1;1;1;1;1;1;1;1;1;1;1;1;1;1;1,1850;2850;3850;4850;5850;6850;7850;8850;9850;10850;11850;12850;13850;15150;15250;15350;15450;15550;16150;16250;16350;16450,0,0
205,1,Σ,сумма произведений спросов на цены,1·[206] + 1·[207] + 1·[208] + 1·[209],,,,,1;1;1;1,206;207;208;209,0,0
206,10,Σ·[ref],произведение суммарного спроса на цену,(0.0008·[4190])·[201],0,201,,,0.0008,4190,0,0
207,9,Π,произведение суммарного спроса на цену,[202]·[5150],0;0,202;5150,,,,,0,0
208,9,Π,произведение суммарного спроса на цену,[203]·[5],0;0,203;5,,,,,0,0
209,9,Π,произведение суммарного спроса на цену,[204]·[4],0;0,204;4,,,,,0,0
210,12,Π/Σ,индекс розничных цен на товары услуги и досуг,[205] / (1.628·[201] + 1.628·[202] + 1.628·[203] + 1.628·[204]),0,205,,,1.628;1.628;1.628;1.628,201;202;203;204,0,0
211,9,Π,произведение объема выпущенной продукции на ее цену,[1039]·[1002],0;0,1039;1002,,,,,0,0
212,9,Π,произведение объема выпущенной продукции на ее цену,[2039]·[2002],0;0,2039;2002,,,,,0,0
213,9,Π,произведение объема выпущенной продукции на ее цену,[3039]·[3002],0;0,3039;3002,,,,,0,0
214,9,Π,произведение объема выпущенной продукции на ее цену,[4039]·[4002],0;0,4039;4002,,,,,0,0
215,9,Π,произведение объема выпущенной продукции на ее цену,[5039]·[5002],0;0,5039;5002,,,,,0,0
216,9,Π,произведение объема выпущенной продукции на ее цену,[6039]·[6002],0;0,6039;6002,,,,,0,0
217,9,Π,произведение объема выпущенной продукции на ее цену,[7039]·[7002],0;0,7039;7002,,,,,0,0
218,9,Π,произведение объема выпущенной продукции на ее цену,[8039]·[8002],0;0,8039;8002,,,,,0,0
219,9,Π,произведение объема выпущенной продукции на ее цену,[9039]·[9002],0;0,9039;9002,,,,,0,0
220,9,Π,произведение объема выпущенной продукции на ее цену,[10039]·[10002],0;0,10039;10002,,,,,0,0
221,9,Π,произведение объема выпущенной продукции на ее цену,[11039]·[11002],0;0,11039;11002,,,,,0,0
222,9,Π,произведение объема выпущенной продукции на ее цену,[12039]·[12002],0;0,12039;12002,,,,,0,0
223,9,Π,произведение объема выпущенной продукции на ее цену,[13039]·[13002],0;0,13039;13002,,,,,0,0
224,1,Σ,сумма всех произведений объема выпущенной продукции на ее цену,1·[211] + 1·[212] + 1·[213] + 1·[214] + 1·[215] + 1·[216] + 1·[217] + 1·[218] + 1·[219] + 1·[220] + 1·[221] + 1·[222] + 1·[223],,,,,1;1;1;1;1;1;1;1;1;1;1;1;1,211;212;213;214;215;216;217;218;219;220;221;222;223,0,0
225,11,Π/Π,средняя оптовая цена,[224] / [226],0,224,0,226,,,0,0
226,1,Σ,сумма выпусков продукции всех отраслей,1·[1002] + 1·[2002] + 1·[3002] + 1·[4002] + 1·[5002] + 1·[6002] + 1·[7002] + 1·[8002] + 1·[9002] + 1·[10002] + 1·[11002] + 1·[12002] + 1·[13002],,,,,1;1;1;1;1;1;1;1;1;1;1;1;1,1002;2002;3002;4002;5002;6002;7002;8002;9002;10002;11002;12002;13002,0,0
230,1,Σ,ставка депозита,0.1·1,,,,,0.1,const,0,0
231,4,1/(Tp+1)·g,общее количество безработных в сфере производства,"clip(1·(1·[1030] + 1·[2030] + 1·[3030] + 1·[4030] + 1·[5030] + 1·[6030] + 1·[7030] + 1·[8030] + 1·[9030] + 1·[10030] + 1·[11030] + 1·[12030] + 1·[13030]), 0.1, 1)",1,0,1;0.1,0;0,1;1;1;1;1;1;1;1;1;1;1;1;1,1030;2030;3030;4030;5030;6030;7030;8030;9030;10030;11030;12030;13030,7.78281,0
232,11,Π/Π,отношение величины потребности в труде к колич трудоспособных в сф производства,[233] / [234],0,233,0,234,,,0,0
233,1,Σ,общее колич трудоспособных в сфере производства,1·[1012] + 1·[2012] + 1·[3012] + 1·[4012] + 1·[5012] + 0.8·[6012] + 0.7·[7012] + 1·[8012] + 1·[9012] + 1·[10012] + 1·[11012] + 1·[12012] + 1·[13012],,,,,1;1;1;1;1;0.8;0.7;1;1;1;1;1;1,1012;2012;3012;4012;5012;6012;7012;8012;9012;10012;11012;12012;13012,0,0
234,1,Σ,общая потребность в труде в сфере производства,1·[1009] + 1·[2009] + 1·[3009] + 1·[4009] + 1·[5009] + 1·[6009] + 1·[7009] + 1·[8009] + 1·[9009] + 1·[10009] + 1·[11009] + 1·[12009] + 1·[13009],,,,,1;1;1;1;1;1;1;1;1;1;1;1;1,1009;2009;3009;4009;5009;6009;7009;8009;9009;10009;11009;12009;13009,0,0
235,2,уставка·Σ,доля безраб труд рес котор могут перейти в другие сектора,0.2·(1·[231]),0.2,235,,,1,231,0,1
241,11,Π/Π,степень безработицы в секторе,[1030] / [1012],0,1030,0,1012,,,0,0
242,11,Π/Π,степень безработицы в секторе,[2030] / [2012],0,2030,0,2012,,,0,0
243,11,Π/Π,степень безработицы в секторе,[3030] / [3012],0,3030,0,3012,,,0,0
244,11,Π/Π,степень безработицы в секторе,[4030] / [4012],0,4030,0,4012,,,0,0
245,11,Π/Π,степень безработицы в секторе,[5030] / [5012],0,5030,0,5012,,,0,0
246,11,Π/Π,степень безработицы в секторе,[6030] / [6012],0,6030,0,6012,,,0,0
247,11,Π/Π,степень безработицы в секторе,[7030] / [7012],0,7030,0,7012,,,0,0
248,11,Π/Π,степень безработицы в секторе,[8030] / [8012],0,8030,0,8012,,,0,0
249,11,Π/Π,степень безработицы в секторе,[9030] / [9012],0,9030,0,9012,,,0,0
250,11,Π/Π,степень безработицы в секторе,[10030] / [10012],0,10030,0,10012,,,0,0
251,11,Π/Π,степень безработицы в секторе,[11030] / [11012],0,11030,0,11012,,,0,0
252,11,Π/Π,степень безработицы в секторе,[12030] / [12012],0,12030,0,12012,,,0,0
253,11,Π/Π,степень безработицы в секторе,[13030] / [13012],0,13030,0,13012,,,0,0
254,14,clip Σ,сумма ЗП в сфере производства,"clip(-1497·1 + 1·[1032] + 1·[2032] + 1·[3032] + 1·[4032] + 1·[5032] + 1·[6032] + 1·[7032] + 1·[8032] + 1·[9032] + 1·[10032] + 1·[11032] + 1·[12032] + 1·[13032], 0, 1e+07)",0,0,1e+07,0,-1497;1;1;1;1;1;1;1;1;1;1;1;1;1,const;1032;2032;3032;4032;5032;6032;7032;8032;9032;10032;11032;12032;13032,0,0
255,4,1/(Tp+1)·g,,"clip(1·(1·[254]), 0.2, 1)",1,0,1;0.2,0;0,1,254,1.631e-08,0
256,14,clip Σ,эмиссия от роста числа занятых,"clip(0.05·[255], 0, 1e+07)",0,0,1e+07,0,0.05,255,0,0
257,1,Σ,сумма ЗП в сфере производства,1·[1032] + 1·[2032] + 1·[3032] + 1·[4032] + 1·[5032] + 1·[6032] + 1·[7032] + 1·[8032] + 1·[9032] + 1·[10032] + 1·[11032] + 1·[12032] + 1·[13032],,,,,1;1;1;1;1;1;1;1;1;1;1;1;1,1032;2032;3032;4032;5032;6032;7032;8032;9032;10032;11032;12032;13032,0,0
261,1,Σ,из бюджета натуральный спрос на сырье,1·[61],,,,,1,61,0,0
262,1,Σ,из бюджета натуральный спрос на маш,1·[62],,,,,1,62,0,0
263,1,Σ,из бюджета натуральный спрос на строит,1·[63],,,,,1,63,0,0
264,1,Σ,из бюджета натуральный спрос на с-х,1·[64],,,,,1,64,0,0
265,1,Σ,из бюджета натуральный спрос на ТНП,1·[65],,,,,1,65,0,0
266,1,Σ,из бюджета натуральный спрос на ВПК,1·[66],,,,,1,66,0,0
267,1,Σ,из бюджета натуральный спрос на уголь,1·[67],,,,,1,67,0,0
268,1,Σ,из бюджета натуральный спрос на нефть,1·[68],,,,,1,68,0,0
269,1,Σ,из бюджета натуральный спрос на газ,1·[69],,,,,1,69,0,0
270,1,Σ,из бюджета натуральный спрос на эл-эн,1·[70],,,,,1,70,0,0
271,1,Σ,из бюджета натуральный спрос на пищ,1·[81],,,,,1,81,0,0
272,1,Σ,из бюджета натуральный спрос на трансп,1·[82],,,,,1,82,0,0
273,1,Σ,из бюджета натуральный спрос на проч,1·[83],,,,,1,83,0,0
276,2,уставка·Σ,сумма денежных спросов из соц сф на строит жилья,1.00005·(1·[1810] + 1·[2810] + 1·[3810] + 1·[4810] + 1·[5810] + 1·[6810] + 1·[7810] + 1·[8810] + 1·[9810] + 1·[15110] + 1·[15210] + 1·[15310] + 1·[15410] + 1·[15510] + 1·[10810] + 1·[11810] + 1·[12810] + 1·[13810] + 1·[16110] + 1·[16210] + 1·[16310] + 1·[16410]),1.00005,0,,,1;1;1;1;1;1;1;1;1;1;1;1;1;1;1;1;1;1;1;1;1;1,1810;2810;3810;4810;5810;6810;7810;8810;9810;15110;15210;15310;15410;15510;10810;11810;12810;13810;16110;16210;16310;16410,0,0
282,9,Π,денежн спорс сф потр на эл эн,[296]·[10039],0;0,296;10039,,,,,0,0
283,2,уставка·Σ,поставка в торговлю строит,10·(1·[293]),10,0,,,1,293,0,0
286,1,Σ,сумма натуральных спросов на эл-эн из сф потребл,0.227·[296],,,,,0.227,296,0,0
287,1,Σ,спрос на пищ из торговли,1.475·[297],,,,,1.475,297,0,0
293,11,Π/Π,натур спрос на жилье из сф потр,[276] / [3039],0,276,0,3039,,,0,0
294,2,уставка·Σ,натур спрос на с-х прод из сф потр,1·(1.916·[4194]),1,0,,,1.916,4194,0,0
295,2,уставка·Σ,денежн спрос на ТНП из торговли,1·(12.5·[5194]),1,0,,,12.5,5194,0,0
296,2,уставка·Σ,сумма натур спросов на эл-эн из сф потр,0.0003539·(1·[1867] + 1·[2867] + 1·[3867] + 1·[4867] + 1·[5867] + 1·[6867] + 1·[7867] + 1·[8867] + 1·[9867] + 1·[10867] + 1·[11867] + 1·[12867] + 1·[13867] + 1·[15167] + 1·[15267] + 1·[15367] + 1·[15467] + 1·[15567] + 1·[16167] + 1·[16267] + 1·[16367] + 1·[16467]),0.0003539,0,,,1;1;1;1;1;1;1;1;1;1;1;1;1;1;1;1;1;1;1;1;1;1,1867;2867;3867;4867;5867;6867;7867;8867;9867;10867;11867;12867;13867;15167;15267;15367;15467;15567;16167;16267;16367;16467,0,0
297,2,уставка·Σ,натур спрос на пищ из сф потр,1.036·(1·[11194]),1.036,0,,,1,11194,0,0
298,2,уставка·Σ,,1·(1·1),1,298,,,1,const,0,1
299,2,уставка·Σ,,0·(1·1),0,299,,,1,const,0,1
301,1,Σ,для управления статьей расходов бюджета во времени,1·[481],,,,,1,481,0,0
302,2,уставка·Σ,для управления статьей расходов бюджета во времени,1·(1·[482]),1,302,,,1,482,0,1
303,2,уставка·Σ,для управления статьей расходов бюджета во времени,1·(1·[483]),1,303,,,1,483,0,1
304,2,уставка·Σ,для управления статьей расходов бюджета во времени,1·(1·[484]),1,304,,,1,484,0,1
305,2,уставка·Σ,для управления статьей расходов бюджета во времени,1·(1·[485]),1,305,,,1,485,0,1
306,2,уставка·Σ,для управления статьей расходов бюджета во времени,1·(1·[486]),1,306,,,1,486,0,1
307,2,уставка·Σ,для управления статьей расходов бюджета во времени,1·(1·[487]),1,307,,,1,487,0,1
308,2,уставка·Σ,для управления статьей расходов бюджета во времени,1·(1·[488]),1,308,,,1,488,0,1
309,2,уставка·Σ,для управления статьей расходов бюджета во времени,1·(1·[489]),1,309,,,1,489,0,1
310,2,уставка·Σ,для управления статьей расходов бюджета во времени,1·(1·[490]),1,310,,,1,490,0,1
311,2,уставка·Σ,для управления статьей расходов бюджета во времени,1·(1·[491]),1,311,,,1,491,0,1
312,2,уставка·Σ,для управления статьей расходов бюджета во времени,1·(1·[492]),1,312,,,1,492,0,1
313,2,уставка·Σ,для управления статьей расходов бюджета во времени,1·(1·[493]),1,313,,,1,493,0,1
314,2,уставка·Σ,для управления статьей расходов бюджета во времени,1·(1·[494]),1,314,,,1,494,0,1
315,2,уставка·Σ,для управления статьей расходов бюджета во времени,1·(1·[495]),1,315,,,1,495,0,1
316,2,уставка·Σ,для управления статьей расходов бюджета во времени,1·(1·[496]),1,316,,,1,496,0,1
317,2,уставка·Σ,для управления статьей расходов бюджета на культуру во времени,1·(1·[475]),1,317,,,1,475,0,1
318,2,уставка·Σ,,8·(1·[497]),8,318,,,1,497,0,1
319,2,уставка·Σ,исходн велич внутр долга,675·(1·1),675,319,,,1,const,0,1
320,2,уставка·Σ,виртуальный для фрагмента 70,1775·(1·1),1775,320,,,1,const,0,1
321,2,уставка·Σ,тариф на экспорт сырья,20·(0.01·1),20,321,,,0.01,const,0,1
322,2,уставка·Σ,тариф на экспорт маш,20·(0.01·1),20,322,,,0.01,const,0,1
323,2,уставка·Σ,тариф на экспорт строит,20·(0.01·1),20,323,,,0.01,const,0,1
324,2,уставка·Σ,тариф на экспорт ВПК,20·(0.01·1),20,324,,,0.01,const,0,1
325,2,уставка·Σ,тариф на экспорт нефти,20·(0.01·1),20,325,,,0.01,const,0,1
331,2,уставка·Σ,,0.001·(1·[4168]),0.001,0,,,1,4168,0,0
334,2,уставка·Σ,таможенный тариф газа,20·(0.01·1),20,334,,,0.01,const,0,1
335,2,уставка·Σ,таможенный тариф эл-эн,20·(0.01·1),20,335,,,0.01,const,0,1
336,2,уставка·Σ,таможенный тариф на транспорт,20·(0.01·1),20,336,,,0.01,const,0,1
337,2,уставка·Σ,таможенный тариф на прочее,20·(0.01·1),20,337,,,0.01,const,0,1
339,3,∫,,"∫(-1·[342] + 1·[340]) dt, x0=1",1,0,,,-1;1,342;340,4.18803e+08,0
340,2,уставка·Σ,процент по кредиту вутр долга,20·(0.01·[343]),20,340,,,0.01,343,0,1
341,14,clip Σ,,"clip(10·[343], 0, 1)",0,0,1,0,10,343,0,0
342,9,Π,обслуж внутр госдолга,[341],0,341,,,,,0,0
343,14,clip Σ,величина внутр долга,"clip(1·[339] + 1·[319], 0, 1e+07)",0,0,1e+07,0,1;1,339;319,0,0
346,2,уставка·Σ,для управления статьей расходов бюджета намедицину во времени,1·(1·[476]),1,346,,,1,476,0,1
347,2,уставка·Σ,для управления статьей расходов бюджета на науку во времени,1·(1·[477]),1,347,,,1,477,0,1
348,2,уставка·Σ,для управления статьей расходов бюджета на образование во времени,1·(1·[478]),1,348,,,1,478,0,1
350,4,1/(Tp+1)·g,кач жизни в демографию,"clip(1·(0.211·1 + 0.412·[380]), 1, 1)",1,0,1;1,0;0,0.211;0.412,const;380,0.457496,0
361,1,Σ,сумма платежей в статью расходов бюджета= план расходов  +  доля профицита,1·[71] + 1·[902],,,,,1;1,71;902,0,0
362,1,Σ,сумма платежей в статью расходов бюджета= план расходов  +  доля профицита,1·[72] + 0·[904],,,,,1;0,72;904,0,0
363,1,Σ,сумма платежей в статью расходов бюджета= план расходов  +  доля профицита,1·[73] + 0·[906],,,,,1;0,73;906,0,0
364,1,Σ,сумма платежей в статью расходов бюджета= план расходов  +  доля профицита,1·[74] + 1·[908],,,,,1;1,74;908,0,0
365,1,Σ,сумма платежей в статью расходов бюджета= план расходов  +  доля профицита,1·[75] + 1·[910],,,,,1;1,75;910,0,0
366,1,Σ,сумма платежей в статью расходов бюджета= план расходов  +  доля профицита,1·[76] + 1·[912],,,,,1;1,76;912,0,0
367,1,Σ,сумма платежей в статью расходов бюджета= план расходов  +  доля профицита,1·[77] + 1·[914],,,,,1;1,77;914,0,0
368,1,Σ,сумма платежей в статью расходов бюджета= план расходов  +  доля профицита,1·[78] + 1·[916],,,,,1;1,78;916,0,0
369,1,Σ,сумма платежей в статью расходов бюджета= план расходов  +  доля профицита,1·[79] + 1·[918],,,,,1;1,79;918,0,0
370,1,Σ,сумма платежей в статью расходов бюджета= план расходов  +  доля профицита,1·[80] + 1·[920],,,,,1;1,80;920,0,0
371,1,Σ,сумма платежей в статью расходов бюджета= план расходов  +  доля профицита,1·[91] + 1·[922],,,,,1;1,91;922,0,0
372,1,Σ,сумма платежей в статью расходов бюджета= план расходов  +  доля профицита,1·[92] + 1·[924],,,,,1;1,92;924,0,0
373,1,Σ,сумма платежей в статью расходов бюджета= план расходов  +  доля профицита,1·[93] + 1·[926],,,,,1;1,93;926,0,0
374,1,Σ,сумма платежей в статью расходов бюджета= план расходов  +  доля профицита,1·[94] + 1·[928],,,,,1;1,94;928,0,0
375,1,Σ,сумма платежей в статью расходов бюджета= план расходов  +  доля профицита,1·[95] + 1·[930],,,,,1;1,95;930,0,0
376,1,Σ,сумма платежей в статью расходов бюджета= план расходов  +  доля профицита,1·[96] + 1·[932],,,,,1;1,96;932,0,0
377,1,Σ,сумма платежей в статью расходов бюджета= план расходов  +  доля профицита,1·[97] + 1·[934],,,,,1;1,97;934,0,0
380,4,1/(Tp+1)·g,качество жизни в стране в целом,"clip(0.02·(1·[381] + 1·[382] + 1·[383] + 1·[384] + 1·[385] + 1·[386] + 1·[387] + 1·[388] + 1·[389] + 1·[390] + 1·[391] + 1·[392] + 1·[393] + 1·[394] + 1·[395] + 1·[396] + 1·[397] + 1·[398]), 0.02, 1)",0.02,0,1;0.02,0;0,1;1;1;1;1;1;1;1;1;1;1;1;1;1;1;1;1;1,381;382;383;384;385;386;387;388;389;390;391;392;393;394;395;396;397;398,0.604272,0
381,9,Π,качество жизни для всей одной социальной группы,[1858]·[1811],0;0,1858;1811,,,,,0,0
382,9,Π,качество жизни для всей одной социальной группы,[2858]·[2811],0;0,2858;2811,,,,,0,0
383,9,Π,качество жизни для всей одной социальной группы,[3858]·[3811],0;0,3858;3811,,,,,0,0
384,9,Π,качество жизни для всей одной социальной группы,[4858]·[4811],0;0,4858;4811,,,,,0,0
385,9,Π,качество жизни для всей одной социальной группы,[5858]·[5811],0;0,5858;5811,,,,,0,0
386,9,Π,качество жизни для всей одной социальной группы,[6858]·[6811],0;0,6858;6811,,,,,0,0
387,9,Π,качество жизни для всей одной социальной группы,[7858]·[7811],0;0,7858;7811,,,,,0,0
388,9,Π,качество жизни для всей одной социальной группы,[8858]·[8811],0;0,8858;8811,,,,,0,0
389,9,Π,качество жизни для всей одной социальной группы,[9858]·[9811],0;0,9858;9811,,,,,0,0
390,9,Π,качество жизни для всей одной социальной группы,[10858]·[10811],0;0,10858;10811,,,,,0,0
391,9,Π,качество жизни для всей одной социальной группы,[11858]·[11811],0;0,11858;11811,,,,,0,0
392,9,Π,качество жизни для всей одной социальной группы,[12858]·[12811],0;0,12858;12811,,,,,0,0
393,9,Π,качество жизни для всей одной социальной группы,[13858]·[13811],0;0,13858;13811,,,,,0,0
394,9,Π,качество жизни для всей одной социальной группы,[15158]·[15111],0;0,15158;15111,,,,,0,0
395,9,Π,качество жизни для всей одной социальной группы,[15258]·[15211],0;0,15258;15211,,,,,0,0
396,9,Π,качество жизни для всей одной социальной группы,[15358]·[15311],0;0,15358;15311,,,,,0,0
397,9,Π,качество жизни для всей одной социальной группы,[15458]·[15411],0;0,15458;15411,,,,,0,0
398,9,Π,качество жизни для всей одной социальной группы,[15558]·[15511],0;0,15558;15511,,,,,0,0
399,12,Π/Σ,сумма индексов образов и культуры для кач жизни,[892]·[890] / (0.5·[892] + 0.5·[890]),0;0,892;890,,,0.5;0.5,892;890,0,0
400,1,Σ,сумма индексов образования и культуры для качества жизни,1·[399],,,,,1,399,0,0
401,2,уставка·Σ,цена импортного сырья,1·(14·1),1,401,,,14,const,0,1
402,2,уставка·Σ,цена импортного сырья,1·(17.2·1),1,402,,,17.2,const,0,1
403,2,уставка·Σ,цена импортного сырья,1·(9·1),1,403,,,9,const,0,1
404,2,уставка·Σ,цена импортного сырья,1·(1·1),1,404,,,1,const,0,1
405,2,уставка·Σ,цена импортного сырья,1·(15.6·1),1,405,,,15.6,const,0,1
406,2,уставка·Σ,цена импортного сырья,1·(1·1),1,406,,,1,const,0,1
407,2,уставка·Σ,цена импортного сырья,1·(1·1),1,407,,,1,const,0,1
408,2,уставка·Σ,цена импортного сырья,1·(1·1),1,408,,,1,const,0,1
409,2,уставка·Σ,цена импортного сырья,1·(1·1),1,409,,,1,const,0,1
410,2,уставка·Σ,цена импортного сырья,1·(1·1),1,410,,,1,const,0,1
411,2,уставка·Σ,цена импортного сырья,1·(5.8·1),1,411,,,5.8,const,0,1
412,2,уставка·Σ,цена импортного сырья,1·(9.8·1),1,412,,,9.8,const,0,1
413,2,уставка·Σ,цена импортного сырья,1·(7.8·1),1,413,,,7.8,const,0,1
420,14,clip Σ,требуется дол для импорта предм труда для всей сферы производства,"clip(1·[1205] + 1·[2205] + 1·[3205] + 1·[4205] + 1·[5205] + 1·[6205] + 1·[7205] + 1·[8205] + 1·[9205] + 1·[10205] + 1·[11205] + 1·[12205] + 1·[13205], 0.0001, 1e+09)",0.0001,0,1e+09,0,1;1;1;1;1;1;1;1;1;1;1;1;1,1205;2205;3205;4205;5205;6205;7205;8205;9205;10205;11205;12205;13205,0,0
421,2,уставка·Σ,цена импортных Фа,10·(1·1),10,421,,,1,const,0,1
422,2,уставка·Σ,цена импортных Фа,10·(1·1),10,422,,,1,const,0,1
423,2,уставка·Σ,цена импортных Фа,10·(1·1),10,423,,,1,const,0,1
424,2,уставка·Σ,цена импортных Фа,10·(1·1),10,424,,,1,const,0,1
425,2,уставка·Σ,цена импортных Фа,10·(1·1),10,425,,,1,const,0,1
426,2,уставка·Σ,цена импортных Фа,10·(1·1),10,426,,,1,const,0,1
427,2,уставка·Σ,цена импортных Фа,10·(1·1),10,427,,,1,const,0,1
428,2,уставка·Σ,цена импортных Фа,10·(1·1),10,428,,,1,const,0,1
429,2,уставка·Σ,цена импортных Фа,10·(1·1),10,429,,,1,const,0,1
430,2,уставка·Σ,цена импортных Фа,10·(1·1),10,430,,,1,const,0,1
431,2,уставка·Σ,цена импортных Фа,10·(1·1),10,431,,,1,const,0,1
432,2,уставка·Σ,цена импортных Фа,10·(1·1),10,432,,,1,const,0,1
433,2,уставка·Σ,цена импортных Фа,10·(1·1),10,433,,,1,const,0,1
441,2,уставка·Σ,норматив импортного тарифа на сырье секторам,20·(0.01·1),20,441,,,0.01,const,0,1
442,2,уставка·Σ,норматив импортного тарифа на сырье секторам,20·(0.01·1),20,442,,,0.01,const,0,1
443,2,уставка·Σ,норматив импортного тарифа на сырье секторам,20·(0.01·1),20,443,,,0.01,const,0,1
444,2,уставка·Σ,норматив импортного тарифа на сырье секторам,20·(0.01·1),20,444,,,0.01,const,0,1
445,2,уставка·Σ,норматив импортного тарифа на сырье секторам,20·(0.01·1),20,445,,,0.01,const,0,1
446,2,уставка·Σ,норматив импортного тарифа на сырье секторам,20·(0.01·1),20,446,,,0.01,const,0,1
447,2,уставка·Σ,норматив импортного тарифа на сырье секторам,20·(0.01·1),20,447,,,0.01,const,0,1
448,2,уставка·Σ,норматив импортного тарифа на сырье секторам,20·(0.01·1),20,448,,,0.01,const,0,1
449,2,уставка·Σ,норматив импортного тарифа на сырье секторам,20·(0.01·1),20,449,,,0.01,const,0,1
450,2,уставка·Σ,норматив импортного тарифа на сырье секторам,20·(0.01·1),20,450,,,0.01,const,0,1
451,2,уставка·Σ,норматив импортного тарифа на сырье секторам,20·(0.01·1),20,451,,,0.01,const,0,1
452,2,уставка·Σ,норматив импортного тарифа на сырье секторам,20·(0.01·1),20,452,,,0.01,const,0,1
453,2,уставка·Σ,норматив импортного тарифа на сырье секторам,20·(0.01·1),20,453,,,0.01,const,0,1
461,1,Σ,коэф увеличения импортной цены на сырье секторам,1·1 + 1·[441],,,,,1;1,const;441,0,0
462,1,Σ,коэф увеличения импортной цены на сырье секторам,1·1 + 1·[442],,,,,1;1,const;442,0,0
463,1,Σ,коэф увеличения импортной цены на сырье секторам,1·1 + 1·[443],,,,,1;1,const;443,0,0
464,1,Σ,коэф увеличения импортной цены на сырье секторам,1·1 + 1·[444],,,,,1;1,const;444,0,0
465,1,Σ,коэф увеличения импортной цены на сырье секторам,1·1 + 1·[445],,,,,1;1,const;445,0,0
466,1,Σ,коэф увеличения импортной цены на сырье секторам,1·1 + 1·[446],,,,,1;1,const;446,0,0
467,1,Σ,коэф увеличения импортной цены на сырье секторам,1·1 + 1·[447],,,,,1;1,const;447,0,0
468,1,Σ,коэф увеличения импортной цены на сырье секторам,1·1 + 1·[448],,,,,1;1,const;448,0,0
469,1,Σ,коэф увеличения импортной цены на сырье секторам,1·1 + 1·[449],,,,,1;1,const;449,0,0
470,1,Σ,коэф увеличения импортной цены на сырье секторам,1·1 + 1·[450],,,,,1;1,const;450,0,0
471,1,Σ,коэф увеличения импортной цены на сырье секторам,1·1 + 1·[451],,,,,1;1,const;451,0,0
472,1,Σ,коэф увеличения импортной цены на сырье секторам,1·1 + 1·[452],,,,,1;1,const;452,0,0
473,1,Σ,коэф увеличения импортной цены на сырье секторам,1·1 + 1·[453],,,,,1;1,const;453,0,0
475,11,Π/Π,доля дохода бюджета на статью расходов,[46]·[855] / [499],0;0,46;855,0,499,,,0,0
476,11,Π/Π,доля дохода бюджета на статью расходов,[46]·[865] / [499],0;0,46;865,0,499,,,0,0
477,11,Π/Π,доля дохода бюджета на статью расходов,[46]·[875] / [499],0;0,46;875,0,499,,,0,0
478,11,Π/Π,доля дохода бюджета на статью расходов,[46]·[885] / [499],0;0,46;885,0,499,,,0,0
481,11,Π/Π,доля дохода бюджета на статью расходов,[46]·[101] / [499],0;0,46;101,0,499,,,0,0
482,11,Π/Π,доля дохода бюджета на статью расходов,[46]·[102] / [499],0;0,46;102,0,499,,,0,0
483,11,Π/Π,доля дохода бюджета на статью расходов,[46]·[103] / [499],0;0,46;103,0,499,,,0,0
484,11,Π/Π,доля дохода бюджета на статью расходов,[46]·[104] / [499],0;0,46;104,0,499,,,0,0
485,11,Π/Π,доля дохода бюджета на статью расходов,[46]·[105] / [499],0;0,46;105,0,499,,,0,0
486,11,Π/Π,доля дохода бюджета на статью расходов,[46]·[106] / [499],0;0,46;106,0,499,,,0,0
487,11,Π/Π,доля дохода бюджета на статью расходов,[46]·[107] / [499],0;0,46;107,0,499,,,0,0
488,11,Π/Π,доля дохода бюджета на статью расходов,[46]·[108] / [499],0;0,46;108,0,499,,,0,0
489,11,Π/Π,доля дохода бюджета на статью расходов,[46]·[109] / [499],0;0,46;109,0,499,,,0,0
490,11,Π/Π,доля дохода бюджета на статью расходов,[46]·[110] / [499],0;0,46;110,0,499,,,0,0
491,11,Π/Π,доля дохода бюджета на статью расходов,[46]·[111] / [499],0;0,46;111,0,499,,,0,0
492,11,Π/Π,доля дохода бюджета на статью расходов,[46]·[112] / [499],0;0,46;112,0,499,,,0,0
493,11,Π/Π,доля дохода бюджета на статью расходов,[46]·[113] / [499],0;0,46;113,0,499,,,0,0
494,11,Π/Π,доля дохода бюджета на статью расходов,[46]·[114] / [499],0;0,46;114,0,499,,,0,0
495,11,Π/Π,доля дохода бюджета на статью расходов,[46]·[115] / [499],0;0,46;115,0,499,,,0,0
496,11,Π/Π,доля дохода бюджета на статью расходов,[46]·[116] / [499],0;0,46;116,0,499,,,0,0
497,11,Π/Π,доля дохода бюджета на статью расходов,[46]·[117] / [499],0;0,46;117,0,499,,,0,0
499,14,clip Σ,сумма статей расходов,"clip(1·[101] + 1·[102] + 1·[103] + 1·[104] + 1·[105] + 1·[106] + 1·[107] + 1·[108] + 1·[109] + 1·[110] + 1·[111] + 1·[112] + 1·[113] + 1·[114] + 1·[115] + 1·[116] + 1·[117] + 1·[855] + 1·[865] + 1·[875] + 1·[885], 0.001, 1e+09)",0.001,0,1e+09,0,1;1;1;1;1;1;1;1;1;1;1;1;1;1;1;1;1;1;1;1;1,101;102;103;104;105;106;107;108;109;110;111;112;113;114;115;116;117;855;865;875;885,0,0
501,5,∫ с пределами,курс рубля к дол на валютной бирже,"∫(1·[502]) dt, x0=0.02, pa1=1, hi=1e+07",0.02;1,0;0,1e+07,0,1,502,24.9963,0
502,2,уставка·Σ,формирование покупки - продажи дол населением,1·(1·[516] + -1·[506]),1,0,,,1;-1,516;506,0,0
503,14,clip Σ,дол интервенция,"clip(-1·[540] + 1·[518], 0, 100000)",0,0,100000,0,-1;1,540;518,0,0
504,9,Π,интенсивн дол интервенции,[512]·[509],0;0,512;509,,,,,0,0
505,9,Π,возможность дол интервенции,[504]·[525],0;0,504;525,,,,,0,0
506,4,1/(Tp+1)·g,дол предложение всех,"clip(0.8125·(1·[505] + 1·[507]), 0.02, 1)",0.8125,0,1;0.02,0;0,1;1,505;507,75.0848,0
507,1,Σ,предлож дол на бирже,1·[581] + 1·[542] + 1·[122],,,,,1;1;1,581;542;122,0,0
508,12,Π/Σ,дол интервенция ЦБ,[503]·[591] / (0.01·[518]),0;0,503;591,,,0.01,518,0,0
509,2,уставка·Σ,степень интенсивности интервенций,0.5·(1·1),0.5,509,,,1,const,0,1
510,2,уставка·Σ,,1·(25·[593]),1,510,,,25,593,0,1
511,2,уставка·Σ,,1·(1·[594]),1,511,,,1,594,0,1
512,4,1/(Tp+1)·g,дол интервенция ЦБ,"clip(1·(1·[508] + 50·[570]), 0.5, 1)",1,0,1;0.5,0;0,1;50,508;570,0,0
513,14,clip Σ,темп интервенции ЦБ на бирже,"clip(1·[540] + -1·[501], 0, 100000)",0,0,100000,0,1;-1,540;501,0,0
514,10,Σ·[ref],рублевая интервенция,(25·[509])·[539],0,539,,,25,509,0,0
515,12,Π/Σ,рубл интервенц в дол выраж,[514] / (0.04·[501]),0,514,,,0.04,501,0,0
516,4,1/(Tp+1)·g,рублевая интервенция всех в дол выражении,"clip(1·(1·[515] + 1·[517] + 1·[808] + 1·[125] + 1·[944]), 0.05, 1)",1,0,1;0.05,0;0,1;1;1;1;1,515;517;808;125;944,75.0642,0
517,2,уставка·Σ,предл рублей на бирже в дол выражении,2·(1·[420] + 1·[558] + 1·[550]),2,0,,,1;1;1,420;558;550,0,0
518,4,1/(Tp+1)·g,,"clip(1·(1·[501]), 0.2, 1)",1,0,1;0.2,0;0,1,501,24.9964,0
519,2,уставка·Σ,колич дол на начало интервенции ЦБанка,20·(1·1),20,519,,,1,const,0,1
520,7,min,продано дол на бирже,"min([521], [522])",0;0,521;522,,,,,0,0
521,14,clip Σ,предлож рублей от всех,"clip(1·[516], 0.001, 1e+07)",0.001,0,1e+07,0,1,516,0,0
522,14,clip Σ,предложение дол от  всех,"clip(1·[506], 0.001, 1e+06)",0.001,0,1e+06,0,1,506,0,0
523,3,∫,+/- резервы ЦБ,"∫(1·[515] + -1·[526]) dt, x0=1",1,0,,,1;-1,515;526,1.1947,0
524,14,clip Σ,резервы ЦБ,"clip(1·[519] + 1·[523], 0, 100000)",0,0,100000,0,1;1,519;523,0,0
525,14,clip Σ,возможность дол интервенции,"clip(0.06·[524], 0, 1)",0,0,1,0,0.06,524,0,0
526,15,ключ,выкл интервенции при нуле резервов,(1·[524]) > 0 ? [505] : 0,,,0,505,1,524,0,0
527,11,Π/Π,степень удовлетв в дол на бирже,[520] / [521],0,520,0,521,,,0,0
528,11,Π/Π,степ удовлетв в рублях на бирже,[520] / [522],0,520,0,522,,,0,0
529,2,уставка·Σ,ширина коридора валютн курса,1·(1·1),1,529,,,1,const,0,1
530,2,уставка·Σ,доля продаж дол на бирже,60·(0.01·1),60,530,,,0.01,const,0,1
531,4,1/(Tp+1)·g,доля удовлетв в потребности дол импортеров товаров,"clip(1·(1·[554]), 0.02, 1)",1,0,1;0.02,0;0,1,554,506.105,0
532,1,Σ,,1·[510],,,,,1,510,0,0
533,1,Σ,,50·[511],,,,,50,511,0,0
534,10,Σ·[ref],желан сбросиь дол у населения,(0.5·[809])·[549],0,549,,,0.5,809,0,0
535,4,1/(Tp+1)·g,потребность в дол импортера товаров,"clip(1·(1·[4198]), 0.02, 1)",1,0,1;0.02,0;0,1,4198,135.11,0
536,4,1/(Tp+1)·g,потребность в дол импортера товаров,"clip(1·(1·[5198]), 0.02, 1)",1,0,1;0.02,0;0,1,5198,212.697,0
537,4,1/(Tp+1)·g,потребность в дол импортера товаров,"clip(1·(1·[11198]), 0.02, 1)",1,0,1;0.02,0;0,1,11198,158.297,0
538,12,Π/Σ,руб интервенц ЦБ,[513]·[591] / (0.01·[501]),0;0,513;591,,,0.01,501,0,0
539,1,Σ,руб интервенция ЦБ,1·[538] + 1·[590],,,,,1;1,538;590,0,0
540,2,уставка·Σ,курс дол заданный ЦБанком,25·(1·1),25,540,,,1,const,0,1
541,14,clip Σ,уменьш отнош руб/дол,"clip(-1·[502], 0, 10)",0,0,10,0,-1,502,0,0
542,4,1/(Tp+1)·g,предлож дол от всех экспортеров в нормативе ЦБ,"clip(0.8612·(1·[1170] + 1·[2170] + 1·[3170] + 1·[6170] + 1·[7170] + 1·[8170] + 1·[9170] + 1·[10170] + 1·[12170] + 1·[13170]), 0.02, 1)",0.8612,0,1;0.02,0;0,1;1;1;1;1;1;1;1;1;1,1170;2170;3170;6170;7170;8170;9170;10170;12170;13170,75.402,0
544,9,Π,рублевая выручка экспортеров,[501]·[542]·[528],0;0;0,501;542;528,,,,,0,0
545,17,1/(Tp+1),темп инфляции,"1/(Tp+1)(1·[210]), T=1.036, x0=0.01",0.01,0,1.036,0,1,210,0,0
546,13,Σ/Π,темп инфляции,(-1·[545] + 1·[210]) / [210],,,0,210,-1;1,545;210,0,0
547,14,clip Σ,увеличен  отношения  руб/дол,"clip(1·[502], 0, 10)",0,0,10,0,1,502,0,0
548,14,clip Σ,заинтересованность в покупке дол населения,"clip(-0.01·1 + 1·[553] + 1·[561], 0, 10)",0,0,10,0,-0.01;1;1,const;553;561,0,0
549,14,clip Σ,заинтересованность населения в сбросе дол на рубли,"clip(-0.01·1 + 1·[551] + -1·[562], 0, 10)",0,0,10,0,-0.01;1;-1,const;551;562,0,0
550,11,Π/Π,спрос на дол для импорта Фа,[560] / [501],0,560,0,501,,,0,0
551,11,Π/Π,,[541] / [501],0,541,0,501,,,0,0
552,17,1/(Tp+1),производная индекса розн цен,"1/(Tp+1)(1·[210]), T=1.53, x0=0.5",0.5,0,1.53,0,1,210,0,0
553,11,Π/Π,,[547] / [501],0,547,0,501,,,0,0
554,9,Π,покупка дол импортерами,[555]·[527],0;0,555;527,,,,,0,0
555,4,1/(Tp+1)·g,покупка дол импортерами,"clip(1·(1·[557]), 0.02, 1)",1,0,1;0.02,0;0,1,557,506.104,0
556,9,Π,продано дол населению,[808]·[527],0;0,808;527,,,,,0,0
557,14,clip Σ,сумма предложений рублей импортерами для покупки дол,"clip(1·[535] + 1·[536] + 1·[537], 0.01, 1e+08)",0.01,0,1e+08,0,1;1;1,535;536;537,0,0
558,11,Π/Π,спрос на дол импортеров,[557] / [501],0,557,0,501,,,0,0
559,1,Σ,сумма всех инвестиционных средств,1·[1065] + 1·[2065] + 1·[3065] + 1·[4065] + 1·[5065] + 1·[6065] + 1·[7065] + 1·[8065] + 1·[9065] + 1·[10065] + 1·[11065] + 1·[12065] + 1·[13065],,,,,1;1;1;1;1;1;1;1;1;1;1;1;1,1065;2065;3065;4065;5065;6065;7065;8065;9065;10065;11065;12065;13065,0,0
560,14,clip Σ,рублевый спрос на дол для импорта Фа,"clip(1·[1015] + 1·[2015] + 1·[3015] + 1·[4015] + 1·[5015] + 1·[6015] + 1·[7015] + 1·[8015] + 1·[9015] + 1·[10015] + 1·[11015] + 1·[12015] + 1·[13015], 0.01, 1e+07)",0.01,0,1e+07,0,1;1;1;1;1;1;1;1;1;1;1;1;1,1015;2015;3015;4015;5015;6015;7015;8015;9015;10015;11015;12015;13015,0,0
561,2,уставка·Σ,регулятор влияния темпа инфляц на поекпку дол,2·(1·[546]),2,561,,,1,546,0,1
562,2,уставка·Σ,регулятор влияния темпа инфляц на поекпку дол,2·(1·[546]),2,562,,,1,546,0,1
563,9,Π,реально получено дол на бирже,[527]·[944],0;0,527;944,,,,,0,0
564,9,Π,реально получ дол на бирже,[527]·[125],0;0,527;125,,,,,0,0
565,11,Π/Π,купленные дол для импорта с-х прод,[535]·[531] / [555],0;0,535;531,0,555,,,0,0
566,11,Π/Π,купл дол для импорта ТНП,[536]·[531] / [555],0;0,536;531,0,555,,,0,0
567,11,Π/Π,купл дол для импорта пищ прод,[537]·[531] / [555],0;0,537;531,0,555,,,0,0
568,10,Σ·[ref],коридор,(1·[540] + 1·[529])·[592],0,592,,,1;1,540;529,0,0
569,14,clip Σ,,"clip(1·[568] + -1·[501], 0.001, 1e+06)",0.001,0,1e+06,0,1;-1,568;501,0,0
570,11,Π/Π,коридор,[503] / [569],0,503,0,569,,,0,0
581,4,1/(Tp+1)·g,,"clip(1·(100·[807]), 0.1, 1)",1,0,1;0.1,0;0,100,807,0.1,0
584,1,Σ,,2·[420],,,,,2,420,0,0
585,1,Σ,,2·[558],,,,,2,558,0,0
586,1,Σ,,2·[550],,,,,2,550,0,0
587,9,Π,купленные минфином  на дол рубли для доходов бюджета,[528]·[122],0;0,528;122,,,,,0,0
588,10,Σ·[ref],коридор,(1·[540] + -1·[529])·[592],0,592,,,1;-1,540;529,0,0
589,14,clip Σ,коридор,"clip(1·[501] + -1·[588], 0.001, 1e+06)",0.001,0,1e+06,0,1;-1,501;588,0,0
590,11,Π/Π,коридор,[513] / [589],0,513,0,589,,,0,0
591,2,уставка·Σ,включ траектории,0·(0.1·1),0,591,,,0.1,const,0,1
592,2,уставка·Σ,включ коридора,1·(1·1),1,592,,,1,const,0,1
593,4,1/(Tp+1)·g,,"clip(1·(1·[548]), 0.1, 1)",1,0,1;0.1,0;0,1,548,0,0
594,4,1/(Tp+1)·g,,"clip(1·(0.1·[549]), 0.5, 1)",1,0,1;0.5,0;0,0.1,549,0,0
595,3,∫,интеграл дол интервенции ЦБ,"∫(1·[505]) dt, x0=1",1,0,,,1,505,0,0
596,3,∫,интеграл рубл интервенции ЦБ (в дол выражении),"∫(1·[515]) dt, x0=1",1,0,,,1,515,0.102304,0
601,1,Σ,накоплено рублей в соц группе,0.5·[1890],,,,,0.5,1890,0,0
602,14,clip Σ,ограничение в доли обмена руб на дол,"clip(1·[604] + -1·[605], 0, 10000)",0,0,10000,0,1;-1,604;605,0,0
603,9,Π,заинтересованность в покупке дол,[602]·[510],0;0,602;510,,,,,0,0
604,11,Π/Π,перевод обмениваемых рубл в дол величину и учет доли желательного обмена,[601]·[810] / [501],0;0,601;810,0,501,,,0,0
605,5,∫ с пределами,накоплено дол в соц группе,"∫(1·[606] + -1·[609]) dt, x0=1, pa1=0, hi=100000",1;0,0;0,100000,0,1;-1,606;609,0.0351,0
606,11,Π/Π,поток купленных дол,[556]·[603] / [808],0;0,556;603,0,808,,,0,0
607,7,min,поток проданных дол,"min([605], [608])",0;0,605;608,,,,,0,0
608,11,Π/Π,желательный поток продажи дол,[511]·[605] / [610],0;0,511;605,0,610,,,0,0
609,11,Π/Π,поток проданных дол,[607] / [807],0,607,0,807,,,0,0
610,14,clip Σ,рост продажи дол при уменьшении колич накопленных рублей,"clip(0.5·[601], 0.01, 1)",0.01,0,1,0,0.5,601,0,0
611,1,Σ,накоплено рублей в соц группе,0.5·[2890],,,,,0.5,2890,0,0
612,14,clip Σ,ограничение в доли обмена руб на дол,"clip(1·[614] + -1·[615], 0, 10000)",0,0,10000,0,1;-1,614;615,0,0
613,9,Π,заинтересованность в покупке дол,[612]·[510],0;0,612;510,,,,,0,0
614,11,Π/Π,перевод обмениваемых рубл в дол величину и учет доли желательного обмена,[611]·[810] / [501],0;0,611;810,0,501,,,0,0
615,5,∫ с пределами,накоплено дол в соц группе,"∫(1·[616] + -1·[619]) dt, x0=1, pa1=0, hi=100000",1;0,0;0,100000,0,1;-1,616;619,0.053,0
616,11,Π/Π,поток купленных дол,[556]·[613] / [808],0;0,556;613,0,808,,,0,0
617,7,min,поток проданных дол,"min([615], [618])",0;0,615;618,,,,,0,0
618,11,Π/Π,желательный поток продажи дол,[511]·[615] / [620],0;0,511;615,0,620,,,0,0
619,11,Π/Π,поток проданных дол,[617] / [807],0,617,0,807,,,0,0
620,14,clip Σ,рост продажи дол при уменьшении колич накопленных рублей,"clip(0.5·[611], 0.01, 1)",0.01,0,1,0,0.5,611,0,0
621,1,Σ,накоплено рублей в соц группе,0.5·[3890],,,,,0.5,3890,0,0
622,14,clip Σ,ограничение в доли обмена руб на дол,"clip(1·[624] + -1·[625], 0, 10000)",0,0,10000,0,1;-1,624;625,0,0
623,9,Π,заинтересованность в покупке дол,[622]·[510],0;0,622;510,,,,,0,0
624,11,Π/Π,перевод обмениваемых рубл в дол величину и учет доли желательного обмена,[621]·[810] / [501],0;0,621;810,0,501,,,0,0
625,5,∫ с пределами,накоплено дол в соц группе,"∫(1·[626] + -1·[629]) dt, x0=1, pa1=0, hi=100000",1;0,0;0,100000,0,1;-1,626;629,0.025,0
626,11,Π/Π,поток купленных дол,[556]·[623] / [808],0;0,556;623,0,808,,,0,0
627,7,min,поток проданных дол,"min([625], [628])",0;0,625;628,,,,,0,0
628,11,Π/Π,желательный поток продажи дол,[511]·[625] / [630],0;0,511;625,0,630,,,0,0
629,11,Π/Π,поток проданных дол,[627] / [807],0,627,0,807,,,0,0
630,14,clip Σ,рост продажи дол при уменьшении колич накопленных рублей,"clip(0.5·[621], 0.01, 1)",0.01,0,1,0,0.5,621,0,0
631,1,Σ,накоплено рублей в соц группе,0.5·[4890],,,,,0.5,4890,0,0
632,14,clip Σ,ограничение в доли обмена руб на дол,"clip(1·[634] + -1·[635], 0, 10000)",0,0,10000,0,1;-1,634;635,0,0
633,9,Π,заинтересованность в покупке дол,[632]·[510],0;0,632;510,,,,,0,0
634,11,Π/Π,перевод обмениваемых рубл в дол величину и учет доли желательного обмена,[631]·[810] / [501],0;0,631;810,0,501,,,0,0
635,5,∫ с пределами,накоплено дол в соц группе,"∫(1·[636] + -1·[639]) dt, x0=1, pa1=0, hi=100000",1;0,0;0,100000,0,1;-1,636;639,0.041,0
636,11,Π/Π,поток купленных дол,[556]·[633] / [808],0;0,556;633,0,808,,,0,0
637,7,min,поток проданных дол,"min([635], [638])",0;0,635;638,,,,,0,0
638,11,Π/Π,желательный поток продажи дол,[511]·[635] / [640],0;0,511;635,0,640,,,0,0
639,11,Π/Π,поток проданных дол,[637] / [807],0,637,0,807,,,0,0
640,14,clip Σ,рост продажи дол при уменьшении колич накопленных рублей,"clip(0.5·[631], 0.01, 1)",0.01,0,1,0,0.5,631,0,0
641,1,Σ,накоплено рублей в соц группе,0.5·[5890],,,,,0.5,5890,0,0
642,14,clip Σ,ограничение в доли обмена руб на дол,"clip(1·[644] + -1·[645], 0, 10000)",0,0,10000,0,1;-1,644;645,0,0
643,9,Π,заинтересованность в покупке дол,[642]·[510],0;0,642;510,,,,,0,0
644,11,Π/Π,перевод обмениваемых рубл в дол величину и учет доли желательного обмена,[641]·[810] / [501],0;0,641;810,0,501,,,0,0
645,5,∫ с пределами,накоплено дол в соц группе,"∫(1·[646] + -1·[649]) dt, x0=1, pa1=0, hi=100000",1;0,0;0,100000,0,1;-1,646;649,0.013,0
646,11,Π/Π,поток купленных дол,[556]·[643] / [808],0;0,556;643,0,808,,,0,0
647,7,min,поток проданных дол,"min([645], [648])",0;0,645;648,,,,,0,0
648,11,Π/Π,желательный поток продажи дол,[511]·[645] / [650],0;0,511;645,0,650,,,0,0
649,11,Π/Π,поток проданных дол,[647] / [807],0,647,0,807,,,0,0
650,14,clip Σ,рост продажи дол при уменьшении колич накопленных рублей,"clip(0.5·[641], 0.01, 1)",0.01,0,1,0,0.5,641,0,0
651,1,Σ,накоплено рублей в соц группе,0.5·[6890],,,,,0.5,6890,0,0
652,14,clip Σ,ограничение в доли обмена руб на дол,"clip(1·[654] + -1·[655], 0, 10000)",0,0,10000,0,1;-1,654;655,0,0
653,9,Π,заинтересованность в покупке дол,[652]·[510],0;0,652;510,,,,,0,0
654,11,Π/Π,перевод обмениваемых рубл в дол величину и учет доли желательного обмена,[651]·[810] / [501],0;0,651;810,0,501,,,0,0
655,5,∫ с пределами,накоплено дол в соц группе,"∫(1·[656] + -1·[659]) dt, x0=1, pa1=0, hi=100000",1;0,0;0,100000,0,1;-1,656;659,0.012,0
656,11,Π/Π,поток купленных дол,[556]·[653] / [808],0;0,556;653,0,808,,,0,0
657,7,min,поток проданных дол,"min([655], [658])",0;0,655;658,,,,,0,0
658,11,Π/Π,желательный поток продажи дол,[511]·[655] / [660],0;0,511;655,0,660,,,0,0
659,11,Π/Π,поток проданных дол,[657] / [807],0,657,0,807,,,0,0
660,14,clip Σ,рост продажи дол при уменьшении колич накопленных рублей,"clip(0.5·[651], 0.01, 1)",0.01,0,1,0,0.5,651,0,0
661,1,Σ,накоплено рублей в соц группе,0.5·[7890],,,,,0.5,7890,0,0
662,14,clip Σ,ограничение в доли обмена руб на дол,"clip(1·[664] + -1·[665], 0, 10000)",0,0,10000,0,1;-1,664;665,0,0
663,9,Π,заинтересованность в покупке дол,[662]·[510],0;0,662;510,,,,,0,0
664,11,Π/Π,перевод обмениваемых рубл в дол величину и учет доли желательного обмена,[661]·[810] / [501],0;0,661;810,0,501,,,0,0
665,5,∫ с пределами,накоплено дол в соц группе,"∫(1·[666] + -1·[669]) dt, x0=1, pa1=0, hi=100000",1;0,0;0,100000,0,1;-1,666;669,0.066,0
666,11,Π/Π,поток купленных дол,[556]·[663] / [808],0;0,556;663,0,808,,,0,0
667,7,min,поток проданных дол,"min([665], [668])",0;0,665;668,,,,,0,0
668,11,Π/Π,желательный поток продажи дол,[511]·[665] / [670],0;0,511;665,0,670,,,0,0
669,11,Π/Π,поток проданных дол,[667] / [807],0,667,0,807,,,0,0
670,14,clip Σ,рост продажи дол при уменьшении колич накопленных рублей,"clip(0.5·[661], 0.01, 1)",0.01,0,1,0,0.5,661,0,0
671,1,Σ,накоплено рублей в соц группе,0.5·[8890],,,,,0.5,8890,0,0
672,14,clip Σ,ограничение в доли обмена руб на дол,"clip(1·[674] + -1·[675], 0, 10000)",0,0,10000,0,1;-1,674;675,0,0
673,9,Π,заинтересованность в покупке дол,[672]·[510],0;0,672;510,,,,,0,0
674,11,Π/Π,перевод обмениваемых рубл в дол величину и учет доли желательного обмена,[671]·[810] / [501],0;0,671;810,0,501,,,0,0
675,5,∫ с пределами,накоплено дол в соц группе,"∫(1·[676] + -1·[679]) dt, x0=1, pa1=0, hi=100000",1;0,0;0,100000,0,1;-1,676;679,0.082,0
676,11,Π/Π,поток купленных дол,[556]·[673] / [808],0;0,556;673,0,808,,,0,0
677,7,min,поток проданных дол,"min([675], [678])",0;0,675;678,,,,,0,0
678,11,Π/Π,желательный поток продажи дол,[511]·[675] / [680],0;0,511;675,0,680,,,0,0
679,11,Π/Π,поток проданных дол,[677] / [807],0,677,0,807,,,0,0
680,14,clip Σ,рост продажи дол при уменьшении колич накопленных рублей,"clip(0.5·[671], 0.01, 1)",0.01,0,1,0,0.5,671,0,0
681,1,Σ,накоплено рублей в соц группе,0.5·[9890],,,,,0.5,9890,0,0
682,14,clip Σ,ограничение в доли обмена руб на дол,"clip(1·[684] + -1·[685], 0, 10000)",0,0,10000,0,1;-1,684;685,0,0
683,9,Π,заинтересованность в покупке дол,[682]·[510],0;0,682;510,,,,,0,0
684,11,Π/Π,перевод обмениваемых рубл в дол величину и учет доли желательного обмена,[681]·[810] / [501],0;0,681;810,0,501,,,0,0
685,5,∫ с пределами,накоплено дол в соц группе,"∫(1·[686] + -1·[689]) dt, x0=1, pa1=0, hi=100000",1;0,0;0,100000,0,1;-1,686;689,0.048,0
686,11,Π/Π,поток купленных дол,[556]·[683] / [808],0;0,556;683,0,808,,,0,0
687,7,min,поток проданных дол,"min([685], [688])",0;0,685;688,,,,,0,0
688,11,Π/Π,желательный поток продажи дол,[511]·[685] / [690],0;0,511;685,0,690,,,0,0
689,11,Π/Π,поток проданных дол,[687] / [807],0,687,0,807,,,0,0
690,14,clip Σ,рост продажи дол при уменьшении колич накопленных рублей,"clip(0.5·[681], 0.01, 1)",0.01,0,1,0,0.5,681,0,0
691,1,Σ,накоплено рублей в соц группе,0.5·[10890],,,,,0.5,10890,0,0
692,14,clip Σ,ограничение в доли обмена руб на дол,"clip(1·[694] + -1·[695], 0, 10000)",0,0,10000,0,1;-1,694;695,0,0
693,9,Π,заинтересованность в покупке дол,[692]·[510],0;0,692;510,,,,,0,0
694,11,Π/Π,перевод обмениваемых рубл в дол величину и учет доли желательного обмена,[691]·[810] / [501],0;0,691;810,0,501,,,0,0
695,5,∫ с пределами,накоплено дол в соц группе,"∫(1·[696] + -1·[699]) dt, x0=1, pa1=0, hi=100000",1;0,0;0,100000,0,1;-1,696;699,0.067088,0
696,11,Π/Π,поток купленных дол,[556]·[693] / [808],0;0,556;693,0,808,,,0,0
697,7,min,поток проданных дол,"min([695], [698])",0;0,695;698,,,,,0,0
698,11,Π/Π,желательный поток продажи дол,[511]·[695] / [700],0;0,511;695,0,700,,,0,0
699,11,Π/Π,поток проданных дол,[697] / [807],0,697,0,807,,,0,0
700,14,clip Σ,рост продажи дол при уменьшении колич накопленных рублей,"clip(0.5·[691], 0.01, 1)",0.01,0,1,0,0.5,691,0,0
701,1,Σ,накоплено рублей в соц группе,0.5·[11890],,,,,0.5,11890,0,0
702,14,clip Σ,ограничение в доли обмена руб на дол,"clip(1·[704] + -1·[705], 0, 10000)",0,0,10000,0,1;-1,704;705,0,0
703,9,Π,заинтересованность в покупке дол,[702]·[510],0;0,702;510,,,,,0,0
704,11,Π/Π,перевод обмениваемых рубл в дол величину и учет доли желательного обмена,[701]·[810] / [501],0;0,701;810,0,501,,,0,0
705,5,∫ с пределами,накоплено дол в соц группе,"∫(1·[706] + -1·[709]) dt, x0=1, pa1=0, hi=100000",1;0,0;0,100000,0,1;-1,706;709,0.011,0
706,11,Π/Π,поток купленных дол,[556]·[703] / [808],0;0,556;703,0,808,,,0,0
707,7,min,поток проданных дол,"min([705], [708])",0;0,705;708,,,,,0,0
708,11,Π/Π,желательный поток продажи дол,[511]·[705] / [710],0;0,511;705,0,710,,,0,0
709,11,Π/Π,поток проданных дол,[707] / [807],0,707,0,807,,,0,0
710,14,clip Σ,рост продажи дол при уменьшении колич накопленных рублей,"clip(0.5·[701], 0.01, 1)",0.01,0,1,0,0.5,701,0,0
711,1,Σ,накоплено рублей в соц группе,0.5·[12890],,,,,0.5,12890,0,0
712,14,clip Σ,ограничение в доли обмена руб на дол,"clip(1·[714] + -1·[715], 0, 10000)",0,0,10000,0,1;-1,714;715,0,0
713,9,Π,заинтересованность в покупке дол,[712]·[510],0;0,712;510,,,,,0,0
714,11,Π/Π,перевод обмениваемых рубл в дол величину и учет доли желательного обмена,[711]·[810] / [501],0;0,711;810,0,501,,,0,0
715,5,∫ с пределами,накоплено дол в соц группе,"∫(1·[716] + -1·[719]) dt, x0=1, pa1=0, hi=100000",1;0,0;0,100000,0,1;-1,716;719,0.037,0
716,11,Π/Π,поток купленных дол,[556]·[713] / [808],0;0,556;713,0,808,,,0,0
717,7,min,поток проданных дол,"min([715], [718])",0;0,715;718,,,,,0,0
718,11,Π/Π,желательный поток продажи дол,[511]·[715] / [720],0;0,511;715,0,720,,,0,0
719,11,Π/Π,поток проданных дол,[717] / [807],0,717,0,807,,,0,0
720,14,clip Σ,рост продажи дол при уменьшении колич накопленных рублей,"clip(0.5·[711], 0.01, 1)",0.01,0,1,0,0.5,711,0,0
721,1,Σ,накоплено рублей в соц группе,0.5·[13890],,,,,0.5,13890,0,0
722,14,clip Σ,ограничение в доли обмена руб на дол,"clip(1·[724] + -1·[725], 0, 10000)",0,0,10000,0,1;-1,724;725,0,0
723,9,Π,заинтересованность в покупке дол,[722]·[510],0;0,722;510,,,,,0,0
724,11,Π/Π,перевод обмениваемых рубл в дол величину и учет доли желательного обмена,[721]·[810] / [501],0;0,721;810,0,501,,,0,0
725,5,∫ с пределами,накоплено дол в соц группе,"∫(1·[726] + -1·[729]) dt, x0=1, pa1=0, hi=100000",1;0,0;0,100000,0,1;-1,726;729,0.00410002,0
726,11,Π/Π,поток купленных дол,[556]·[723] / [808],0;0,556;723,0,808,,,0,0
727,7,min,поток проданных дол,"min([725], [728])",0;0,725;728,,,,,0,0
728,11,Π/Π,желательный поток продажи дол,[511]·[725] / [730],0;0,511;725,0,730,,,0,0
729,11,Π/Π,поток проданных дол,[727] / [807],0,727,0,807,,,0,0
730,14,clip Σ,рост продажи дол при уменьшении колич накопленных рублей,"clip(0.5·[721], 0.01, 1)",0.01,0,1,0,0.5,721,0,0
731,1,Σ,накоплено рублей в соц группе,0.5·[15190],,,,,0.5,15190,0,0
732,14,clip Σ,ограничение в доли обмена руб на дол,"clip(1·[734] + -1·[735], 0, 10000)",0,0,10000,0,1;-1,734;735,0,0
733,9,Π,заинтересованность в покупке дол,[732]·[510],0;0,732;510,,,,,0,0
734,11,Π/Π,перевод обмениваемых рубл в дол величину и учет доли желательного обмена,[731]·[810] / [501],0;0,731;810,0,501,,,0,0
735,5,∫ с пределами,накоплено дол в соц группе,"∫(1·[736] + -1·[739]) dt, x0=1, pa1=0, hi=100000",1;0,0;0,100000,0,1;-1,736;739,0.0095,0
736,11,Π/Π,поток купленных дол,[556]·[733] / [808],0;0,556;733,0,808,,,0,0
737,7,min,поток проданных дол,"min([735], [738])",0;0,735;738,,,,,0,0
738,11,Π/Π,желательный поток продажи дол,[511]·[735] / [740],0;0,511;735,0,740,,,0,0
739,11,Π/Π,поток проданных дол,[737] / [807],0,737,0,807,,,0,0
740,14,clip Σ,рост продажи дол при уменьшении колич накопленных рублей,"clip(0.5·[731], 0.01, 1)",0.01,0,1,0,0.5,731,0,0
741,1,Σ,накоплено рублей в соц группе,0.5·[15290],,,,,0.5,15290,0,0
742,14,clip Σ,ограничение в доли обмена руб на дол,"clip(1·[744] + -1·[745], 0, 10000)",0,0,10000,0,1;-1,744;745,0,0
743,9,Π,заинтересованность в покупке дол,[742]·[510],0;0,742;510,,,,,0,0
744,11,Π/Π,перевод обмениваемых рубл в дол величину и учет доли желательного обмена,[741]·[810] / [501],0;0,741;810,0,501,,,0,0
745,5,∫ с пределами,накоплено дол в соц группе,"∫(1·[746] + -1·[749]) dt, x0=1, pa1=0, hi=100000",1;0,0;0,100000,0,1;-1,746;749,0.0400001,0
746,11,Π/Π,поток купленных дол,[556]·[743] / [808],0;0,556;743,0,808,,,0,0
747,7,min,поток проданных дол,"min([745], [748])",0;0,745;748,,,,,0,0
748,11,Π/Π,желательный поток продажи дол,[511]·[745] / [750],0;0,511;745,0,750,,,0,0
749,11,Π/Π,поток проданных дол,[747] / [807],0,747,0,807,,,0,0
750,14,clip Σ,рост продажи дол при уменьшении колич накопленных рублей,"clip(0.5·[741], 0.01, 1)",0.01,0,1,0,0.5,741,0,0
751,1,Σ,накоплено рублей в соц группе,0.5·[15390],,,,,0.5,15390,0,0
752,14,clip Σ,ограничение в доли обмена руб на дол,"clip(1·[754] + -1·[755], 0, 10000)",0,0,10000,0,1;-1,754;755,0,0
753,9,Π,заинтересованность в покупке дол,[752]·[510],0;0,752;510,,,,,0,0
754,11,Π/Π,перевод обмениваемых рубл в дол величину и учет доли желательного обмена,[751]·[810] / [501],0;0,751;810,0,501,,,0,0
755,5,∫ с пределами,н6коплено дол в соц группе,"∫(1·[756] + -1·[759]) dt, x0=1, pa1=0, hi=100000",1;0,0;0,100000,0,1;-1,756;759,0.03,0
756,11,Π/Π,поток купленных дол,[556]·[753] / [808],0;0,556;753,0,808,,,0,0
757,7,min,поток проданных дол,"min([755], [758])",0;0,755;758,,,,,0,0
758,11,Π/Π,желательный поток продажи дол,[511]·[755] / [760],0;0,511;755,0,760,,,0,0
759,11,Π/Π,поток проданных дол,[757] / [807],0,757,0,807,,,0,0
760,14,clip Σ,рост продажи дол при уменьшении колич накопленных рублей,"clip(0.5·[751], 0.01, 1)",0.01,0,1,0,0.5,751,0,0
761,1,Σ,накоплено рублей в соц группе,0.5·[15490],,,,,0.5,15490,0,0
762,14,clip Σ,ограничение в доли обмена руб на дол,"clip(1·[764] + -1·[765], 0, 10000)",0,0,10000,0,1;-1,764;765,0,0
763,9,Π,заинтересованность в покупке дол,[762]·[510],0;0,762;510,,,,,0,0
764,11,Π/Π,перевод обмениваемых рубл в дол величину и учет доли желательного обмена,[761]·[810] / [501],0;0,761;810,0,501,,,0,0
765,5,∫ с пределами,накоплено дол в соц группе,"∫(1·[766] + -1·[769]) dt, x0=1, pa1=0, hi=100000",1;0,0;0,100000,0,1;-1,766;769,0.0200005,0
766,11,Π/Π,поток купленных дол,[556]·[763] / [808],0;0,556;763,0,808,,,0,0
767,7,min,поток проданных дол,"min([765], [768])",0;0,765;768,,,,,0,0
768,11,Π/Π,желательный поток продажи дол,[511]·[765] / [770],0;0,511;765,0,770,,,0,0
769,11,Π/Π,поток проданных дол,[767] / [807],0,767,0,807,,,0,0
770,14,clip Σ,рост продажи дол при уменьшении колич накопленных рублей,"clip(0.5·[761], 0.01, 1)",0.01,0,1,0,0.5,761,0,0
771,1,Σ,накоплено рублей в соц группе,0.5·[15590],,,,,0.5,15590,0,0
772,14,clip Σ,ограничение в доли обмена руб на дол,"clip(1·[774] + -1·[775], 0, 10000)",0,0,10000,0,1;-1,774;775,0,0
773,9,Π,заинтересованность в покупке дол,[772]·[510],0;0,772;510,,,,,0,0
774,11,Π/Π,перевод обмениваемых рубл в дол величину и учет доли желательного обмена,[771]·[810] / [501],0;0,771;810,0,501,,,0,0
775,5,∫ с пределами,накоплено дол в соц группе,"∫(1·[776] + -1·[779]) dt, x0=1, pa1=0, hi=100000",1;0,0;0,100000,0,1;-1,776;779,0.24,0
776,11,Π/Π,поток купленных дол,[556]·[773] / [808],0;0,556;773,0,808,,,0,0
777,7,min,поток проданных дол,"min([775], [778])",0;0,775;778,,,,,0,0
778,11,Π/Π,желательный поток продажи дол,[511]·[775] / [780],0;0,511;775,0,780,,,0,0
779,11,Π/Π,поток проданных дол,[777] / [807],0,777,0,807,,,0,0
780,14,clip Σ,рост продажи дол при уменьшении колич накопленных рублей,"clip(0.5·[771], 0.01, 1)",0.01,0,1,0,0.5,771,0,0
781,13,Σ/Π,количество закупленного импортного Фа,(100·[1175]) / [501]·[421],,,0;0,501;421,100,1175,0,0
782,13,Σ/Π,количество закупленного импортного Фа,(100·[2175]) / [501]·[422],,,0;0,501;422,100,2175,0,0
783,13,Σ/Π,количество закупленного импортного Фа,(100·[3175]) / [501]·[423],,,0;0,501;423,100,3175,0,0
784,13,Σ/Π,5015чество закупленного импортного Фа,(100·[4181]) / [501]·[424],,,0;0,501;424,100,4181,0,0
785,13,Σ/Π,количество закупленного импортного Фа,(100·[5181]) / [501]·[425],,,0;0,501;425,100,5181,0,0
786,13,Σ/Π,количество закупленного импортного Фа,(100·[6175]) / [501]·[426],,,0;0,501;426,100,6175,0,0
787,13,Σ/Π,количество закупленного импортного Фа,(100·[7175]) / [501]·[427],,,0;0,501;427,100,7175,0,0
788,13,Σ/Π,количество закупленного импортного Фа,(100·[8175]) / [501]·[428],,,0;0,501;428,100,8175,0,0
789,13,Σ/Π,количество закупленного импортного Фа,(100·[9175]) / [501]·[429],,,0;0,501;429,100,9175,0,0
790,13,Σ/Π,количество закупленного импортного Фа,(100·[10175]) / [501]·[430],,,0;0,501;430,100,10175,0,0
791,13,Σ/Π,количество закупленного импортного Фа,(100·[11181]) / [501]·[431],,,0;0,501;431,100,11181,0,0
792,13,Σ/Π,количество закупленного импортного Фа,(100·[12175]) / [501]·[432],,,0;0,501;432,100,12175,0,0
793,13,Σ/Π,количество закупленного импортного Фа,(100·[13175]) / [501]·[433],,,0;0,501;433,100,13175,0,0
801,2,уставка·Σ,натур спрос насел на продукц сектора,0.07326·(1·[969]),0.07326,0,,,1,969,0,0
802,2,уставка·Σ,натур спрос насел на продукц сектора,0.1831·(1·[969]),0.1831,0,,,1,969,0,0
803,2,уставка·Σ,натур спрос насел на продукц сектора,0.07326·(1·[969]),0.07326,0,,,1,969,0,0
804,2,уставка·Σ,натур спрос насел на продукц сектора,0.3663·(1·[969]),0.3663,0,,,1,969,0,0
805,2,уставка·Σ,натур спрос насел на продукц сектора,0.7326·(1·[969]),0.7326,0,,,1,969,0,0
806,2,уставка·Σ,натур спрос насел на продукц сектора,0.1831·(1·[969]),0.1831,0,,,1,969,0,0
807,14,clip Σ,сумма желаний продать дол,"clip(1·[607] + 1·[617] + 1·[627] + 1·[637] + 1·[647] + 1·[657] + 1·[667] + 1·[677] + 1·[687] + 1·[697] + 1·[707] + 1·[717] + 1·[727] + 1·[737] + 1·[747] + 1·[757] + 1·[767] + 1·[777] + 1·[1607] + 1·[1617] + 1·[1627], 0.001, 1e+08)",0.001,0,1e+08,0,1;1;1;1;1;1;1;1;1;1;1;1;1;1;1;1;1;1;1;1;1,607;617;627;637;647;657;667;677;687;697;707;717;727;737;747;757;767;777;1607;1617;1627,0,0
808,14,clip Σ,сумма желаний купить дол,"clip(1·[603] + 1·[613] + 1·[623] + 1·[633] + 1·[643] + 1·[653] + 1·[663] + 1·[673] + 1·[683] + 1·[693] + 1·[703] + 1·[713] + 1·[723] + 1·[733] + 1·[743] + 1·[753] + 1·[763] + 1·[773] + 1·[1603] + 1·[1613] + 1·[1623], 0.001, 1e+08)",0.001,0,1e+08,0,1;1;1;1;1;1;1;1;1;1;1;1;1;1;1;1;1;1;1;1;1,603;613;623;633;643;653;663;673;683;693;703;713;723;733;743;753;763;773;1603;1613;1623,0,0
809,2,уставка·Σ,суммарное накопление дол населением,1·(1·[605] + 1·[615] + 1·[625] + 1·[635] + 1·[645] + 1·[655] + 1·[665] + 1·[675] + 1·[685] + 1·[695] + 1·[705] + 1·[715] + 1·[725] + 1·[735] + 1·[745] + 1·[755] + 1·[765] + 1·[775] + 1·[1605] + 1·[1615] + 1·[1625]),1,0,,,1;1;1;1;1;1;1;1;1;1;1;1;1;1;1;1;1;1;1;1;1,605;615;625;635;645;655;665;675;685;695;705;715;725;735;745;755;765;775;1605;1615;1625,0,0
810,2,уставка·Σ,доля перевода накопл рубл в дол,0.5·(1·1),0.5,810,,,1,const,0,1
811,11,Π/Π,колич импортн Фа за ИНВАЛЮТН НАКОПЛЕНИЯ,[1199] / [421],0,1199,0,421,,,0,0
812,11,Π/Π,колич импортн Фа за ИНВАЛЮТН НАКОПЛЕНИЯ,[2199] / [422],0,2199,0,422,,,0,0
813,11,Π/Π,колич импортн Фа за ИНВАЛЮТН НАКОПЛЕНИЯ,[3199] / [423],0,3199,0,423,,,0,0
814,1,Σ,поток купленной инвалюты населением,1·[606] + 1·[616] + 1·[626] + 1·[636] + 1·[646] + 1·[656] + 1·[666] + 1·[676] + 1·[686] + 1·[696] + 1·[706] + 1·[716] + 1·[726] + 1·[736] + 1·[746] + 1·[756] + 1·[766] + 1·[776] + 1·[1606] + 1·[1616] + 1·[1626],,,,,1;1;1;1;1;1;1;1;1;1;1;1;1;1;1;1;1;1;1;1;1,606;616;626;636;646;656;666;676;686;696;706;716;726;736;746;756;766;776;1606;1616;1626,0,0
816,11,Π/Π,колич импортн Фа за ИНВАЛЮТН НАКОПЛЕНИЯ,[6199] / [426],0,6199,0,426,,,0,0
817,11,Π/Π,колич импортн Фа за ИНВАЛЮТН НАКОПЛЕНИЯ,[7199] / [427],0,7199,0,427,,,0,0
818,11,Π/Π,колич импортн Фа за ИНВАЛЮТН НАКОПЛЕНИЯ,[8199] / [428],0,8199,0,428,,,0,0
819,11,Π/Π,колич импортн Фа за ИНВАЛЮТН НАКОПЛЕНИЯ,[9199] / [429],0,9199,0,429,,,0,0
820,11,Π/Π,колич импортн Фа за ИНВАЛЮТН НАКОПЛЕНИЯ,[10199] / [430],0,10199,0,430,,,0,0
821,1,Σ,всего импортн Фа количество,1·[811] + 1·[781],,,,,1;1,811;781,0,0
822,1,Σ,всего импортн Фа количество,1·[812] + 1·[782],,,,,1;1,812;782,0,0
823,1,Σ,всего импортн Фа количество,1·[813] + 1·[783],,,,,1;1,813;783,0,0
824,1,Σ,,1·[786] + 1·[816],,,,,1;1,786;816,0,0
825,1,Σ,,1·[787] + 1·[817],,,,,1;1,787;817,0,0
826,1,Σ,всего импортн Фа количество,1·[818] + 1·[788],,,,,1;1,818;788,0,0
827,1,Σ,всего импортн Фа количество,1·[819] + 1·[789],,,,,1;1,819;789,0,0
828,1,Σ,всего импортн Фа количество,1·[820] + 1·[790],,,,,1;1,820;790,0,0
829,1,Σ,всего импортн Фа количество,1·[819] + 1·[789],,,,,1;1,819;789,0,0
830,1,Σ,всего импортн Фа количество,1·[820] + 1·[790],,,,,1;1,820;790,0,0
832,11,Π/Π,колич импортн Фа за ИНВАЛЮТН НАКОПЛЕНИЯ,[12199] / [432],0,12199,0,432,,,0,0
833,11,Π/Π,колич импортн Фа за ИНВАЛЮТН НАКОПЛЕНИЯ,[13199] / [433],0,13199,0,433,,,0,0
842,1,Σ,всего импортн Фа количество,1·[832] + 1·[792],,,,,1;1,832;792,0,0
843,1,Σ,всего импортн Фа количество,1·[833] + 1·[793],,,,,1;1,833;793,0,0
851,13,Σ/Π,заказ бюджета натурального количества проч продукц,(1·[853]) / [16111],,,0,16111,1,853,0,0
853,1,Σ,сумма платежей в статью расходов бюджета= план расходов  +  доля профицита,1·[936] + 1·[854],,,,,1;1,936;854,0,0
854,9,Π,возможность бюджета оплатить культуру,[48]·[317],0;0,48;317,,,,,0,0
855,2,уставка·Σ,расходы бюджета на  культуру,56.5·(1·1),56.5,855,,,1,const,0,1
861,13,Σ/Π,заказ бюджета натурального количества проч продукц,(1·[863] + 0.5·[38]) / [16211],,,0,16211,1;0.5,863;38,0,0
863,1,Σ,сумма платежей в статью расходов бюджета= план расходов  +  доля профицита,1·[938] + 1·[864],,,,,1;1,938;864,0,0
864,9,Π,возможность бюджета оплатить медицину,[48]·[346],0;0,48;346,,,,,0,0
865,2,уставка·Σ,расходы бюджета на  медицину,82·(1·1),82,865,,,1,const,0,1
870,4,1/(Tp+1)·g,,"clip(1·(1·[902] + 1·[904] + 1·[906] + 1·[908] + 1·[910] + 1·[912] + 1·[914] + 1·[916] + 1·[918] + 1·[920] + 1·[922] + 1·[924] + 1·[926] + 1·[928] + 1·[930] + 1·[932] + 1·[934] + 1·[936] + 1·[938] + 1·[940] + 1·[942] + 1·[944]), 0.02, 1)",1,0,1;0.02,0;0,1;1;1;1;1;1;1;1;1;1;1;1;1;1;1;1;1;1;1;1;1;1,902;904;906;908;910;912;914;916;918;920;922;924;926;928;930;932;934;936;938;940;942;944,0,0
871,13,Σ/Π,заказ бюджета натурального количества проч продукц,(1·[873]) / [16311],,,0,16311,1,873,0,0
873,1,Σ,сумма платежей в статью расходов бюджета= план расходов  +  доля профицита,1·[940] + 1·[874],,,,,1;1,940;874,0,0
874,9,Π,возможность бюджета оплатить науку,[48]·[347],0;0,48;347,,,,,0,0
875,2,уставка·Σ,расходы бюджета на  науку,123·(1·1),123,875,,,1,const,0,1
878,2,уставка·Σ,эффективность расходов на науку для научного потенциала,1·(0.01·[871]),1,878,,,0.01,871,0,1
879,4,1/(Tp+1)·g,темп запаздывания в развитии науки,"clip(1·(0.08142·[878]), 3, 1)",1,0,1;3,0;0,0.08142,878,0.0999234,0
880,5,∫ с пределами,научный потенциал,"∫(0.5·[879] + -0.05·[880]) dt, x0=1, pa1=0, hi=100000",1;0,0;0,100000,0,0.5;-0.05,879;880,0.999927,0
881,13,Σ/Π,заказ бюджета натурального количества проч продукц,(1·[883]) / [16411],,,0,16411,1,883,0,0
883,1,Σ,сумма платежей в статью расходов бюджета= план расходов  +  доля профицита,1·[942] + 1·[884],,,,,1;1,942;884,0,0
884,9,Π,возможность бюджета оплатить образование,[48]·[348],0;0,48;348,,,,,0,0
885,2,уставка·Σ,расходы бюджета на  образование,164·(1·1),164,885,,,1,const,0,1
888,2,уставка·Σ,эффективность расходов на образование для идекса образования,2·(0.02·[881]),2,888,,,0.02,881,0,1
889,4,1/(Tp+1)·g,темп запаздывания в развитии науки,"clip(1·(0.03052·[888]), 5, 1)",1,0,1;5,0;0,0.03052,888,0.0999241,0
890,5,∫ с пределами,образовательный потенциал,"∫(0.5·[889] + -0.05·[890]) dt, x0=1, pa1=0, hi=100000",1;0,0;0,100000,0,0.5;-0.05,889;890,0.999932,0
891,5,∫ с пределами,уровень культурного обеспечения,"∫(0.00177·[853] + -0.1·[891]) dt, x0=0.1, pa1=0, hi=100000",0.1;0,0;0,100000,0,0.00177;-0.1,853;891,0.999919,0
892,2,уставка·Σ,влияние уровня кульгурного обеспечения на качество жизни всего населения,1·(0.00177·[853] + 0.9·[891]),1,0,,,0.00177;0.9,853;891,0,0
893,2,уставка·Σ,влиян уровня медиц обслуж на демограф изменения,1·(0.99·[894] + 0.00055·[863]),1,0,,,0.99;0.00055,894;863,0,0
894,5,∫ с пределами,постоянная составляющая медиц потенц,"∫(0.001221·[863] + -0.1·[894]) dt, x0=0.2, pa1=0, hi=1000",0.2;0,0;0,1000,0,0.001221;-0.1,863;894,0.999912,0
896,2,уставка·Σ,,1·(1.25·[897]),1,896,,,1.25,897,0,1
897,9,Π,,[3039]·[3110]·[3136],0;0;0,3039;3110;3136,,,,,0,0
898,2,уставка·Σ,,1·(2.764·[899]),1,898,,,2.764,899,0,1
899,9,Π,,[10039]·[10110]·[10136],0;0;0,10039;10110;10136,,,,,0,0
900,14,clip Σ,сумма степеней важности распределения профицита бюджета,"clip(1·[901] + 1·[903] + 1·[905] + 1·[907] + 1·[909] + 1·[911] + 1·[913] + 1·[915] + 1·[917] + 1·[919] + 1·[921] + 1·[923] + 1·[925] + 1·[927] + 1·[929] + 1·[931] + 1·[933] + 1·[935] + 1·[937] + 1·[939] + 1·[941] + 1·[943] + 1·[945], 0.0001, 1e+08)",0.0001,0,1e+08,0,1;1;1;1;1;1;1;1;1;1;1;1;1;1;1;1;1;1;1;1;1;1;1,901;903;905;907;909;911;913;915;917;919;921;923;925;927;929;931;933;935;937;939;941;943;945,0,0
901,2,уставка·Σ,степень важности испольэования профицита для данной статьи  финансирования расх,0·(1·1),0,901,,,1,const,0,1
902,11,Π/Π,поток финансироаания из профицита данной статьи расходов бюджета,[50]·[901] / [900],0;0,50;901,0,900,,,0,0
903,2,уставка·Σ,степень важности испольэования профицита для данной статьи  финансирования расх,0·(1·1),0,903,,,1,const,0,1
904,11,Π/Π,поток финансироаания из профицита данной статьи расходов бюджета,[50]·[903] / [900],0;0,50;903,0,900,,,0,0
905,2,уставка·Σ,степень важности испольэования профицита для данной статьи  финансирования расх,0·(1·1),0,905,,,1,const,0,1
906,11,Π/Π,поток финансироаания из профицита данной статьи расходов бюджета,[50]·[905] / [900],0;0,50;905,0,900,,,0,0
907,2,уставка·Σ,степень важности испольэования профицита для данной статьи  финансирования расх,0·(1·1),0,907,,,1,const,0,1
908,11,Π/Π,поток финансироаания из профицита данной статьи расходов бюджета,[50]·[907] / [900],0;0,50;907,0,900,,,0,0
909,2,уставка·Σ,степень важности испольэования профицита для данной статьи  финансирования расх,0·(1·1),0,909,,,1,const,0,1
910,11,Π/Π,поток финансироаания из профицита данной статьи расходов бюджета,[50]·[909] / [900],0;0,50;909,0,900,,,0,0
911,2,уставка·Σ,степень важности испольэования профицита для данной статьи  финансирования расх,0·(1·1),0,911,,,1,const,0,1
912,11,Π/Π,поток финансироаания из профицита данной статьи расходов бюджета,[50]·[911] / [900],0;0,50;911,0,900,,,0,0
913,2,уставка·Σ,степень важности испольэования профицита для данной статьи  финансирования расх,0·(1·1),0,913,,,1,const,0,1
914,11,Π/Π,поток финансироаания из профицита данной статьи расходов бюджета,[50]·[913] / [900],0;0,50;913,0,900,,,0,0
915,2,уставка·Σ,степень важности испольэования профицита для данной статьи  финансирования расх,0·(1·1),0,915,,,1,const,0,1
916,11,Π/Π,поток финансироаания из профицита данной статьи расходов бюджета,[50]·[915] / [900],0;0,50;915,0,900,,,0,0
917,2,уставка·Σ,степень важности испольэования профицита для данной статьи  финансирования расх,0·(1·1),0,917,,,1,const,0,1
918,11,Π/Π,поток финансироаания из профицита данной статьи расходов бюджета,[50]·[917] / [900],0;0,50;917,0,900,,,0,0
919,2,уставка·Σ,степень важности испольэования профицита для данной статьи  финансирования расх,0·(1·1),0,919,,,1,const,0,1
920,11,Π/Π,поток финансироаания из профицита данной статьи расходов бюджета,[50]·[919] / [900],0;0,50;919,0,900,,,0,0
921,2,уставка·Σ,степень важности испольэования профицита для данной статьи  финансирования расх,0·(1·1),0,921,,,1,const,0,1
922,11,Π/Π,поток финансироаания из профицита данной статьи расходов бюджета,[50]·[921] / [900],0;0,50;921,0,900,,,0,0
923,2,уставка·Σ,степень важности испольэования профицита для данной статьи  финансирования расх,0·(1·1),0,923,,,1,const,0,1
924,11,Π/Π,поток финансироаания из профицита данной статьи расходов бюджета,[50]·[923] / [900],0;0,50;923,0,900,,,0,0
925,2,уставка·Σ,степень важности испольэования профицита для данной статьи  финансирования расх,0·(1·1),0,925,,,1,const,0,1
926,11,Π/Π,поток финансироаания из профицита данной статьи расходов бюджета,[50]·[925] / [900],0;0,50;925,0,900,,,0,0
927,2,уставка·Σ,степень важности испольэования профицита для данной статьи  финансирования расх,0·(1·1),0,927,,,1,const,0,1
928,11,Π/Π,поток финансироаания из профицита данной статьи расходов бюджета,[50]·[927] / [900],0;0,50;927,0,900,,,0,0
929,2,уставка·Σ,степень важности испольэования профицита для данной статьи  финансирования расх,0·(1·1),0,929,,,1,const,0,1
930,11,Π/Π,поток финансироаания из профицита данной статьи расходов бюджета,[50]·[929] / [900],0;0,50;929,0,900,,,0,0
931,2,уставка·Σ,степень важности испольэования профицита для данной статьи  финансирования расх,0·(1·1),0,931,,,1,const,0,1
932,11,Π/Π,поток финансироаания из профицита данной статьи расходов бюджета,[50]·[931] / [900],0;0,50;931,0,900,,,0,0
933,2,уставка·Σ,степень важности испольэования профицита для данной статьи  финансирования расх,0·(1·1),0,933,,,1,const,0,1
934,11,Π/Π,поток финансироаания из профицита данной статьи расходов бюджета,[50]·[933] / [900],0;0,50;933,0,900,,,0,0
935,2,уставка·Σ,степень важности испольэования профицита для данной статьи  финансирования расх,0·(1·1),0,935,,,1,const,0,1
936,11,Π/Π,поток финансироаания из профицита данной статьи расходов бюджета,[50]·[935] / [900],0;0,50;935,0,900,,,0,0
937,2,уставка·Σ,степень важности испольэования профицита для данной статьи  финансирования расх,0·(1·1),0,937,,,1,const,0,1
938,11,Π/Π,поток финансироаания из профицита данной статьи расходов бюджета,[50]·[937] / [900],0;0,50;937,0,900,,,0,0
939,2,уставка·Σ,степень важности испольэования профицита для данной статьи  финансирования расх,0·(1·1),0,939,,,1,const,0,1
940,11,Π/Π,поток финансироаания из профицита данной статьи расходов бюджета,[50]·[939] / [900],0;0,50;939,0,900,,,0,0
941,2,уставка·Σ,степень важности испольэования профицита для данной статьи  финансирования расх,0·(1·1),0,941,,,1,const,0,1
942,11,Π/Π,поток финансироаания из профицита данной статьи расходов бюджета,[50]·[941] / [900],0;0,50;941,0,900,,,0,0
943,2,уставка·Σ,степень важности испольэования профицита для данной статьи  финансирования расх,0·(1·1),0,943,,,1,const,0,1
944,11,Π/Π,поток финансироаания из профицита внешнего долга,[50]·[943] / [900]·[501],0;0,50;943,0;0,900;501,,,0,0
945,2,уставка·Σ,степень важности испольэования профицита для данной статьи  финансирования расх,0·(1·1),0,945,,,1,const,0,1
946,11,Π/Π,поток финансироаания из профицита данной статьи расходов бюджета,[50]·[945] / [900],0;0,50;945,0,900,,,0,0
947,9,Π,,[7136]·[7039]·[7110],0;0;0,7136;7039;7110,,,,,0,0
948,9,Π,,[8136]·[8039]·[8110],0;0;0,8136;8039;8110,,,,,0,0
949,9,Π,,[9136]·[9039]·[9110],0;0;0,9136;9039;9110,,,,,0,0
950,9,Π,,[12039]·[12110]·[12136],0;0;0,12039;12110;12136,,,,,0,0
951,10,Σ·[ref],произведение жилья  на количество человек в соц группе,(0.5·[1855])·[1811],0,1811,,,0.5,1855,0,0
952,10,Σ·[ref],произведение жилья  на количество человек в соц группе,(0.5·[2855])·[2811],0,2811,,,0.5,2855,0,0
953,10,Σ·[ref],произведение жилья  на количество человек в соц группе,(0.5·[3855])·[3811],0,3811,,,0.5,3855,0,0
954,10,Σ·[ref],произведение жилья  на количество человек в соц группе,(0.5·[4855])·[4811],0,4811,,,0.5,4855,0,0
955,10,Σ·[ref],произведение жилья  на количество человек в соц группе,(1·[5855])·[5811],0,5811,,,1,5855,0,0
956,10,Σ·[ref],произведение жилья  на количество человек в соц группе,(1·[6855])·[6811],0,6811,,,1,6855,0,0
957,10,Σ·[ref],произведение жилья  на количество человек в соц группе,(0.5·[7855])·[7811],0,7811,,,0.5,7855,0,0
958,10,Σ·[ref],произведение жилья  на количество человек в соц группе,(0.5·[8855])·[8811],0,8811,,,0.5,8855,0,0
959,10,Σ·[ref],произведение жилья  на количество человек в соц группе,(0.5·[9855])·[9811],0,9811,,,0.5,9855,0,0
960,10,Σ·[ref],произведение жилья  на количество человек в соц группе,(1·[15155])·[15111],0,15111,,,1,15155,0,0
961,10,Σ·[ref],произведение жилья  на количество человек в соц группе,(0.5·[10155])·[10811],0,10811,,,0.5,10155,0,0
962,10,Σ·[ref],произведение жилья  на количество человек в соц группе,(0.5·[11855])·[11811],0,11811,,,0.5,11855,0,0
963,10,Σ·[ref],произведение жилья  на количество человек в соц группе,(0.5·[12855])·[12811],0,12811,,,0.5,12855,0,0
964,10,Σ·[ref],произведение жилья  на количество человек в соц группе,(2·[13855])·[13811],0,13811,,,2,13855,0,0
965,10,Σ·[ref],произведение жилья  на количество человек в соц группе,(2·[16155])·[16111],0,16111,,,2,16155,0,0
966,10,Σ·[ref],произведение жилья  на количество человек в соц группе,(3·[16255])·[16211],0,16211,,,3,16255,0,0
967,10,Σ·[ref],,(2·[16355])·[16311],0,16311,,,2,16355,0,0
968,10,Σ·[ref],,(2·[16455])·[16411],0,16411,,,2,16455,0,0
969,2,уставка·Σ,сумма произведений людей на жилье,0.0001·(1·[951] + 1·[952] + 1·[953] + 1·[954] + 1·[955] + 1·[956] + 1·[957] + 1·[958] + 1·[959] + 1·[960] + 1·[961] + 1·[962] + 1·[963] + 1·[964] + 1·[965] + 1·[966] + 1·[967] + 1·[968]),0.0001,0,,,1;1;1;1;1;1;1;1;1;1;1;1;1;1;1;1;1;1,951;952;953;954;955;956;957;958;959;960;961;962;963;964;965;966;967;968,0,0
970,9,Π,,[969]·[13039]·[13110],0;0;0,969;13039;13110,,,,,0,0
971,12,Π/Σ,натур потребн в транспорте в соц группе,[1811] / (500·1 + 0.5·[12039]),0,1811,,,500;0.5,const;12039,0,0
972,12,Π/Σ,натур потребн в транспорте в соц группе,[2811] / (500·1 + 0.5·[12039]),0,2811,,,500;0.5,const;12039,0,0
973,12,Π/Σ,натур потребн в транспорте в соц группе,[3811] / (500·1 + 0.5·[12039]),0,3811,,,500;0.5,const;12039,0,0
974,12,Π/Σ,натур потребн в транспорте в соц группе,[4811] / (500·1 + 0.5·[12039]),0,4811,,,500;0.5,const;12039,0,0
975,12,Π/Σ,натур потребн в транспорте в соц группе,[5811] / (500·1 + 0.5·[12039]),0,5811,,,500;0.5,const;12039,0,0
976,12,Π/Σ,натур потребн в транспорте в соц группе,[6811] / (500·1 + 0.5·[12039]),0,6811,,,500;0.5,const;12039,0,0
977,12,Π/Σ,натур потребн в транспорте в соц группе,[7811] / (500·1 + 0.5·[12039]),0,7811,,,500;0.5,const;12039,0,0
978,12,Π/Σ,натур потребн в транспорте в соц группе,[8811] / (500·1 + 0.5·[12039]),0,8811,,,500;0.5,const;12039,0,0
979,12,Π/Σ,натур потребн в транспорте в соц группе,[9811] / (500·1 + 0.5·[12039]),0,9811,,,500;0.5,const;12039,0,0
980,12,Π/Σ,натур потребн в транспорте в соц группе,[15111] / (500·1 + 0.5·[12039]),0,15111,,,500;0.5,const;12039,0,0
981,12,Π/Σ,натур потребн в транспорте в соц группе,[10811] / (500·1 + 0.5·[12039]),0,10811,,,500;0.5,const;12039,0,0
982,12,Π/Σ,натур потребн в транспорте в соц группе,[11811] / (500·1 + 0.5·[12039]),0,11811,,,500;0.5,const;12039,0,0
983,12,Π/Σ,натур потребн в транспорте в соц группе,[12811] / (500·1 + 0.5·[12039]),0,12811,,,500;0.5,const;12039,0,0
984,12,Π/Σ,натур потребн в транспорте в соц группе,[13811] / (500·1 + 0.5·[12039]),0,13811,,,500;0.5,const;12039,0,0
985,12,Π/Σ,натур потребн в транспорте в соц группе,[16111] / (500·1 + 0.5·[12039]),0,16111,,,500;0.5,const;12039,0,0
986,12,Π/Σ,натур потребн в транспорте в соц группе,[16211] / (500·1 + 0.5·[12039]),0,16211,,,500;0.5,const;12039,0,0
987,12,Π/Σ,натур потребн в транспорте в соц группе,[16311] / (500·1 + 0.5·[12039]),0,16311,,,500;0.5,const;12039,0,0
988,12,Π/Σ,натур потребн в транспорте в соц группе,[16411] / (500·1 + 0.5·[12039]),0,16411,,,500;0.5,const;12039,0,0
989,2,уставка·Σ,натуральный спрос на транспорт соц сферы,0.5·(1·[971] + 1·[972] + 1·[973] + 1·[974] + 1·[975] + 1·[976] + 1·[977] + 1·[978] + 1·[979] + 1·[980] + 1·[981] + 1·[982] + 1·[983] + 1·[984] + 1·[985] + 1·[986] + 1·[987] + 1·[988]),0.5,0,,,1;1;1;1;1;1;1;1;1;1;1;1;1;1;1;1;1;1,971;972;973;974;975;976;977;978;979;980;981;982;983;984;985;986;987;988,0,0
990,9,Π,,[13039]·[13110]·[13136],0;0;0,13039;13110;13136,,,,,0,0
991,2,уставка·Σ,натур спрос населения на сырье,1·(1.341·[998]),1,991,,,1.341,998,0,1
992,2,уставка·Σ,натур спрос населения на машиностр,1·(1.17·[999]),1,992,,,1.17,999,0,1
993,2,уставка·Σ,натур спрос населения на уголь,1·(1.093·[947]),1,993,,,1.093,947,0,1
994,2,уставка·Σ,натур спрос населения на нефть,1·(1.848·[948]),1,994,,,1.848,948,0,1
995,2,уставка·Σ,натур спрос населения на газ,1·(1.267·[949]),1,995,,,1.267,949,0,1
996,2,уставка·Σ,натур спрос населения на электр эн,1·(0.241·[950]),1,996,,,0.241,950,0,1
997,2,уставка·Σ,натур спрос населения на проче,1·(2.56·[990]),1,997,,,2.56,990,0,1
998,9,Π,спрос населен на сырье,[1136]·[1039]·[1110],0;0;0,1136;1039;1110,,,,,0,0
999,9,Π,спрос населен на сырье,[2136]·[2039]·[2110],0;0;0,2136;2039;2110,,,,,0,0
1000,12,Π/Σ,научно-интеллектуальный индекс общества,[880]·[890]·[880]·[890] / (0.5·[880] + 0.5·[890]),0;0;0;0,880;890;880;890,,,0.5;0.5,880;890,0,0
1001,14,clip Σ,реальн произв продукции,"clip(1·[1011], 0.2, 1.11111e+06)",0.2,0,1.11111e+06,0,1,1011,0,0
1002,4,1/(Tp+1)·g,потенц произв продукции,"clip(1·(1·[1011]), 0.02, 1)",1,0,1;0.02,0;0,1,1011,0.998478,0
1003,7,min,jгранич в произв продукции,"min([1213], [1223], [1233], [1243], [1253], [1263], [1273], [1203])",0;0;0;0;0;0;0;0,1213;1223;1233;1243;1253;1263;1273;1203,,,,,0,0
1004,14,clip Σ,производство продукции,"clip(1·[1017], 0.001, 10000)",0.001,0,10000,0,1,1017,0,0
1005,12,Π/Σ,степень безработицы в секторе,[232]·[1030] / (1e-05·1 + 1·[1009]),0;0,232;1030,,,1e-05;1,const;1009,0,0
1006,9,Π,МЗ от импорта,[1206]·[501],0;0,1206;501,,,,,0,0
1007,7,min,всего реализовано продукции,"min([1001], [1004])",0;0,1001;1004,,,,,0,0
1008,4,1/(Tp+1)·g,материальные затраты,"clip(1·(1.4286·[1018]), 0.1, 1)",1,0,1;0.1,0;0,1.4286,1018,503.953,0
1009,10,Σ·[ref],требуется труда с учетом сменности и потребн в продукции,(0.2·[1093])·[1025],0,1025,,,0.2,1093,0,0
1010,12,Π/Σ,цена рыночная,[1116] / (0.2·1 + 0.8·[1004]),0,1116,,,0.2;0.8,const;1004,0,0
1011,10,Σ·[ref],0.10нциальное производство продукции,(0.1·[1080])·[1029],0,1029,,,0.1,1080,0,0
1012,2,уставка·Σ,подано труда,10.3·(1·1),10.3,1012,,,1,const,0,1
1013,11,Π/Π,расходы сект на Фп,[1365]·[1066] / [1072],0;0,1365;1066,0,1072,,,0,0
1014,11,Π/Π,расходы сект на Фа,[1365]·[1068] / [1072],0;0,1365;1068,0,1072,,,0,0
1015,11,Π/Π,количество прибыли для импортного оборудования,[1365]·[1075] / [1072],0;0,1365;1075,0,1072,,,0,0
1016,2,уставка·Σ,общее предложение труда в секторе производства,2·(1·[1012] + 1·[235]),2,0,,,1;1,1012;235,0,0
1017,4,1/(Tp+1)·g,,"clip(1·(1·[1011]), 0.02, 1)",1,0,1;0.02,0;0,1,1011,1,0
1018,1,Σ,сумма номинальных материальных затрат,1·[1006] + 1·[1217] + 1·[1227] + 1·[1237] + 1·[1247] + 1·[1257] + 1·[1267] + 1·[1277],,,,,1;1;1;1;1;1;1;1,1006;1217;1227;1237;1247;1257;1267;1277,0,0
1019,9,Π,цена сырья,[1037]·[1105],0;0,1037;1105,,,,,0,0
1020,2,уставка·Σ,ставка зарплаты,2·(1·1),2,1020,,,1,const,0,1
1021,1,Σ,условно средняя цена поставляемых новых фондов для их развития,0.5·[2039] + 0.5·[3039],,,,,0.5;0.5,2039;3039,0,0
1025,5,∫ с пределами,К сменности,"∫(1·[1076] + -1·[1004]) dt, x0=1, pa1=0.2, hi=2.5",1;0.2,0;0,2.5,0,1;-1,1076;1004,0.99825,0
1026,13,Σ/Π,доход на одного,(1·[1052] + 1·[1032]) / [1029],,,0,1029,1;1,1052;1032,0,0
1027,2,уставка·Σ,выручка как сумма платежей потребителей продукции,1.2555·(1·[1216] + 1·[2216] + 1·[3216] + 1·[4216] + 1·[5216] + 1·[6216] + 1·[7216] + 1·[8216] + 1·[9216] + 1·[10216] + 1·[11216] + 1·[12216] + 1·[13216] + 1·[1157] + 1·[1158] + 1·[1167]),1.2555,0,,,1;1;1;1;1;1;1;1;1;1;1;1;1;1;1;1,1216;2216;3216;4216;5216;6216;7216;8216;9216;10216;11216;12216;13216;1157;1158;1167,0,0
1029,7,min,используется труда,"min([1016], [1009])",0;0,1016;1009,,,,,0,0
1030,14,clip Σ,безработица,"clip(1·[1012] + -1·[1029], 0, 100000)",0,0,100000,0,1;-1,1012;1029,0,0
1031,10,Σ·[ref],индексация зарплаты,(12·1)·[1020],0,1020,,,12,const,0,0
1032,9,Π,поток зарплаты,[1029]·[1031],0;0,1029;1031,,,,,0,0
1033,1,Σ,общие затраты,1·[1008] + 1·[1051] + 1·[1032],,,,,1;1;1,1008;1051;1032,0,0
1034,1,Σ,все затраты,1·[1033] + 1·[1055],,,,,1;1,1033;1055,0,0
1035,13,Σ/Π,\ебестоимость,(1·[1034]) / [1004],,,0,1004,1,1034,0,0
1036,9,Π,формирование монопольной цены,[1112]·[1113]·[1035],0;0;0,1112;1113;1035,,,,,0,0
1037,4,1/(Tp+1)·g,цена без НДС,"clip(0.76·(1·[1038] + 1·[1036]), 0.02, 1)",0.76,0,1;0.02,0;0,1;1,1038;1036,1043.86,0
1038,9,Π,формирование рыночной цены (с учетом ее доли в общей цене),[1035]·[1112]·[1114],0;0;0,1035;1112;1114,,,,,0,0
1039,4,1/(Tp+1)·g,цена с НДС,"clip(1·(1·[1019]), 0.02, 1)",1,0,1;0.02,0;0,1,1019,1178.65,0
1040,9,Π,выручка без НДС,[1037]·[1007],0;0,1037;1007,,,,,0,0
1041,4,1/(Tp+1)·g,сумма выручек внутренней и экспортной,"clip(1·(1·[991]), 0.02, 1)",1,0,1;0.02,0;0,1,991,31.4237,0
1042,2,уставка·Σ,сумма выручек внутренней и экспортной,1·(1·[1041] + 1·[1027] + 1·[361]),1,0,,,1;1;1,1041;1027;361,0,0
1043,14,clip Σ,добавленная стоимость,"clip(1·[1042] + -1·[1008], 0, 10000)",0,0,10000,0,1;-1,1042;1008,0,0
1044,14,clip Σ,балансовая прибыль,"clip(1·[1043] + -1·[1050] + -1·[1047] + -1·[1097] + -1·[1054] + -1·[1032] + -1·[1048] + -1·[1073] + -1·[1137], 0, 10000)",0,0,10000,0,1;-1;-1;-1;-1;-1;-1;-1;-1,1043;1050;1047;1097;1054;1032;1048;1073;1137,0,0
1045,1,Σ,чистая прибыль,1·[1044] + -1·[1049],,,,,1;-1,1044;1049,0,0
1046,2,уставка·Σ,стоимость вводимых основных фондов,0.4·(1·[1078] + 1·[1079] + 1·[1200]),0.4,0,,,1;1;1,1078;1079;1200,0,0
1047,9,Π,поток НДС,[1043]·[24],0;0,1043;24,,,,,0,0
1048,9,Π,поток налога с выручки,[1042]·[23],0;0,1042;23,,,,,0,0
1049,9,Π,поток налога на прибыль,[25]·[1044],0;0,25;1044,,,,,0,0
1050,9,Π,поток налога на фонды,[1063]·[26],0;0,1063;26,,,,,0,0
1051,9,Π,амортизация в себестоимости,[1063]·[1064],0;0,1063;1064,,,,,0,0
1052,12,Π/Σ,доля прибыли в потребление,[1074]·[1045] / (5·1 + 1·[1074]),0;0,1074;1045,,,5;1,const;1074,0,0
1053,4,1/(Tp+1)·g,ФОТ,"clip(1·(1·[1052] + 1·[1032]), 0.1, 1)",1,0,1;0.1,0;0,1;1,1052;1032,352.357,0
1054,9,Π,налог на ФОТ,[1053]·[28],0;0,1053;28,,,,,0,0
1055,1,Σ,сумма налогов,1·[1054] + 1·[1050] + 1·[1048],,,,,1;1;1,1054;1050;1048,0,0
1056,4,1/(Tp+1)·g,инвестируемая прибыль,"clip(1·(1·[1045] + -1·[1052]), 0.01, 1)",1,0,1;0.01,0;0,1;-1,1045;1052,60.8798,0
1057,12,Π/Σ,норма прибыли,[1045] / (0.001·1 + 1·[1049] + 1·[1034]),0,1045,,,0.001;1;1,const;1049;1034,0,0
1058,4,1/(Tp+1)·g,степень финансовых возможностей,"clip(1·(1·[1057]), 0.1, 1)",1,0,1;0.1,0;0,1,1057,0.142627,0
1059,14,clip Σ,индекс финансовых возможностей,"clip(20·[1058], 0, 1)",0,0,1,0,20,1058,0,0
1060,14,clip Σ,степень недостаточности финансов,"clip(1·1 + -1·[1059], 0, 1)",0,0,1,0,1;-1,const;1059,0,0
1061,14,clip Σ,норма выплаты амортизации,"clip(1·[1056], 0, 1)",0,0,1,0,1,1056,0,0
1062,9,Π,реальный поток амортизации,[1061]·[1063]·[1064],0;0;0,1061;1063;1064,,,,,0,0
1063,5,∫ с пределами,стоимость производственных фондов,"∫(1·[1046] + -1·[1073]) dt, x0=0.1, pa1=0, hi=1e+07",0.1;0,0;0,1e+07,0,1;-1,1046;1073,1500,0
1064,2,уставка·Σ,коэффициент амортизации,10·(0.01·1),10,1064,,,0.01,const,0,1
1065,2,уставка·Σ,всего инвестиций,1.562·(1·[1056] + 1·[1086] + 1·[1073]),1.562,0,,,1;1;1,1056;1086;1073,0,0
1066,2,уставка·Σ,доля строит в инвестициях,1·(1·1),1,1066,,,1,const,0,1
1067,11,Π/Π,расходы прибыли в строит,[1365]·[1066] / [1072]·[3039],0;0,1365;1066,0;0,1072;3039,,,0,0
1068,2,уставка·Σ,доля машиностроен в инвестиц,2.5·(1·1),2.5,1068,,,1,const,0,1
1069,11,Π/Π,расходы прибыли в машин,[1068]·[1365] / [2039]·[1072],0;0,1068;1365,0;0,2039;1072,,,0,0
1070,2,уставка·Σ,доля НИОКР в инвестиц,0.5·(1·1),0.5,1070,,,1,const,0,1
1071,2,уставка·Σ,доля депозита в инвестиц,0.5·(1·1),0.5,1071,,,1,const,0,1
1072,1,Σ,сумма долей распределения прибыли,1·[1066] + 1·[1068] + 1·[1070] + 1·[1071] + 1·[1075],,,,,1;1;1;1;1,1066;1068;1070;1071;1075,0,0
1073,7,min,реальные амортизационные выплаты,"min([1062], [1056])",0;0,1062;1056,,,,,0,0
1074,14,clip Σ,формирование доли прибыли в потребление,"clip(-5·1 + 100·[1058], 0.2, 100)",0.2,0,100,0,-5;100,const;1058,0,0
1075,2,уставка·Σ,доля прибыли для импорта Фа,0.5·(1·1),0.5,1075,,,1,const,0,1
1076,9,Π,,[1003]·[1116],0;0,1003;1116,,,,,0,0
1077,12,Π/Σ,отношение суммы налогов к добавленной стоимости,[1055] / (0.001·1 + 1·[1043]),0,1055,,,0.001;1,const;1043,0,0
1078,9,Π,стоимость вводимых  Фа,[2039]·[2121],0;0,2039;2121,,,,,0,0
1079,9,Π,стоимость вводимых  Фп,[3039]·[3121],0;0,3039;3121,,,,,0,0
1080,5,∫ с пределами,производительность труда,"∫(1·[1108] + 0·[1080]) dt, x0=1, pa1=0.2, hi=10000",1;0.2,0;0,10000,0,1;0,1108;1080,1.00022,0
1081,11,Π/Π,расходы прибыли в НИОКР,[1365]·[1070] / [1072],0;0,1365;1070,0,1072,,,0,0
1082,11,Π/Π,расходы прибыли в депозиты,[1365]·[1071] / [1072],0;0,1365;1071,0,1072,,,0,0
1083,3,∫,накопленный депозит,"∫(1·[1082] + 1·[1085] + -1·[1086]) dt, x0=0.001",0.001,0,,,1;1;-1,1082;1085;1086,13.9208,0
1084,14,clip Σ,степень возможностей депозита,"clip(100·[1083], 0, 1)",0,0,1,0,100,1083,0,0
1085,9,Π,самовозрастание депозита,[1083]·[230],0;0,1083;230,,,,,0,0
1086,9,Π,поток инвестиций из депозита,[1362]·[1084],0;0,1362;1084,,,,,0,0
1088,2,уставка·Σ,формир потока амортизац Фа,0.3575·(100·[2121] + 1·[821]),0.3575,0,,,100;1,2121;821,0,0
1089,5,∫ с пределами,количество Фа,"∫(1·[1088] + -1·[1090]) dt, x0=0.01, pa1=0.01, hi=10000",0.01;0.01,0;0,10000,0,1;-1,1088;1090,50,0
1090,9,Π,реальная амортизация Фа,[1064]·[1004]·[1089],0;0;0,1064;1004;1089,,,,,0,0
1091,9,Π,поток амортизации Фп,[1064]·[1092],0;0,1064;1092,,,,,0,0
1092,5,∫ с пределами,количество Фп,"∫(81.97·[3121] + -1·[1091]) dt, x0=0.01, pa1=0.01, hi=10000",0.01;0.01,0;0,10000,0,81.97;-1,3121;1091,50,0
1093,12,Π/Σ,количество рабочих мест,[1092]·[1089] / (0.5·[1092] + 0.5·[1089]),0;0,1092;1089,,,0.5;0.5,1092;1089,0,0
1094,4,1/(Tp+1)·g,продукция для реализации,"clip(1·(1·[1007]), 0.1, 1)",1,0,1;0.1,0;0,1,1007,0.998461,0
1095,4,1/(Tp+1)·g,формиров возврата кредитов,"clip(1·(1·[1044]), 0.1, 1)",1,0,1;0.1,0;0,1,1044,248.074,0
1096,7,min,формиров возврата кредитов,"min([1095], [1442])",0;0,1095;1442,,,,,0,0
1097,2,уставка·Σ,темп возврата кредитов,0·(1·[1096]),0,1097,,,1,1096,0,1
1100,10,Σ·[ref],сумма инвестиционных средств для изменения производительности фондов,(0.03752·[1081] + 0.03752·[821])·[880],0,880,,,0.03752;0.03752,1081;821,0,0
1101,1,Σ,алгоритм НДС,1·1 + -1·[24],,,,,1;-1,const;24,0,0
1102,11,Π/Π,алгоритм НДС,[1104]·[24] / [1101]·[1103],0;0,1104;24,0;0,1101;1103,,,0,0
1103,14,clip Σ,формирование НДС,"clip(1·[1040], 0.01, 10000)",0.01,0,10000,0,1,1040,0,0
1104,14,clip Σ,алгоритм НДС,"clip(1·[1040] + -1·[1008], 0, 10000)",0,0,10000,0,1;-1,1040;1008,0,0
1105,1,Σ,алгоритм НДС,1·1 + 1·[1102],,,,,1;1,const;1102,0,0
1106,1,Σ,+/- потока основных активных фондов,1·[2121] + -0.0142·[1090],,,,,1;-0.0142,2121;1090,0,0
1107,1,Σ,+/- потока основных пассивных фондов,1·[3121] + -0.0134·[1091],,,,,1;-0.0134,3121;1091,0,0
1108,14,clip Σ,,"clip(1·[1100] + -1·[1080], 0, 100000)",0,0,100000,0,1;-1,1100;1080,0,0
1109,12,Π/Σ,отношение к спросу на продукцию,[1004] / (1e-05·1 + 1·[1116]),0,1004,,,1e-05;1,const;1116,0,0
1110,14,clip Σ,индекс достаточности предложения,"clip(1·[1109], 0, 1)",0,0,1,0,1,1109,0,0
1112,2,уставка·Σ,норматив прибыли монополиста,1.2·(1·1),1.2,1112,,,1,const,0,1
1113,2,уставка·Σ,степень монополизма,0.4·(1·1),0.4,1113,,,1,const,0,1
1114,10,Σ·[ref],монопольная цена с ее долей,(1·1 + -1·[1113])·[1010],0,1010,,,1;-1,const;1113,0,0
1116,4,1/(Tp+1)·g,сумма спросов,"clip(1·(0.9149·[1119]), 0.02, 1)",1,0,1;0.02,0;0,0.9149,1119,0.998461,0
1117,1,Σ,суммарный поток денег возврата долгов поставщикам сырья,1·[1137] + 1·[1367],,,,,1;1,1137;1367,0,0
1119,4,1/(Tp+1)·g,сумма спросов,"clip(1·(1·[1141] + 1·[1142] + 1·[1143] + 1·[1144] + 1·[1145] + 1·[1146] + 1·[1147] + 1·[1148] + 1·[1149] + 1·[1150] + 1·[1151] + 1·[1152] + 1·[1153] + 1·[1154] + 1·[1155]), 0.02, 1)",1,0,1;0.02,0;0,1;1;1;1;1;1;1;1;1;1;1;1;1;1;1,1141;1142;1143;1144;1145;1146;1147;1148;1149;1150;1151;1152;1153;1154;1155,1.09134,0
1121,11,Π/Π,доля продукции потребителю из сыр в сыр,[1094]·[1141] / [1001],0;0,1094;1141,0,1001,,,0,0
1122,11,Π/Π,доля продукции потребителю из сыр в маш,[1094]·[1142] / [1001],0;0,1094;1142,0,1001,,,0,0
1123,11,Π/Π,доля продукц сырья в строит,[1094]·[1143] / [1001],0;0,1094;1143,0,1001,,,0,0
1124,11,Π/Π,доля сырья в с-х,[1094]·[1144] / [1001],0;0,1094;1144,0,1001,,,0,0
1125,11,Π/Π,доля сырья в ТНП,[1094]·[1145] / [1001],0;0,1094;1145,0,1001,,,0,0
1126,11,Π/Π,доля продукции сырья в ВПК,[1094]·[1146] / [1001],0;0,1094;1146,0,1001,,,0,0
1127,11,Π/Π,доля продукции сырья в угольн,[1094]·[1147] / [1001],0;0,1094;1147,0,1001,,,0,0
1128,11,Π/Π,доля продукции сырья в нефть,[1094]·[1148] / [1001],0;0,1094;1148,0,1001,,,0,0
1129,11,Π/Π,доля продукции сырья в газпром,[1094]·[1149] / [1001],0;0,1094;1149,0,1001,,,0,0
1130,11,Π/Π,доля продукции сырья в эл-эн,[1094]·[1150] / [1001],0;0,1094;1150,0,1001,,,0,0
1131,11,Π/Π,доля продукции сырья в пищев пром,[1094]·[1151] / [1001],0;0,1094;1151,0,1001,,,0,0
1132,11,Π/Π,доля продукции сырья в трансп,[1094]·[1152] / [1001],0;0,1094;1152,0,1001,,,0,0
1133,11,Π/Π,доля продукции сырья в проч пром,[1094]·[1153] / [1001],0;0,1094;1153,0,1001,,,0,0
1134,11,Π/Π,доля продукции сырья на экспорт,[1094]·[1154] / [1001],0;0,1094;1154,0,1001,,,0,0
1135,11,Π/Π,доля сырья в бюджет,[1094]·[1155] / [1001],0;0,1094;1155,0,1001,,,0,0
1136,11,Π/Π,доля сырья в торговлю,[1094]·[1156] / [1001],0;0,1094;1156,0,1001,,,0,0
1137,9,Π,поток возврата долгов проставщикам,[1138]·[99],0;0,1138;99,,,,,0,0
1138,2,уставка·Σ,коэф уменьшения возврата долгов поставщикам сырья,0·(1·[1139]),0,1138,,,1,1139,0,1
1139,7,min,требуемый поток возврата долгов поставщикам сырья,"min([1095], [1410])",0;0,1095;1410,,,,,0,0
1141,4,1/(Tp+1)·g,спрос на сырье в сырье,"clip(1·(1·[1212]), 0.5, 1)",1,0,1;0.5,0;0,1,1212,0.0998152,0
1142,4,1/(Tp+1)·g,спрос на сырье из маш,"clip(1·(1·[2212]), 0.1, 1)",1,0,1;0.1,0;0,1,2212,0.0998236,0
1143,4,1/(Tp+1)·g,спрос на сырье из строит,"clip(1·(1·[3212]), 0.1, 1)",1,0,1;0.1,0;0,1,3212,0.0500432,0
1144,4,1/(Tp+1)·g,спрос на сырье из с-х,"clip(1·(1·[4212]), 0.1, 1)",1,0,1;0.1,0;0,1,4212,0.0299936,0
1145,4,1/(Tp+1)·g,спрос на сырье из ТНП,"clip(1·(1·[5212]), 0.1, 1)",1,0,1;0.1,0;0,1,5212,0.00999552,0
1146,4,1/(Tp+1)·g,спрос на сырье из ВПК,"clip(1·(1·[6212]), 0.1, 1)",1,0,1;0.1,0;0,1,6212,0.0496006,0
1147,4,1/(Tp+1)·g,спрос на сырье в угле,"clip(1·(1·[7212]), 0.5, 1)",1,0,1;0.5,0;0,1,7212,0.0998196,0
1148,4,1/(Tp+1)·g,спрос на сырье из нефти,"clip(1·(1·[8212]), 0.1, 1)",1,0,1;0.1,0;0,1,8212,0.0999566,0
1149,4,1/(Tp+1)·g,спрос на сырье из газа,"clip(1·(1·[9212]), 0.1, 1)",1,0,1;0.1,0;0,1,9212,0.0500229,0
1150,4,1/(Tp+1)·g,спрос на сырье из эл-энер,"clip(1·(1·[10212]), 0.1, 1)",1,0,1;0.1,0;0,1,10212,0.0199949,0
1151,4,1/(Tp+1)·g,спрос на сырье из пищев пром,"clip(1·(1·[11212]), 0.1, 1)",1,0,1;0.1,0;0,1,11212,0.00999777,0
1152,4,1/(Tp+1)·g,спрос на сырье из транспорта,"clip(1·(1·[12212]), 0.1, 1)",1,0,1;0.1,0;0,1,12212,0.00997687,0
1153,4,1/(Tp+1)·g,спрос на сырье из проч пром,"clip(1·(1·[13212]), 0.5, 1)",1,0,1;0.5,0;0,1,13212,0.0099797,0
1154,4,1/(Tp+1)·g,спрос на сырье на экспорт,"clip(1·(1·[1161]), 0.1, 1)",1,0,1;0.1,0;0,1,1161,0.3,0
1155,4,1/(Tp+1)·g,спрос на сырье в бюджет,"clip(1·(1·[261]), 0.1, 1)",1,0,1;0.1,0;0,1,261,0.152321,0
1156,4,1/(Tp+1)·g,спрос на сырье из торговли,"clip(1·(1·[801]), 0.1, 1)",1,0,1;0.1,0;0,1,801,0.0198812,0
1157,1,Σ,возврат долгов от потребителей исходн сырья,1·[1401] + 1·[2401] + 1·[3401] + 1·[4401] + 1·[5401] + 1·[6401] + 1·[7401] + 1·[8401] + 1·[9401] + 1·[10401] + 1·[11401] + 1·[12401] + 1·[13401],,,,,1;1;1;1;1;1;1;1;1;1;1;1;1,1401;2401;3401;4401;5401;6401;7401;8401;9401;10401;11401;12401;13401,0,0
1158,1,Σ,возврат долгов через заем в банке оборотнго кредита потребителями исходн сырья,1·[1411] + 1·[2411] + 1·[3411] + 1·[4411] + 1·[5411] + 1·[6411] + 1·[7411] + 1·[8411] + 1·[9411] + 1·[10411] + 1·[11411] + 1·[12411] + 1·[13411],,,,,1;1;1;1;1;1;1;1;1;1;1;1;1,1411;2411;3411;4411;5411;6411;7411;8411;9411;10411;11411;12411;13411,0,0
1160,2,уставка·Σ,индекс экспортной цены в дол,1·(65·1),1,1160,,,65,const,0,1
1161,7,min,заявка на экспорт в секторе сырья,"min([1171], [1163], [1162])",0;0;0,1171;1163;1162,,,,,0,0
1162,15,ключ,ограничение экспортаот низкой цены экспорта,(-1·1 + 1·[1164]) > 0 ? [1] : 0,,,0,1,-1;1,const;1164,0,0
1163,2,уставка·Σ,квота экспорта на сырье,50·(0.01·1),50,1163,,,0.01,const,0,1
1164,11,Π/Π,доля экспорта сырья,[1165] / [1039]·[1166],0,1165,0;0,1039;1166,,,0,0
1165,9,Π,цена экспорта сырья в рубл,[1160]·[501],0;0,1160;501,,,,,0,0
1166,1,Σ,таможенный тариф на сырье,1·1 + 1·[321],,,,,1;1,const;321,0,0
1167,10,Σ·[ref],экспортная выручка в рублевом выражении,(1.347·[1170])·[501],0,501,,,1.347,1170,0,0
1168,9,Π,объем уплаты тарифа,[1169]·[321],0;0,1169;321,,,,,0,0
1169,9,Π,экспортная выручка в долл,[1160]·[1134],0;0,1160;1134,,,,,0,0
1170,10,Σ·[ref],предлож долл от экспортной выручки на бирже,(1.25·[1176])·[530],0,530,,,1.25,1176,0,0
1171,2,уставка·Σ,план экспорта,30·(0.01·1),30,1171,,,0.01,const,0,1
1173,1,Σ,остаток экспортн выр в дол после продажи необх доли выручки на бирже,1.25·[1176] + -1·[1170],,,,,1.25;-1,1176;1170,0,0
1174,5,∫ с пределами,дол накопления в секторе,"∫(1·[1173] + -1·[1199]) dt, x0=1, pa1=0, hi=1e+06",1;0,0;0,1e+06,0,1;-1,1173;1199,1049.83,0
1175,9,Π,дол из чистой прибыли на закупку Фа,[1015]·[527],0;0,1015;527,,,,,0,0
1176,1,Σ,экспортн выр после уплаты таможенных сборов,1·[1169] + -1·[1168],,,,,1;-1,1169;1168,0,0
1197,9,Π,расх на импортн Фа  в рублевом выражении,[1199]·[501],0;0,1199;501,,,,,0,0
1198,2,уставка·Σ,степень интенс расхода накопления инвалюты для импорта Фа,0.4·(1·[1174]),0.4,1198,,,1,1174,0,1
1199,15,ключ,вкл инвал накоплений для импорта Фа,(1·[1075] + -10·[1015]) > 0 ? [1198] : 0,,,0,1198,1;-10,1075;1015,0,0
1200,1,Σ,суммарные рубли за куплен импортн Фа,1·[1175] + 1·[1197],,,,,1;1,1175;1197,0,0
1201,2,уставка·Σ,К импорта в сектор,5·(0.01·1),5,1201,,,0.01,const,0,1
1202,9,Π,спрос сектора на валюту для импорта сырья,[1007]·[1201]·[401]·[461],0;0;0;0,1007;1201;401;461,,,,,0,0
1203,14,clip Σ,степень наличия исходн импортного сырья для производства,"clip(10·[1204], 0, 1)",0,0,1,0,10,1204,0,0
1204,5,∫ с пределами,накоплено импортного сырья в секторе,"∫(1·[1209] + -1·[1210]) dt, x0=1, pa1=0.01, hi=1e+07",1;0.01,0;0,1e+07,0,1;-1,1209;1210,2.82749,0
1205,9,Π,заявка на дол для сырья с учетом фин возможностей,[1202]·[1059],0;0,1202;1059,,,,,0,0
1206,7,min,реадьно полученные дол для импорта сырья,"min([1207], [1202])",0;0,1207;1202,,,,,0,0
1207,9,Π,степень удовлетворения в дол для закупки сырья,[527]·[1205],0;0,527;1205,,,,,0,0
1208,9,Π,поток тарифа в бюджет за импорт сырья,[1206]·[441],0;0,1206;441,,,,,0,0
1209,13,Σ/Π,поток закупленного импортного сырья,(1·[1206] + -1·[1208]) / [401],,,0,401,1;-1,1206;1208,0,0
1210,9,Π,поток расхода импортного сырья,[1201]·[1007],0;0,1201;1007,,,,,0,0
1211,2,уставка·Σ,К сырья в сектор,0.1·(1·1),0.1,1211,,,1,const,0,1
1212,11,Π/Π,спрос сектора на исходный продукт,[1011]·[1211]·[1471] / [1219]·[1219]·[1219],0;0;0,1011;1211;1471,0;0;0,1219;1219;1219,,,0,0
1213,14,clip Σ,степень наличия исходн продуктов для производства,"clip(1.1·[1214], 0, 1)",0,0,1,0,1.1,1214,0,0
1214,11,Π/Π,степень наличия исходных продуктов,[1219] / [1004],0,1219,0,1004,,,0,0
1215,5,∫ с пределами,сумма долга поставщику исх прод,"∫(1·[1218] + -1·[1401] + -1·[1411]) dt, x0=1, pa1=0, hi=1e+07",1;0,0;0,1e+07,0,1;-1;-1,1218;1401;1411,0,0
1216,1,Σ,реалбные текущие мат затраты на оплату конкретн исх прод,1·[1217] + -1·[1218],,,,,1;-1,1217;1218,0,0
1217,9,Π,требуемые текущие мат затраты по конкретн поставке,[1292]·[1039],0;0,1292;1039,,,,,0,0
1218,9,Π,степень недостаточности финансовых средств,[1217]·[1060],0;0,1217;1060,,,,,0,0
1219,5,∫ с пределами,склад исходной продукции,"∫(-1·[1220] + 1·[1292]) dt, x0=50, pa1=0.001, hi=1e+06",50;0.001,0;0,1e+06,0,-1;1,1220;1292,1.00011,0
1220,10,Σ·[ref],поток расходов исходного продукта,(1·[1007])·[1211],0,1211,,,1,1007,0,0
1221,2,уставка·Σ,К угля в сектор,0.01·(1·1),0.01,1221,,,1,const,0,1
1222,11,Π/Π,спрос сектора на исходный продукт,[1011]·[1221]·[1472] / [1229]·[1229]·[1229],0;0;0,1011;1221;1472,0;0;0,1229;1229;1229,,,0,0
1223,14,clip Σ,степень наличия исходн продуктов для производства,"clip(1.1·[1224], 0, 1)",0,0,1,0,1.1,1224,0,0
1224,11,Π/Π,степень наличия исходных продуктов,[1229] / [1004],0,1229,0,1004,,,0,0
1225,5,∫ с пределами,сумма долга поставщику исх прод,"∫(1·[1228] + -1·[1402] + -1·[1412]) dt, x0=1, pa1=0, hi=1e+07",1;0,0;0,1e+07,0,1;-1;-1,1228;1402;1412,0,0
1226,1,Σ,реалбные текущие мат затраты на оплату конкретн исх прод,1·[1227] + -1·[1228],,,,,1;-1,1227;1228,0,0
1227,9,Π,требуемые текущие мат затраты по конкретн поставке,[1293]·[7039],0;0,1293;7039,,,,,0,0
1228,9,Π,степень недостаточности финансовых средств,[1227]·[1060],0;0,1227;1060,,,,,0,0
1229,5,∫ с пределами,склад исходной продукции,"∫(-1·[1230] + 1·[1293]) dt, x0=50, pa1=0.001, hi=1e+06",50;0.001,0;0,1e+06,0,-1;1,1230;1293,0.999967,0
1230,10,Σ·[ref],поток расходов исходного продукта,(1·[1007])·[1221],0,1221,,,1,1007,0,0
1231,2,уставка·Σ,К газа в сектор,0.05·(1·1),0.05,1231,,,1,const,0,1
1232,12,Π/Σ,спрос сектора на исходный продукт,[1011]·[1231]·[1473] / (0.001·1 + 1·[1234]),0;0;0,1011;1231;1473,,,0.001;1,const;1234,0,0
1233,14,clip Σ,степень наличия исходн продуктов для производства,"clip(1.002·[1234], 0, 1)",0,0,1,0,1.002,1234,0,0
1234,4,1/(Tp+1)·g,степень наличия исходных продуктов,"clip(1·(1·[1239]), 0.1, 1)",1,0,1;0.1,0;0,1,1239,0.999544,0
1235,5,∫ с пределами,сумма долга поставщику исх прод,"∫(1·[1238] + -1·[1403] + -1·[1413]) dt, x0=1, pa1=0, hi=1e+07",1;0,0;0,1e+07,0,1;-1;-1,1238;1403;1413,0,0
1236,1,Σ,реалбные текущие мат затраты на оплату конкретн исх прод,1·[1237] + -1·[1238],,,,,1;-1,1237;1238,0,0
1237,9,Π,требуемые текущие мат затраты по конкретн поставке,[1294]·[9039],0;0,1294;9039,,,,,0,0
1238,9,Π,степень недостаточности финансовых средств,[1237]·[1060],0;0,1237;1060,,,,,0,0
1239,12,Π/Σ,склад исходной продукции,[1294] / (1e-06·1 + 1·[1240]),0,1294,,,1e-06;1,const;1240,0,0
1240,9,Π,поток расходов исходного продукта,[1231]·[1007],0;0,1231;1007,,,,,0,0
1241,2,уставка·Σ,К электр в сектор,0.05·(1·1),0.05,1241,,,1,const,0,1
1242,12,Π/Σ,спрос сектора на исходный продукт,[1011]·[1241]·[1474] / (0.001·1 + 1·[1244]),0;0;0,1011;1241;1474,,,0.001;1,const;1244,0,0
1243,14,clip Σ,степень наличия исходн продуктов для производства,"clip(1.002·[1244], 0, 1)",0,0,1,0,1.002,1244,0,0
1244,4,1/(Tp+1)·g,степень наличия исходных продуктов,"clip(1·(1·[1249]), 0.1, 1)",1,0,1;0.1,0;0,1,1249,0.999501,0
1245,5,∫ с пределами,сумма долга поставщику исх прод,"∫(1·[1248] + -1·[1404] + -1·[1414]) dt, x0=1, pa1=0, hi=1e+07",1;0,0;0,1e+07,0,1;-1;-1,1248;1404;1414,0,0
1246,1,Σ,реалбные текущие мат затраты на оплату конкретн исх прод,1·[1247] + -1·[1248],,,,,1;-1,1247;1248,0,0
1247,9,Π,требуемые текущие мат затраты по конкретн поставке,[1295]·[10039],0;0,1295;10039,,,,,0,0
1248,9,Π,степень недостаточности финансовых средств,[1247]·[1060],0;0,1247;1060,,,,,0,0
1249,12,Π/Σ,склад исходной продукции,[1295] / (1e-07·1 + 1·[1250]),0,1295,,,1e-07;1,const;1250,0,0
1250,9,Π,поток расходов исходного продукта,[1241]·[1007],0;0,1241;1007,,,,,0,0
1251,2,уставка·Σ,К нефти в сектор,0.02·(1·1),0.02,1251,,,1,const,0,1
1252,11,Π/Π,спрос сектора на исходный продукт,[1011]·[1251]·[1475] / [1259]·[1259]·[1259],0;0;0,1011;1251;1475,0;0;0,1259;1259;1259,,,0,0
1253,14,clip Σ,степень наличия исходн продуктов для производства,"clip(1.1·[1254], 0, 1)",0,0,1,0,1.1,1254,0,0
1254,11,Π/Π,степень наличия исходных продуктов,[1259] / [1004],0,1259,0,1004,,,0,0
1255,5,∫ с пределами,сумма долга поставщику исх прод,"∫(1·[1258] + -1·[1405] + -1·[1415]) dt, x0=1, pa1=0, hi=1e+07",1;0,0;0,1e+07,0,1;-1;-1,1258;1405;1415,0,0
1256,1,Σ,реалбные текущие мат затраты на оплату конкретн исх прод,1·[1257] + -1·[1258],,,,,1;-1,1257;1258,0,0
1257,9,Π,требуемые текущие мат затраты по конкретн поставке,[1296]·[8039],0;0,1296;8039,,,,,0,0
1258,9,Π,степень недостаточности финансовых средств,[1257]·[1060],0;0,1257;1060,,,,,0,0
1259,5,∫ с пределами,склад исходной продукции,"∫(-1·[1260] + 1·[1296]) dt, x0=50, pa1=0.001, hi=1e+06",50;0.001,0;0,1e+06,0,-1;1,1260;1296,1.00002,0
1260,10,Σ·[ref],поток расходов исходного продукта,(1·[1007])·[1251],0,1251,,,1,1007,0,0
1261,2,уставка·Σ,К прочих в сектор,0.06·(1·1),0.06,1261,,,1,const,0,1
1262,11,Π/Π,спрос сектора на исходный продукт,[1011]·[1261]·[1476] / [1269]·[1269]·[1269],0;0;0,1011;1261;1476,0;0;0,1269;1269;1269,,,0,0
1263,14,clip Σ,степень наличия исходн продуктов для производства,"clip(1.1·[1264], 0, 1)",0,0,1,0,1.1,1264,0,0
1264,11,Π/Π,степень наличия исходных продуктов,[1269] / [1004],0,1269,0,1004,,,0,0
1265,5,∫ с пределами,сумма долга поставщику исх прод,"∫(1·[1268] + -1·[1406] + -1·[1416]) dt, x0=1, pa1=0, hi=1e+07",1;0,0;0,1e+07,0,1;-1;-1,1268;1406;1416,0,0
1266,1,Σ,реалбные текущие мат затраты на оплату конкретн исх прод,1·[1267] + -1·[1268],,,,,1;-1,1267;1268,0,0
1267,9,Π,требуемые текущие мат затраты по конкретн поставке,[1297]·[13039],0;0,1297;13039,,,,,0,0
1268,9,Π,степень недостаточности финансовых средств,[1267]·[1060],0;0,1267;1060,,,,,0,0
1269,5,∫ с пределами,склад исходной продукции,"∫(-1·[1270] + 1·[1297]) dt, x0=50, pa1=0.001, hi=1e+06",50;0.001,0;0,1e+06,0,-1;1,1270;1297,1.00017,0
1270,10,Σ·[ref],поток расходов исходного продукта,(1·[1007])·[1261],0,1261,,,1,1007,0,0
1271,2,уставка·Σ,К транспорт сектор,0.1·(1·1),0.1,1271,,,1,const,0,1
1272,12,Π/Σ,спрос сектора на исходный продукт,[1011]·[1271]·[1477] / (0.001·1 + 1·[1274]),0;0;0,1011;1271;1477,,,0.001;1,const;1274,0,0
1273,14,clip Σ,степень наличия исходн продуктов для производства,"clip(1.002·[1274], 0, 1)",0,0,1,0,1.002,1274,0,0
1274,4,1/(Tp+1)·g,степень наличия исходных продуктов,"clip(1·(1·[1279]), 0.1, 1)",1,0,1;0.1,0;0,1,1279,0.999552,0
1275,5,∫ с пределами,сумма долга поставщику исх прод,"∫(1·[1278] + -1·[1407] + -1·[1417]) dt, x0=1, pa1=0, hi=1e+07",1;0,0;0,1e+07,0,1;-1;-1,1278;1407;1417,0,0
1276,1,Σ,реалбные текущие мат затраты на оплату конкретн исх прод,1·[1277] + -1·[1278],,,,,1;-1,1277;1278,0,0
1277,9,Π,требуемые текущие мат затраты по конкретн поставке,[1298]·[12039],0;0,1298;12039,,,,,0,0
1278,9,Π,степень недостаточности финансовых средств,[1277]·[1060],0;0,1277;1060,,,,,0,0
1279,12,Π/Σ,склад исходной продукции,[1298] / (1e-07·1 + 1·[1280]),0,1298,,,1e-07;1,const;1280,0,0
1280,9,Π,поток расходов исходного продукта,[1271]·[1007],0;0,1271;1007,,,,,0,0
1285,2,уставка·Σ,,0·(1·1),0,1285,,,1,const,0,1
1292,1,Σ,,1·[1121],,,,,1,1121,0,0
1293,1,Σ,,1·[7121],,,,,1,7121,0,0
1294,1,Σ,,1·[9121],,,,,1,9121,0,0
1295,1,Σ,,1·[10121],,,,,1,10121,0,0
1296,1,Σ,,1·[8121],,,,,1,8121,0,0
1297,1,Σ,,1·[13121],,,,,1,13121,0,0
1298,1,Σ,,1·[12121],,,,,1,12121,0,0
1299,2,уставка·Σ,максим уровень долга поставщику сырья при котором берут кредит,10·(1·1),10,1299,,,1,const,0,1
1301,14,clip Σ,формир отключ поставок сырья при длительной их неоплате,"clip(1·[1217], 0.0001, 1e+07)",0.0001,0,1e+07,0,1,1217,0,0
1302,11,Π/Π,формир отключ поставок сырья при длительной их неоплате,[1215] / [1301],0,1215,0,1301,,,0,0
1303,15,ключ,формир отключ поставок сырья при длительной их неоплате,(-1·[1302] + 1·[1400]) > 0 ? [1] : 0,,,0,1,-1;1,1302;1400,0,0
1306,14,clip Σ,формир отключ поставок сырья при длительной их неоплате,"clip(1·[1227], 0.0001, 1e+07)",0.0001,0,1e+07,0,1,1227,0,0
1307,11,Π/Π,формир отключ поставок сырья при длительной их неоплате,[1225] / [1306],0,1225,0,1306,,,0,0
1308,15,ключ,формир отключ поставок сырья при длительной их неоплате,(-1·[1307] + 1·[7400]) > 0 ? [1] : 0,,,0,1,-1;1,1307;7400,0,0
1311,14,clip Σ,формир отключ поставок сырья при длительной их неоплате,"clip(1·[1237], 0.0001, 1e+07)",0.0001,0,1e+07,0,1,1237,0,0
1312,11,Π/Π,формир отключ поставок сырья при длительной их неоплате,[1235] / [1311],0,1235,0,1311,,,0,0
1313,15,ключ,формир отключ поставок сырья при длительной их неоплате,(-1·[1312] + 1·[9400]) > 0 ? [1] : 0,,,0,1,-1;1,1312;9400,0,0
1316,14,clip Σ,формир отключ поставок сырья при длительной их неоплате,"clip(1·[1247], 0.0001, 1e+07)",0.0001,0,1e+07,0,1,1247,0,0
1317,11,Π/Π,формир отключ поставок сырья при длительной их неоплате,[1245] / [1316],0,1245,0,1316,,,0,0
1318,15,ключ,формир отключ поставок сырья при длительной их неоплате,(-1·[1317] + 1·[10400]) > 0 ? [1] : 0,,,0,1,-1;1,1317;10400,0,0
1321,14,clip Σ,формир отключ поставок сырья при длительной их неоплате,"clip(1·[1257], 0.0001, 1e+07)",0.0001,0,1e+07,0,1,1257,0,0
1322,11,Π/Π,формир отключ поставок сырья при длительной их неоплате,[1255] / [1321],0,1255,0,1321,,,0,0
1323,15,ключ,формир отключ поставок сырья при длительной их неоплате,(-1·[1322] + 1·[8400]) > 0 ? [1] : 0,,,0,1,-1;1,1322;8400,0,0
1326,14,clip Σ,формир отключ поставок сырья при длительной их неоплате,"clip(1·[1267], 0.0001, 1e+07)",0.0001,0,1e+07,0,1,1267,0,0
1327,11,Π/Π,формир отключ поставок сырья при длительной их неоплате,[1265] / [1326],0,1265,0,1326,,,0,0
1328,15,ключ,формир отключ поставок сырья при длительной их неоплате,(-1·[1327] + 1·[13400]) > 0 ? [1] : 0,,,0,1,-1;1,1327;13400,0,0
1331,14,clip Σ,формир отключ поставок сырья при длительной их неоплате,"clip(1·[1277], 0.0001, 1e+07)",0.0001,0,1e+07,0,1,1277,0,0
1332,11,Π/Π,формир отключ поставок сырья при длительной их неоплате,[1275] / [1331],0,1275,0,1331,,,0,0
1333,15,ключ,формир отключ поставок сырья при длительной их неоплате,(-1·[1332] + 1·[12400]) > 0 ? [1] : 0,,,0,1,-1;1,1332;12400,0,0
1362,14,clip Σ,подключение депозитов для погашения долгов поставщикам сырья,"clip(-1·1 + 1·[1410], 0, 100000)",0,0,100000,0,-1;1,const;1410,0,0
1363,2,уставка·Σ,предельная величина максим долга при котором прекращаются инвестиц расходы,5·(1·1),5,1363,,,1,const,0,1
1364,8,max,выбор максимального долга за сырье,"max([1215], [1225], [1235], [1245], [1255], [1265], [1275], [1285])",0;0;0;0;0;0;0;0,1215;1225;1235;1245;1255;1265;1275;1285,,,,,0,0
1365,15,ключ,выключение инвестиций при необходимости платить долги поставщикам сырья,(1·[1363] + -1·[1364]) > 0 ? [1065] : 0,,,0,1065,1;-1,1363;1364,0,0
1366,15,ключ,выключ инвестиций в оплату долгов поставщикам сырья,(-1·[1363] + 1·[1364]) > 0 ? [1065] : 0,,,0,1065,-1;1,1363;1364,0,0
1367,1,Σ,поток денег из депозита и инвестиций для погашения долга поставщикам сырья,1·[1366] + 1·[1086],,,,,1;1,1366;1086,0,0
1400,2,уставка·Σ,предельная величина неоплаты поставок сырья при которой еще сохраняется поставка,1·(1·1),1,1400,,,1,const,0,1
1401,11,Π/Π,возврат долга за поставку сырья из прибыли,[1215]·[1117] / [1410],0;0,1215;1117,0,1410,,,0,0
1402,11,Π/Π,возврат долга за поставку сырья из прибыли,[1225]·[1117] / [1410],0;0,1225;1117,0,1410,,,0,0
1403,11,Π/Π,возврат долга за поставку сырья из прибыли,[1235]·[1117] / [1410],0;0,1235;1117,0,1410,,,0,0
1404,11,Π/Π,возврат долга за поставку сырья из прибыли,[1245]·[1117] / [1410],0;0,1245;1117,0,1410,,,0,0
1405,11,Π/Π,возврат долга за поставку сырья из прибыли,[1255]·[1117] / [1410],0;0,1255;1117,0,1410,,,0,0
1406,11,Π/Π,возврат долга за поставку сырья из прибыли,[1265]·[1117] / [1410],0;0,1265;1117,0,1410,,,0,0
1407,11,Π/Π,возврат долга за поставку сырья из прибыли,[1275]·[1117] / [1410],0;0,1275;1117,0,1410,,,0,0
1410,14,clip Σ,сумма всех долгов за поставку сырья,"clip(1·[1215] + 1·[1225] + 1·[1235] + 1·[1245] + 1·[1255] + 1·[1265] + 1·[1275], 0.001, 1e+08)",0.001,0,1e+08,0,1;1;1;1;1;1;1,1215;1225;1235;1245;1255;1265;1275,0,0
1411,11,Π/Π,возврат долга за поставку сырья из прибыли,[1421]·[1441] / [1420],0;0,1421;1441,0,1420,,,0,0
1412,11,Π/Π,возврат долга за поставку сырья из прибыли,[1422]·[1441] / [1420],0;0,1422;1441,0,1420,,,0,0
1413,11,Π/Π,возврат долга за поставку сырья из прибыли,[1423]·[1441] / [1420],0;0,1423;1441,0,1420,,,0,0
1414,11,Π/Π,возврат долга за поставку сырья из прибыли,[1424]·[1441] / [1420],0;0,1424;1441,0,1420,,,0,0
1415,11,Π/Π,возврат долга за поставку сырья из прибыли,[1425]·[1441] / [1420],0;0,1425;1441,0,1420,,,0,0
1416,11,Π/Π,возврат долга за поставку сырья из прибыли,[1426]·[1441] / [1420],0;0,1426;1441,0,1420,,,0,0
1417,11,Π/Π,возврат долга за поставку сырья из прибыли,[1427]·[1441] / [1420],0;0,1427;1441,0,1420,,,0,0
1420,14,clip Σ,сумма всех долгов за поставку сырья,"clip(1·[1421] + 1·[1422] + 1·[1423] + 1·[1424] + 1·[1425] + 1·[1426] + 1·[1427], 0.001, 1e+08)",0.001,0,1e+08,0,1;1;1;1;1;1;1,1421;1422;1423;1424;1425;1426;1427,0,0
1421,14,clip Σ,потребность в оборотном кредите,"clip(1·[1215] + -1·[1299], 0, 1e+06)",0,0,1e+06,0,1;-1,1215;1299,0,0
1422,14,clip Σ,потребность в оборотном кредите,"clip(1·[1225] + -1·[7299], 0, 1e+06)",0,0,1e+06,0,1;-1,1225;7299,0,0
1423,14,clip Σ,потребность в оборотном кредите,"clip(1·[1235] + -1·[9299], 0, 1e+06)",0,0,1e+06,0,1;-1,1235;9299,0,0
1424,14,clip Σ,потребность в оборотном кредите,"clip(1·[1245] + -1·[10299], 0, 1e+06)",0,0,1e+06,0,1;-1,1245;10299,0,0
1425,14,clip Σ,потребность в оборотном кредите,"clip(1·[1255] + -1·[8299], 0, 1e+06)",0,0,1e+06,0,1;-1,1255;8299,0,0
1426,14,clip Σ,потребность в оборотном кредите,"clip(1·[1265] + -1·[13299], 0, 1e+06)",0,0,1e+06,0,1;-1,1265;13299,0,0
1427,14,clip Σ,потребность в оборотном кредите,"clip(1·[1275] + -1·[12299], 0, 1e+06)",0,0,1e+06,0,1;-1,1275;12299,0,0
1441,7,min,поток кредита из банка,"min([1452], [1445])",0;0,1452;1445,,,,,0,0
1442,5,∫ с пределами,текущий кредитный долг банку,"∫(1·[1441] + -1·[1097] + 1·[1443]) dt, x0=1, pa1=0, hi=1e+07",1;0,0;0,1e+07,0,1;-1;1,1441;1097;1443,0,0
1443,9,Π,поток процентов за выданный оборотный кредит,[1442]·[47],0;0,1442;47,,,,,0,0
1444,14,clip Σ,сигнал о возможности кредитования банком оборотных средств,"clip(-0.1·[1442] + 0.1·[1448], 0, 1)",0,0,1,0,-0.1;0.1,1442;1448,0,0
1445,9,Π,поток кредита оборотных средств выдаваемых банком,[1452]·[1444]·[1446],0;0;0,1452;1444;1446,,,,,0,0
1446,14,clip Σ,сигнал о том что норма прибыли больше ставки кредита,"clip(1·[1450], 0, 1)",0,0,1,0,1,1450,0,0
1447,1,Σ,формирование сигнала о возможности кредитования,1·1 + 1·[1450],,,,,1;1,const;1450,0,0
1448,9,Π,формиросание сигнала о возможности кредитования,[1449]·[1447],0;0,1449;1447,,,,,0,0
1449,2,уставка·Σ,коэф ликвидности основных фондов для возможности банковского кредитования,0.1·(0.1·[1063]),0.1,1449,,,0.1,1063,0,1
1450,2,уставка·Σ,учет превышения нормы приб над ставкой кредита для эффективности кредитования,3·(1·[1451]),3,0,,,1,1451,0,0
1451,11,Π/Π,превышение нормы прибыли ставки кредита,[1058] / [47],0,1058,0,47,,,0,0
1452,9,Π,потребность в оборотном кредите,[1420]·[199],0;0,1420;199,,,,,0,0
1461,9,Π,сигнал о прекращении поставок сырья при неоплате ранее поставленного,[1303]·[88],0;0,1303;88,,,,,0,0
1462,9,Π,сигнал о прекращении поставок сырья при неоплате ранее поставленного,[88]·[1308],0;0,88;1308,,,,,0,0
1463,9,Π,сигнал о прекращении поставок сырья при неоплате ранее поставленного,[88]·[1313],0;0,88;1313,,,,,0,0
1464,9,Π,сигнал о прекращении поставок сырья при неоплате ранее поставленного,[88]·[1318],0;0,88;1318,,,,,0,0
1465,9,Π,сигнал о прекращении поставок сырья при неоплате ранее поставленного,[88]·[1323],0;0,88;1323,,,,,0,0
1466,9,Π,сигнал о прекращении поставок сырья при неоплате ранее поставленного,[88]·[1328],0;0,88;1328,,,,,0,0
1467,9,Π,сигнал о прекращении поставок сырья при неоплате ранее поставленного,[88]·[1333],0;0,88;1333,,,,,0,0
1471,1,Σ,включ сигнала о небходимости прекращения поставок сырья при отсутств их оплаты,1·[1461] + 1·[189],,,,,1;1,1461;189,0,0
1472,1,Σ,включ сигнала о небходимости прекращения поставок сырья при отсутств их оплаты,1·[1462] + 1·[189],,,,,1;1,1462;189,0,0
1473,1,Σ,включ сигнала о небходимости прекращения поставок сырья при отсутств их оплаты,1·[1463] + 1·[189],,,,,1;1,1463;189,0,0
1474,1,Σ,включ сигнала о небходимости прекращения поставок сырья при отсутств их оплаты,1·[1464] + 1·[189],,,,,1;1,1464;189,0,0
1475,1,Σ,включ сигнала о небходимости прекращения поставок сырья при отсутств их оплаты,1·[1465] + 1·[189],,,,,1;1,1465;189,0,0
1476,1,Σ,включ сигнала о небходимости прекращения поставок сырья при отсутств их оплаты,1·[1466] + 1·[189],,,,,1;1,1466;189,0,0
1477,1,Σ,включ сигнала о небходимости прекращения поставок сырья при отсутств их оплаты,1·[1467] + 1·[189],,,,,1;1,1467;189,0,0
1601,1,Σ,накоплено рублей в соц группе,1·[16290],,,,,1,16290,0,0
1602,14,clip Σ,ограничение в доли обмена руб на дол,"clip(1·[1604] + -1·[1605], 0, 10000)",0,0,10000,0,1;-1,1604;1605,0,0
1603,9,Π,заинтересованность в покупке дол,[1602]·[510],0;0,1602;510,,,,,0,0
1604,11,Π/Π,перевод обмениваемых рубл в дол величину и учет доли желательного обмена,[1601]·[810] / [501],0;0,1601;810,0,501,,,0,0
1605,5,∫ с пределами,накоплено дол в соц группе,"∫(1·[1606] + -1·[1609]) dt, x0=1, pa1=0, hi=100000",1;0,0;0,100000,0,1;-1,1606;1609,0.0030187,0
1606,11,Π/Π,поток купленных дол,[556]·[1603] / [808],0;0,556;1603,0,808,,,0,0
1607,7,min,поток проданных дол,"min([1605], [1608])",0;0,1605;1608,,,,,0,0
1608,11,Π/Π,желательный поток продажи дол,[511]·[1605] / [1610],0;0,511;1605,0,1610,,,0,0
1609,11,Π/Π,поток проданных дол,[1607] / [807],0,1607,0,807,,,0,0
1610,14,clip Σ,рост продажи дол при уменьшении колич накопленных рублей,"clip(0.5·[1601], 0.01, 1)",0.01,0,1,0,0.5,1601,0,0
1611,1,Σ,накоплено рублей в соц группе,1·[16390],,,,,1,16390,0,0
1612,14,clip Σ,ограничение в доли обмена руб на дол,"clip(1·[1614] + -1·[1615], 0, 10000)",0,0,10000,0,1;-1,1614;1615,0,0
1613,9,Π,заинтересованность в покупке дол,[1612]·[510],0;0,1612;510,,,,,0,0
1614,11,Π/Π,перевод обмениваемых рубл в дол величину и учет доли желательного обмена,[1611]·[810] / [501],0;0,1611;810,0,501,,,0,0
1615,5,∫ с пределами,накоплено дол в соц группе,"∫(1·[1616] + -1·[1619]) dt, x0=1, pa1=0, hi=100000",1;0,0;0,100000,0,1;-1,1616;1619,0.0200036,0
1616,11,Π/Π,поток купленных дол,[556]·[1613] / [808],0;0,556;1613,0,808,,,0,0
1617,7,min,поток проданных дол,"min([1615], [1618])",0;0,1615;1618,,,,,0,0
1618,11,Π/Π,желательный поток продажи дол,[511]·[1615] / [1620],0;0,511;1615,0,1620,,,0,0
1619,11,Π/Π,поток проданных дол,[1617] / [807],0,1617,0,807,,,0,0
1620,14,clip Σ,рост продажи дол при уменьшении колич накопленных рублей,"clip(0.5·[1611], 0.01, 1)",0.01,0,1,0,0.5,1611,0,0
1621,1,Σ,накоплено рублей в соц группе,1·[16490],,,,,1,16490,0,0
1622,14,clip Σ,ограничение в доли обмена руб на дол,"clip(1·[1624] + -1·[1625], 0, 10000)",0,0,10000,0,1;-1,1624;1625,0,0
1623,9,Π,заинтересованность в покупке дол,[1622]·[510],0;0,1622;510,,,,,0,0
1624,11,Π/Π,перевод обмениваемых рубл в дол величину и учет доли желательного обмена,[1621]·[810] / [501],0;0,1621;810,0,501,,,0,0
1625,5,∫ с пределами,накоплено дол в соц группе,"∫(1·[626] + -1·[629]) dt, x0=1, pa1=0, hi=100000",1;0,0;0,100000,0,1;-1,626;629,0.003,0
1626,11,Π/Π,поток купленных дол,[556]·[603] / [808],0;0,556;603,0,808,,,0,0
1627,7,min,поток проданных дол,"min([605], [1628])",0;0,605;1628,,,,,0,0
1628,11,Π/Π,желательный поток продажи дол,[511]·[605] / [1630],0;0,511;605,0,1630,,,0,0
1629,11,Π/Π,поток проданных дол,[1627] / [807],0,1627,0,807,,,0,0
1630,14,clip Σ,рост продажи дол при уменьшении колич накопленных рублей,"clip(0.5·[601], 0.01, 1)",0.01,0,1,0,0.5,601,0,0
1802,2,уставка·Σ,доход,1·(0.3013·[1026]),1,1802,,,0.3013,1026,0,1
1803,9,Π,сумма подоходн налога из соц группы,[1804]·[1811],0;0,1804;1811,,,,,0,0
1804,9,Π,масса подоходного налога,[1802]·[22],0;0,1802;22,,,,,0,0
1805,4,1/(Tp+1)·g,чистый доход,"clip(1·(1·[1802] + -1·[1806] + -1·[1804]), 0.1, 1)",1,0,1;0.1,0;0,1;-1;-1,1802;1806;1804,8.827,0
1806,9,Π,другие платежи,[1802]·[21],0;0,1802;21,,,,,0,0
1807,9,Π,другие платежи,[1806]·[1811],0;0,1806;1811,,,,,0,0
1808,9,Π,спрос соц группы на услуги,[1874]·[1811],0;0,1874;1811,,,,,0,0
1809,9,Π,спрос на ТНП в социальной группе,[1860]·[1811],0;0,1860;1811,,,,,0,0
1810,9,Π,спрос на стоящ жилье в соц группе,[1844]·[1811],0;0,1844;1811,,,,,0,0
1811,2,уставка·Σ,количество человек в соц группе,1·(1·[1012]),1,1811,,,1,1012,0,1
1812,9,Π,формир фин возмож,[1828]·[1828],0;0,1828;1828,,,,,0,0
1814,10,Σ·[ref],формир финан возм,(2.3·[1812])·[1815],0,1815,,,2.3,1812,0,0
1815,5,∫ с пределами,денежные накопления,"∫(1·[1816] + -1·[1814] + -1·[1870]) dt, x0=1, pa1=0.001, hi=100000",1;0.001,0;0,100000,0,1;-1;-1,1816;1814;1870,3.54006,0
1816,11,Π/Π,формир денежн накоплений,[1838]·[1838]·[1805] / [1819]·[1819],0;0;0,1838;1838;1805,0;0,1819;1819,,,0,0
1817,11,Π/Π,формир соц напряженности,[1815] / [1818],0,1815,0,1818,,,0,0
1818,4,1/(Tp+1)·g,финансовые возможности,"clip(1·(1·[1805] + 1·[1814] + -1·[1816]), 0.1, 1)",1,0,1;0.1,0;0,1;1;-1,1805;1814;1816,8.78683,0
1819,1,Σ,формирование денежн накоплений,1·1 + 1·[1838],,,,,1;1,const;1838,0,0
1820,1,Σ,расходы на ТНП Услуги и Досуг,1·[1818] + -1·[1821],,,,,1;-1,1818;1821,0,0
1821,9,Π,расходы на ПП и Жилье,[1831]·[1818],0;0,1831;1818,,,,,0,0
1822,12,Π/Σ,расходы на ПП,[1828]·[1821] / (1·[1828] + 1·[1836]),0;0,1828;1821,,,1;1,1828;1836,0,0
1823,14,clip Σ,расходы на жилье,"clip(1·[1821] + -1·[1822] + -1·[70], 0.01, 1e+07)",0.01,0,1e+07,0,1;-1;-1,1821;1822;70,0,0
1824,2,уставка·Σ,масштабир цены ПП в соц гр,0.08·(1·[4197]),0.08,0,,,1,4197,0,0
1825,12,Π/Σ,формир доли на ПП,[1824] / (0.001·1 + 0.2·[1822]),0,1824,,,0.001;0.2,const;1822,0,0
1826,11,Π/Π,спрос соц группы на ПП,[1811]·[1822] / [1824],0;0,1811;1822,0,1824,,,0,0
1827,12,Π/Σ,формир доли на ПП,[1825] / (1·[1825] + 1·[1822]),0,1825,,,1;1,1825;1822,0,0
1828,4,1/(Tp+1)·g,формир доли на ПП,"clip(1·(1·[1827]), 0.1, 1)",1,0,1;0.1,0;0,1,1827,0.388726,0
1829,14,clip Σ,,"clip(1·1 + -4·[1832], 0, 1)",0,0,1,0,1;-4,const;1832,0,0
1830,11,Π/Π,спрос на ПП,[1822] / [1824],0,1822,0,1824,,,0,0
1831,14,clip Σ,формир доли на ПП и Жил,"clip(1·[1828] + 1·[1836], 0, 1)",0,0,1,0,1;1,1828;1836,0,0
1832,14,clip Σ,формир доли на Жил,"clip(-0.5·1 + 1·[1828], 0, 100)",0,0,100,0,-0.5;1,const;1828,0,0
1833,1,Σ,формир доли на Жил,1·1 + 1·[1832],,,,,1;1,const;1832,0,0
1834,23,?23,формир доли на Жил,?23(1·[1833]; 10),10,0,,,1,1833,0,0
1835,11,Π/Π,доля на жилье,[1857] / [1834],0,1857,0,1834,,,0,0
1836,12,Π/Σ,доля на Жил,[1835] / (1·1 + 5·[1835]),0,1835,,,1;5,const;1835,0,0
1837,14,clip Σ,всего расходов на ТНП и др,"clip(1·[1820] + -1·[1856], 0, 1000)",0,0,1000,0,1;-1,1820;1856,0,0
1838,1,Σ,уровень жизни,1·1 + -1·[1828],,,,,1;-1,const;1828,0,0
1839,12,Π/Σ,натуральный спрос на покупку жилья (удовлетворенный),[1844] / (0.01·1 + 1·[1842]),0,1844,,,0.01;1,const;1842,0,0
1840,2,уставка·Σ,коэф перевода года в мес,1·(1·[1823]),1,0,,,1,1823,0,0
1841,11,Π/Π,спрос на строит жилья,[1840]·[1840] / [1842]·[1842],0;0,1840;1840,0;0,1842;1842,,,0,0
1842,2,уставка·Σ,цена строящ жилья,1·(1·[3120]),1,0,,,1,3120,0,0
1843,12,Π/Σ,доля на покупку жилья,[1848]·[1849]·[1841]·[1829] / (0.1·1 + 1·[1841]),0;0;0;0,1848;1849;1841;1829,,,0.1;1,const;1841,0,0
1844,9,Π,расходы на покупку жилья,[1823]·[1843],0;0,1823;1843,,,,,0,0
1845,14,clip Σ,расходы на наем жилья,"clip(1·[1823] + -1·[1844], 0, 1e+07)",0,0,1e+07,0,1;-1,1823;1844,0,0
1846,12,Π/Σ,формиров доли расходов на покупку жилья,[1853] / (1·[1842] + 1·[1853]),0,1853,,,1;1,1842;1853,0,0
1847,12,Π/Σ,формир доли расходов на покупку жилья,[1853] / (20·[1892]),0,1853,,,20,1892,0,0
1848,4,1/(Tp+1)·g,формир доли расх на жилье,"clip(1·(1·[1846]), 0.1, 1)",1,0,1;0.1,0;0,1,1846,0.353724,0
1849,4,1/(Tp+1)·g,формир доли расх на жилье,"clip(1·(1·[1847]), 0.1, 1)",1,0,1;0.1,0;0,1,1847,1,0
1850,9,Π,спрос на досуг в соц группы,[1811]·[1866]·[1837],0;0;0,1811;1866;1837,,,,,0,0
1851,5,∫ с пределами,куплено всего жилья,"∫(1·[1839] + -0.01·[1854]) dt, x0=1, pa1=0, hi=10000",1;0,0;0,10000,0,1;-0.01,1839;1854,8.23911,0
1852,12,Π/Σ,всего нанято жилья,[1845] / (0.1·[1853]),0,1845,,,0.1,1853,0,0
1853,2,уставка·Σ,цена найма жилья,1·(1·[3]),1,0,,,1,3,0,0
1854,12,Π/Σ,коэф амортизац купленного жилья,[1851] / (1·1 + 1.5·[1874]),0,1851,,,1;1.5,const;1874,0,0
1855,4,1/(Tp+1)·g,всего имеется жилья,"clip(2·(2·[1852] + 1·[1851]), 0.01, 1)",2,0,1;0.01,0;0,2;1,1852;1851,35.1346,0
1856,9,Π,поток уплаты налога за купленное жилье,[1851]·[1892],0;0,1851;1892,,,,,0,0
1857,11,Π/Π,отношение нормы жилья к имеещемуся,[1893] / [1855],0,1893,0,1855,,,0,0
1858,12,Π/Σ,качество жизни,[1866]·[400] / (1·[1857] + 1·[1828]),0;0,1866;400,,,1;1,1857;1828,0,0
1859,2,уставка·Σ,масшт спроса на аренду жилья для весов ценн в расходах,0.1·(1·[1852]),0.1,0,,,1,1852,0,0
1860,11,Π/Π,поток покупок ТНП,[1864]·[1837] / [1873]·[5150],0;0,1864;1837,0;0,1873;5150,,,0,0
1861,5,∫ с пределами,накоплено купленных ТНП,"∫(1·[1860] + -1·[1862]) dt, x0=0.5, pa1=1, hi=10000",0.5;1,0;0,10000,0,1;-1,1860;1862,22.2804,0
1862,12,Π/Σ,амортизация ТНП,[1861] / (10·1 + 20·[1874]),0,1861,,,10;20,const;1874,0,0
1863,2,уставка·Σ,всего имущества (ТНП+Жил),0.03·(1·[1861] + 1·[1855]),0.03,0,,,1;1,1861;1855,0,0
1864,12,Π/Σ,треб ТНП,[1855] / (0.01·1 + 0.4·[1861]),0,1855,,,0.01;0.4,const;1861,0,0
1865,12,Π/Σ,треб услуг,[1863] / (1·1 + 1·[1863]),0,1863,,,1;1,const;1863,0,0
1866,11,Π/Π,формир спроса на досуг,[1875]·[1837] / [1873]·[4]·[4]·[4],0;0,1875;1837,0;0;0;0,1873;4;4;4,,,0,0
1867,9,Π,объем потребляемых благ в соц сфере для формиров натуральн потребности в эл-эн,[1873]·[1811],0;0,1873;1811,,,,,0,0
1868,1,Σ,всего расходы на личное жилье (его приобретение и налог при его содержании),1·[1856] + 1·[1844],,,,,1;1,1856;1844,0,0
1870,14,clip Σ,уровень денежн нак при котором нчинается активное приобрет жилья,"clip(-3.5·1 + 1·[1815], 0, 1e+08)",0,0,1e+08,0,-3.5;1,const;1815,0,0
1871,2,уставка·Σ,Цдосуга,1.25·(1·1),1.25,0,,,1,const,0,0
1873,4,1/(Tp+1)·g,сумма потребностей в усл+досуге+ТНП,"clip(1·(1·[1864] + 1·[1865] + 1·[1875]), 0.01, 1)",1,0,1;0.01,0;0,1;1;1,1864;1865;1875,7.87407,0
1874,11,Π/Π,спрос на услуги,[1865]·[1837] / [5]·[1873],0;0,1865;1837,0;0,5;1873,,,0,0
1875,12,Π/Σ,поток услуг освобождающий время на досуг,[1874]·[1888] / (0.1·1 + 1·[1874]),0;0,1874;1888,,,0.1;1,const;1874,0,0
1876,11,Π/Π,вес цены блага в расходах соц группы,[1866]·[4]·[4] / [1818],0;0;0,1866;4;4,0,1818,,,0,0
1877,11,Π/Π,вес цены блага в расходах соц группы,[1874]·[5]·[5] / [1818],0;0;0,1874;5;5,0,1818,,,0,0
1878,11,Π/Π,вес цены блага в расходах соц группы,[1860]·[5150]·[5150] / [1818],0;0;0,1860;5150;5150,0,1818,,,0,0
1879,11,Π/Π,вес цены блага в расходах соц группы,[1859]·[3]·[3] / [1818],0;0;0,1859;3;3,0,1818,,,0,0
1880,11,Π/Π,вес цены блага в расходах соц группы,[1841]·[1842]·[1842] / [1818],0;0;0,1841;1842;1842,0,1818,,,0,0
1881,11,Π/Π,вес цены блага в расходах соц группы,[1826]·[1824]·[1824] / [1818]·[1811],0;0;0,1826;1824;1824,0;0,1818;1811,,,0,0
1885,12,Π/Σ,индекс социальной напряженности,[1887]·[1886] / (1·1 + 0.5·[1887]),0;0,1887;1886,,,1;0.5,const;1887,0,0
1886,1,Σ,формир потребн в досуге от соц напряж,1·1 + 2·[1005],,,,,1;2,const;1005,0,0
1887,12,Π/Σ,треб досуга,[1] / (5·[1858] + 1·[1817]),0,1,,,5;1,1858;1817,0,0
1888,4,1/(Tp+1)·g,треб досуга,"clip(1·(1·[1863] + 1·[1815]), 0.1, 1)",1,0,1;0.1,0;0,1;1,1863;1815,5.26259,0
1889,9,Π,накоплено денег в соц группе для возможной покупки дол,[1870]·[1811],0;0,1870;1811,,,,,0,0
1890,9,Π,уровень денежн накоплений насел при котором начинают покупать дол,[1815],0,1815,,,,,0,0
1891,1,Σ,сумма абсол знач весов цен благ соц гр,1·[1876] + 1·[1877] + 1·[1878] + 1·[1879] + 1·[1880] + 1·[1881],,,,,1;1;1;1;1;1,1876;1877;1878;1879;1880;1881,0,0
1892,2,уставка·Σ,ставка налога на жилье,1·(1·[7]),1,0,,,1,7,0,0
1893,2,уставка·Σ,норма жилья,10·(1·1),10,1893,,,1,const,0,1
1894,11,Π/Π,относит вес цены на ПП,[1881] / [1891],0,1881,0,1891,,,0,0
1895,11,Π/Π,относительный вес цены куплен жилья,[1880] / [1891],0,1880,0,1891,,,0,0
1896,11,Π/Π,относительный вес цены досуга,[1876] / [1891],0,1876,0,1891,,,0,0
1897,11,Π/Π,относительный вес цены услуг,[1877] / [1891],0,1877,0,1891,,,0,0
1898,11,Π/Π,относительный вес цены ТНП,[1878] / [1891],0,1878,0,1891,,,0,0
1899,11,Π/Π,относительный вес цены аренд жилья,[1879] / [1891],0,1879,0,1891,,,0,0
2001,14,clip Σ,реальн произв продукции,"clip(1·[2011], 0.2, 11111)",0.2,0,11111,0,1,2011,0,0
2002,4,1/(Tp+1)·g,потенц произв продукции,"clip(1·(1·[2011]), 0.01, 1)",1,0,1;0.01,0;0,1,2011,0.998246,0
2003,7,min,огранич в произв продукции,"min([2213], [2223], [2233], [2243], [2253], [2263], [2273], [2203])",0;0;0;0;0;0;0;0,2213;2223;2233;2243;2253;2263;2273;2203,,,,,0,0
2004,14,clip Σ,производство продукции,"clip(1·[2017], 0.001, 10000)",0.001,0,10000,0,1,2017,0,0
2005,12,Π/Σ,степень безработицы в секторе,[232]·[2030] / (0.0001·1 + 1·[2009]),0;0,232;2030,,,0.0001;1,const;2009,0,0
2006,9,Π,МЗ от импорта,[2206]·[501],0;0,2206;501,,,,,0,0
2007,7,min,всего реализовано продукции,"min([2001], [2004])",0;0,2001;2004,,,,,0,0
2008,4,1/(Tp+1)·g,10,"clip(1·(1.17·[2018]), 0.02, 1)",1,0,1;0.02,0;0,1.17,2018,560.252,0
2009,10,Σ·[ref],требуется труда с учетом сменности и потребн в продукции,(0.15·[2093])·[2025],0,2025,,,0.15,2093,0,0
2010,12,Π/Σ,цена рыночная,[2116] / (0.2·1 + 0.8·[2004]),0,2116,,,0.2;0.8,const;2004,0,0
2011,10,Σ·[ref],потенциальное производство продукции,(0.06666·[2080])·[2029],0,2029,,,0.06666,2080,0,0
2012,2,уставка·Σ,подано труда,17·(1·1),17,2012,,,1,const,0,1
2013,11,Π/Π,расходы сект на Фп,[2365]·[2066] / [2072],0;0,2365;2066,0,2072,,,0,0
2014,11,Π/Π,расходы сект на Фа,[2365]·[2068] / [2072],0;0,2365;2068,0,2072,,,0,0
2015,11,Π/Π,количество прибыли для импортного оборудования,[2365]·[2075] / [2072],0;0,2365;2075,0,2072,,,0,0
2016,2,уставка·Σ,общее предложение труда в секторе производства,2·(1·[2012] + 1·[235]),2,0,,,1;1,2012;235,0,0
2017,4,1/(Tp+1)·g,,"clip(1·(1·[2011]), 0.02, 1)",1,0,1;0.02,0;0,1,2011,1,0
2018,1,Σ,сумма номинальных материальных затрат,1·[2006] + 1·[2217] + 1·[2227] + 1·[2237] + 1·[2247] + 1·[2257] + 1·[2267] + 1·[2277],,,,,1;1;1;1;1;1;1;1,2006;2217;2227;2237;2247;2257;2267;2277,0,0
2019,9,Π,цена Фа,[2037]·[2105],0;0,2037;2105,,,,,0,0
2020,2,уставка·Σ,ставка зарплаты,1.1·(1·1),1.1,2020,,,1,const,0,1
2021,1,Σ,условно средняя цена поставляемых новых фондов для их развития,0.5·[2039] + 0.5·[3039],,,,,0.5;0.5,2039;3039,0,0
2025,5,∫ с пределами,К сменности,"∫(1·[2076] + -1·[2004]) dt, x0=1, pa1=0.2, hi=2.5",1;0.2,0;0,2.5,0,1;-1,2076;2004,0.998,0
2026,13,Σ/Π,доход на одного в соц группе машиност,(1·[2052] + 1·[2032]) / [2029],,,0,2029,1;1,2052;2032,0,0
2027,2,уставка·Σ,выручка как сумма платежей потребителей продукции,1.1054·(1·[2357]),1.1054,0,,,1,2357,0,0
2029,7,min,спользуется труда,"min([2016], [2009])",0;0,2016;2009,,,,,0,0
2030,14,clip Σ,безработица,"clip(1·[2012] + -1·[2029], 0, 100000)",0,0,100000,0,1;-1,2012;2029,0,0
2031,10,Σ·[ref],индексация зарплаты,(12·1)·[2020],0,2020,,,12,const,0,0
2032,9,Π,поток зарплаты,[2029]·[2031],0;0,2029;2031,,,,,0,0
2033,1,Σ,общие затраты,1·[2008] + 1·[2051] + 1·[2032],,,,,1;1;1,2008;2051;2032,0,0
2034,1,Σ,все затраты,1·[2033] + 1·[2055],,,,,1;1,2033;2055,0,0
2035,13,Σ/Π,себестоимость,(1·[2034]) / [2004],,,0,2004,1,2034,0,0
2036,9,Π,формирование цены,[2112]·[2113]·[2035],0;0;0,2112;2113;2035,,,,,0,0
2037,4,1/(Tp+1)·g,цена без НДС,"clip(0.8258·(1·[2038] + 1·[2036]), 0.02, 1)",0.8258,0,1;0.02,0;0,1;1,2038;2036,1306.76,0
2038,9,Π,формирование рыночной цены (с учетом ее доли в общей цене),[2035]·[2112]·[2114],0;0;0,2035;2112;2114,,,,,0,0
2039,4,1/(Tp+1)·g,цена с НДС,"clip(1·(1·[2019]), 0.02, 1)",1,0,1;0.02,0;0,1,2019,1493.14,0
2040,9,Π,выручка без НДС,[2037]·[2007],0;0,2037;2007,,,,,0,0
2041,4,1/(Tp+1)·g,сумма выручек внутренней,"clip(1·(1·[992]), 0.02, 1)",1,0,1;0.02,0;0,1,992,86.8012,0
2042,2,уставка·Σ,сумма выручек внутренней и экспортной,1·(1·[2041] + 1·[2027] + 1·[362]),1,0,,,1;1;1,2041;2027;362,0,0
2043,14,clip Σ,добавленная стоимость,"clip(1·[2042] + -1·[2008], 0, 10000)",0,0,10000,0,1;-1,2042;2008,0,0
2044,14,clip Σ,балансовая прибыль,"clip(1·[2043] + -1·[2050] + -1·[2047] + -1·[2097] + -1·[2054] + -1·[2032] + -1·[2048] + -1·[2073] + -1·[2137], 0, 10000)",0,0,10000,0,1;-1;-1;-1;-1;-1;-1;-1;-1,2043;2050;2047;2097;2054;2032;2048;2073;2137,0,0
2045,1,Σ,чистая прибыль,1·[2044] + -1·[2049],,,,,1;-1,2044;2049,0,0
2046,2,уставка·Σ,стоимость вводимых основных фондов,0.356·(1·[2078] + 1·[2079] + 1·[2200]),0.356,0,,,1;1;1,2078;2079;2200,0,0
2047,9,Π,поток НДС,[2043]·[24],0;0,2043;24,,,,,0,0
2048,9,Π,поток налога с выручки,[2042]·[23],0;0,2042;23,,,,,0,0
2049,9,Π,поток налога на прибыль,[25]·[2044],0;0,25;2044,,,,,0,0
2050,9,Π,поток налога на фонды,[2063]·[26],0;0,2063;26,,,,,0,0
2051,9,Π,амортизация в себестоимости,[2063]·[2064],0;0,2063;2064,,,,,0,0
2052,12,Π/Σ,доля прибыли в потребление,[2074]·[2045] / (5·1 + 1·[2074]),0;0,2074;2045,,,5;1,const;2074,0,0
2053,4,1/(Tp+1)·g,ФОТ,"clip(1·(1·[2052] + 1·[2032]), 0.1, 1)",1,0,1;0.1,0;0,1;1,2052;2032,397.759,0
2054,9,Π,налог на ФОТ,[2053]·[28],0;0,2053;28,,,,,0,0
2055,1,Σ,сумма налогов,1·[2054] + 1·[2050] + 1·[2048],,,,,1;1;1,2054;2050;2048,0,0
2056,4,1/(Tp+1)·g,инвестируемая прибыль,"clip(1·(1·[2045] + -1·[2052]), 0.01, 1)",1,0,1;0.01,0;0,1;-1,2045;2052,71.6592,0
2057,12,Π/Σ,норма прибыли,[2045] / (0.001·1 + 1·[2049] + 1·[2034]),0,2045,,,0.001;1;1,const;2049;2034,0,0
2058,4,1/(Tp+1)·g,степень финансовых возможностей,"clip(1·(1·[2057]), 0.1, 1)",1,0,1;0.1,0;0,1,2057,0.189662,0
2059,14,clip Σ,индекс финансовых возможностей,"clip(20·[2058], 0, 1)",0,0,1,0,20,2058,0,0
2060,14,clip Σ,степень недостаточности финансов,"clip(1·1 + -1·[2059], 0, 1)",0,0,1,0,1;-1,const;2059,0,0
2061,14,clip Σ,норма выплаты амортизации,"clip(1·[2056], 0, 1)",0,0,1,0,1,2056,0,0
2062,9,Π,реальный поток амортизации,[2061]·[2063]·[2064],0;0;0,2061;2063;2064,,,,,0,0
2063,5,∫ с пределами,стоимость производственных фондов,"∫(1·[2046] + -1·[2073]) dt, x0=0.1, pa1=0, hi=10000",0.1;0,0;0,10000,0,1;-1,2046;2073,2500,0
2064,2,уставка·Σ,коэффициент амортизации,10·(0.01·1),10,2064,,,0.01,const,0,1
2065,2,уставка·Σ,всего инвестиций,1.755·(1·[2056] + 1·[2086] + 1·[2073]),1.755,0,,,1;1;1,2056;2086;2073,0,0
2066,2,уставка·Σ,доля строит в инвестициях,1·(1·1),1,2066,,,1,const,0,1
2067,11,Π/Π,расходы прибыли в строит,[2365]·[2066] / [2072]·[3039],0;0,2365;2066,0;0,2072;3039,,,0,0
2068,2,уставка·Σ,доля машиностроен в инвестиц,2.5·(1·1),2.5,2068,,,1,const,0,1
2069,11,Π/Π,расходы прибыли в машин,[2068]·[2365] / [2039]·[2072],0;0,2068;2365,0;0,2039;2072,,,0,0
2070,2,уставка·Σ,доля НИОКР в инвестиц,0.5·(1·1),0.5,2070,,,1,const,0,1
2071,2,уставка·Σ,доля депозита в инвестиц,0.5·(1·1),0.5,2071,,,1,const,0,1
2072,1,Σ,сумма долей распределения прибыли,1·[2066] + 1·[2068] + 1·[2070] + 1·[2071] + 1·[2075],,,,,1;1;1;1;1,2066;2068;2070;2071;2075,0,0
2073,7,min,реальные амортизационные выплаты,"min([2062], [2056])",0;0,2062;2056,,,,,0,0
2074,14,clip Σ,формирование доли прибыли в потребление,"clip(-5·1 + 100·[2058], 0.2, 100)",0.2,0,100,0,-5;100,const;2058,0,0
2075,2,уставка·Σ,доля прибыли для импорта Фа,0.5·(1·1),0.5,2075,,,1,const,0,1
2076,9,Π,,[2003]·[2116],0;0,2003;2116,,,,,0,0
2077,12,Π/Σ,отношение суммы налогов к добавленной стоимости,[2055] / (0.001·1 + 1·[2043]),0,2055,,,0.001;1,const;2043,0,0
2078,9,Π,стоимость вводимых  Фа,[2039]·[2122],0;0,2039;2122,,,,,0,0
2079,9,Π,стоимость вводимых  Фп,[3039]·[3122],0;0,3039;3122,,,,,0,0
2080,5,∫ с пределами,производительность труда,"∫(1·[2108] + 0·[2080]) dt, x0=1, pa1=0.2, hi=100000",1;0.2,0;0,100000,0,1;0,2108;2080,1.00036,0
2081,11,Π/Π,расходы прибыли в НИОКР,[2365]·[2070] / [2072],0;0,2365;2070,0,2072,,,0,0
2082,11,Π/Π,расходы прибыли в депозиты,[2365]·[2071] / [2072],0;0,2365;2071,0,2072,,,0,0
2083,3,∫,накопленный депозит,"∫(1·[2082] + 1·[2085] + -1·[2086]) dt, x0=0.001",0.001,0,,,1;1;-1,2082;2085;2086,16.96,0
2084,14,clip Σ,степень возможностей депозита,"clip(100·[2083], 0, 1)",0,0,1,0,100,2083,0,0
2085,9,Π,самовозрастание депозита,[2083]·[230],0;0,2083;230,,,,,0,0
2086,9,Π,поток инвестиций из депозита,[2362]·[2084],0;0,2362;2084,,,,,0,0
2088,2,уставка·Σ,формир потока амортизац Фа,0.5405·(100·[2122] + 1·[822]),0.5405,0,,,100;1,2122;822,0,0
2089,5,∫ с пределами,количество Фа,"∫(1·[2088] + -1·[2090]) dt, x0=0.01, pa1=0.01, hi=10000",0.01;0.01,0;0,10000,0,1;-1,2088;2090,100,0
2090,9,Π,реальная амортизация Фа,[2064]·[2004]·[2089],0;0;0,2064;2004;2089,,,,,0,0
2091,9,Π,поток амортизации Фп,[2064]·[2092],0;0,2064;2092,,,,,0,0
2092,5,∫ с пределами,количество Фп,"∫(123.45·[3122] + -1·[2091]) dt, x0=0.01, pa1=0.01, hi=10000",0.01;0.01,0;0,10000,0,123.45;-1,3122;2091,99.9973,0
2093,12,Π/Σ,количество рабочих мест,[2092]·[2089] / (0.5·[2092] + 0.5·[2089]),0;0,2092;2089,,,0.5;0.5,2092;2089,0,0
2094,4,1/(Tp+1)·g,продукция для реализации,"clip(1·(1·[2007]), 0.1, 1)",1,0,1;0.1,0;0,1,2007,0.998239,0
2095,4,1/(Tp+1)·g,формиров возврата кредитов,"clip(1·(1·[2044]), 0.1, 1)",1,0,1;0.1,0;0,1,2044,388.313,0
2096,7,min,формиров возврата кредитов,"min([2095], [2442])",0;0,2095;2442,,,,,0,0
2097,2,уставка·Σ,темп возврата кредитов,0·(1·[2096]),0,2097,,,1,2096,0,1
2100,10,Σ·[ref],сумма инвестиционных средств для изменения производительности фондов,(0.02838·[2081] + 0.02838·[822])·[880],0,880,,,0.02838;0.02838,2081;822,0,0
2101,1,Σ,алгоритм НДС,1·1 + -1·[24],,,,,1;-1,const;24,0,0
2102,11,Π/Π,алгоритм НДС,[2104]·[24] / [2101]·[2103],0;0,2104;24,0;0,2101;2103,,,0,0
2103,14,clip Σ,формирование НДС,"clip(1·[2040], 0.01, 10000)",0.01,0,10000,0,1,2040,0,0
2104,14,clip Σ,алгоритм НДС,"clip(1·[2040] + -1·[2008], 0, 10000)",0,0,10000,0,1;-1,2040;2008,0,0
2105,1,Σ,алгоритм НДС,1·1 + 1·[2102],,,,,1;1,const;2102,0,0
2106,1,Σ,+/- потока основных активных фондов,1·[2122] + -0.0083·[2090],,,,,1;-0.0083,2122;2090,0,0
2107,1,Σ,+/- потока основных пассивных фондов,1·[3122] + -0.0078·[2091],,,,,1;-0.0078,3122;2091,0,0
2108,14,clip Σ,,"clip(1·[2100] + -1·[2080], 0, 100000)",0,0,100000,0,1;-1,2100;2080,0,0
2109,12,Π/Σ,отношение к спросу на продукцию,[2004] / (1e-05·1 + 1·[2116]),0,2004,,,1e-05;1,const;2116,0,0
2110,14,clip Σ,индекс достаточности предложения,"clip(1·[2109], 0, 1)",0,0,1,0,1,2109,0,0
2112,2,уставка·Σ,норматив прибыли монополиста,1.2·(1·1),1.2,2112,,,1,const,0,1
2113,2,уставка·Σ,степень монополизма,0.3·(1·1),0.3,2113,,,1,const,0,1
2114,10,Σ·[ref],монопольная цена с ее долей,(1·1 + -1·[2113])·[2010],0,2010,,,1;-1,const;2113,0,0
2116,4,1/(Tp+1)·g,3умма спросов,"clip(1·(1.0515·[2119]), 0.02, 1)",1,0,1;0.02,0;0,1.0515,2119,0.998271,0
2117,1,Σ,суммарный поток денег возврата долгов поставщикам сырья,1·[2137] + 1·[2367],,,,,1;1,2137;2367,0,0
2119,4,1/(Tp+1)·g,сумма спросов,"clip(1·(1·[2141] + 1·[2142] + 1·[2143] + 1·[2144] + 1·[2145] + 1·[2146] + 1·[2147] + 1·[2148] + 1·[2149] + 1·[2150] + 1·[2151] + 1·[2152] + 1·[2153] + 1·[2155]), 0.02, 1)",1,0,1;0.02,0;0,1;1;1;1;1;1;1;1;1;1;1;1;1;1,2141;2142;2143;2144;2145;2146;2147;2148;2149;2150;2151;2152;2153;2155,0.949381,0
2121,11,Π/Π,доля продукции потребителю из маш в сыр,[2094]·[2141] / [2001],0;0,2094;2141,0,2001,,,0,0
2122,11,Π/Π,доля продукции потребителю из маш в маш,[2094]·[2142] / [2001],0;0,2094;2142,0,2001,,,0,0
2123,11,Π/Π,доля продукц машин в строит,[2094]·[2143] / [2001],0;0,2094;2143,0,2001,,,0,0
2124,11,Π/Π,доля маин в с-х,[2094]·[2144] / [2001],0;0,2094;2144,0,2001,,,0,0
2125,11,Π/Π,доля машин в ТНП,[2094]·[2145] / [2001],0;0,2094;2145,0,2001,,,0,0
2126,11,Π/Π,доля продукции машин в ВПК,[2094]·[2146] / [2001],0;0,2094;2146,0,2001,,,0,0
2127,11,Π/Π,доля продукции машин в угольн,[2094]·[2147] / [2001],0;0,2094;2147,0,2001,,,0,0
2128,11,Π/Π,доля продукции машин в нефть,[2094]·[2148] / [2001],0;0,2094;2148,0,2001,,,0,0
2129,11,Π/Π,доля продукции машин в газпром,[2094]·[2149] / [2001],0;0,2094;2149,0,2001,,,0,0
2130,11,Π/Π,доля продукции машин в эл-эн,[2094]·[2150] / [2001],0;0,2094;2150,0,2001,,,0,0
2131,11,Π/Π,доля продукции машин в пищев пром,[2094]·[2151] / [2001],0;0,2094;2151,0,2001,,,0,0
2132,11,Π/Π,доля продукции машин в трансп,[2094]·[2152] / [2001],0;0,2094;2152,0,2001,,,0,0
2133,11,Π/Π,доля продукции машин в проч пром,[2094]·[2153] / [2001],0;0,2094;2153,0,2001,,,0,0
2134,11,Π/Π,доля продукции машин на экспорт,[2094]·[2154] / [2001],0;0,2094;2154,0,2001,,,0,0
2135,11,Π/Π,доля машин в бюджет,[2094]·[2155] / [2001],0;0,2094;2155,0,2001,,,0,0
2136,11,Π/Π,доля машин в торговлю,[2094]·[2156] / [2001],0;0,2094;2156,0,2001,,,0,0
2137,9,Π,поток возврата долгов проставщикам,[2138]·[99],0;0,2138;99,,,,,0,0
2138,2,уставка·Σ,коэф уменьшения возврата долгов поставщикам сырья,0·(1·[2139]),0,2138,,,1,2139,0,1
2139,7,min,требуемый поток возврата долгов поставщикам сырья,"min([2095], [2410])",0;0,2095;2410,,,,,0,0
2141,4,1/(Tp+1)·g,спрос на сырье в сырье,"clip(1·(1·[1069]), 0.01, 1)",1,0,1;0.01,0;0,1,1069,0.0636871,0
2142,4,1/(Tp+1)·g,спрос на сырье из маш,"clip(1·(1·[2069]), 0.01, 1)",1,0,1;0.01,0;0,1,2069,0.0842264,0
2143,4,1/(Tp+1)·g,спрос на сырье из строит,"clip(1·(1·[3069]), 0.01, 1)",1,0,1;0.01,0;0,1,3069,0.0281491,0
2144,4,1/(Tp+1)·g,спрос на сырье из с-х,"clip(1·(1·[4069]), 0.1, 1)",1,0,1;0.1,0;0,1,4069,0.0881291,0
2145,4,1/(Tp+1)·g,спрос на сырье из ТНП,"clip(1·(1·[5069]), 0.01, 1)",1,0,1;0.01,0;0,1,5069,0.0804018,0
2146,4,1/(Tp+1)·g,спрос на сырье из ВПК,"clip(1·(1·[6069]), 0.01, 1)",1,0,1;0.01,0;0,1,6069,0.0692548,0
2147,4,1/(Tp+1)·g,спрос на сырье в угле,"clip(1·(1·[7069]), 0.01, 1)",1,0,1;0.01,0;0,1,7069,0.0346155,0
2148,4,1/(Tp+1)·g,спрос на сырье из нефти,"clip(1·(1·[8069]), 0.01, 1)",1,0,1;0.01,0;0,1,8069,0.100124,0
2149,4,1/(Tp+1)·g,спрос на сырье из газа,"clip(1·(1·[9069]), 0.01, 1)",1,0,1;0.01,0;0,1,9069,0.0165965,0
2150,4,1/(Tp+1)·g,спрос на сырье из эл-энер,"clip(1·(1·[10069]), 0.01, 1)",1,0,1;0.01,0;0,1,10069,0.0450667,0
2151,4,1/(Tp+1)·g,спрос на маш из пищев пром,"clip(1·(1·[11069]), 0.01, 1)",1,0,1;0.01,0;0,1,11069,0.0293342,0
2152,4,1/(Tp+1)·g,спрос на сырье из транспорта,"clip(1·(1·[12069]), 0.01, 1)",1,0,1;0.01,0;0,1,12069,0.0404685,0
2153,4,1/(Tp+1)·g,спрос на сырье из проч пром,"clip(1·(1·[13069]), 0.01, 1)",1,0,1;0.01,0;0,1,13069,0.0301919,0
2154,4,1/(Tp+1)·g,спрос на экспортное маш,"clip(1·(1·[2161]), 0.1, 1)",1,0,1;0.1,0;0,1,2161,0.045,0
2155,4,1/(Tp+1)·g,спрос на маш в бюджет,"clip(1·(1·[262]), 0.1, 1)",1,0,1;0.1,0;0,1,262,0.239138,0
2156,4,1/(Tp+1)·g,спрос на сырье из торговли,"clip(1·(1·[802]), 0.1, 1)",1,0,1;0.1,0;0,1,802,0.0496894,0
2160,2,уставка·Σ,экспортная цена в дол,1·(65·1),1,2160,,,65,const,0,1
2161,7,min,заявка на экспорт в секторе сырья,"min([2171], [2163], [2162])",0;0;0,2171;2163;2162,,,,,0,0
2162,15,ключ,ограничение экспортаот низкой цены экспорта,(-1·1 + 1·[2164]) > 0 ? [1] : 0,,,0,1,-1;1,const;2164,0,0
2163,2,уставка·Σ,квота экспорта на сырье,50·(0.01·1),50,2163,,,0.01,const,0,1
2164,13,Σ/Π,доля экспорта сырья,(1.2·[2165]) / [2039]·[2166],,,0;0,2039;2166,1.2,2165,0,0
2165,9,Π,цена экспорта сырья в рубл,[2160]·[501],0;0,2160;501,,,,,0,0
2166,1,Σ,таможенный тариф на машин,1·1 + 1·[322],,,,,1;1,const;322,0,0
2167,10,Σ·[ref],экспортная выручка в рублевом выражении,(1.333·[2170])·[501],0,501,,,1.333,2170,0,0
2168,9,Π,объем уплаты тарифа,[2169]·[322],0;0,2169;322,,,,,0,0
2169,9,Π,экспортная выручка в долл,[2160]·[2134],0;0,2160;2134,,,,,0,0
2170,10,Σ·[ref],предлож долл от экспортной выручки на бирже,(1.25·[2176])·[530],0,530,,,1.25,2176,0,0
2171,2,уставка·Σ,,4.5·(0.01·1),4.5,2171,,,0.01,const,0,1
2173,1,Σ,остаток экспортн выр в дол после продажи необх доли выручки на бирже,1.25·[2176] + -1·[2170],,,,,1.25;-1,2176;2170,0,0
2174,5,∫ с пределами,дол накопления в секторе,"∫(1·[2173] + -1·[2199]) dt, x0=1, pa1=0, hi=1e+06",1;0,0;0,1e+06,0,1;-1,2173;2199,167.02,0
2175,9,Π,дол из чистой прибыли на закупку Фа,[2015]·[527],0;0,2015;527,,,,,0,0
2176,1,Σ,экспортн выр после уплаты таможенных сборов,1·[2169] + -1·[2168],,,,,1;-1,2169;2168,0,0
2197,9,Π,расх на импортн Фа  в рублевом выражении,[2199]·[501],0;0,2199;501,,,,,0,0
2198,2,уставка·Σ,степень интенс расхода накопления инвалюты для импорта Фа,0.4·(1·[2174]),0.4,2198,,,1,2174,0,1
2199,15,ключ,вкл инвал накоплений для импорта Фа,(1·[2075] + -10·[2015]) > 0 ? [2198] : 0,,,0,2198,1;-10,2075;2015,0,0
2200,1,Σ,суммарные рубли за куплен импортн Фа,1·[2175] + 1·[2197],,,,,1;1,2175;2197,0,0
2201,2,уставка·Σ,К импорта в сектор,5·(0.01·1),5,2201,,,0.01,const,0,1
2202,9,Π,спрос сектора на валюту для импорта сырья,[2007]·[2201]·[402]·[462],0;0;0;0,2007;2201;402;462,,,,,0,0
2203,14,clip Σ,степень наличия исходн импортного сырья для производства,"clip(10·[2204], 0, 1)",0,0,1,0,10,2204,0,0
2204,5,∫ с пределами,накоплено импортного сырья в секторе,"∫(1·[2209] + -1·[2210]) dt, x0=1, pa1=0.01, hi=1e+07",1;0.01,0;0,1e+07,0,1;-1,2209;2210,2.82754,0
2205,9,Π,заявка на дол для сырья с учетом фин возможностей,[2202]·[2059],0;0,2202;2059,,,,,0,0
2206,7,min,реадьно полученные дол для импорта сырья,"min([2207], [2202])",0;0,2207;2202,,,,,0,0
2207,9,Π,степень удовлетворения в дол для закупки сырья,[527]·[2205],0;0,527;2205,,,,,0,0
2208,9,Π,поток тарифа в бюджет за импорт сырья,[2206]·[442],0;0,2206;442,,,,,0,0
2209,13,Σ/Π,поток закупленного импортного сырья,(1·[2206] + -1·[2208]) / [402],,,0,402,1;-1,2206;2208,0,0
2210,9,Π,поток расхода импортного сырья,[2201]·[2007],0;0,2201;2007,,,,,0,0
2211,2,уставка·Σ,К сырья в сектор,0.1·(1·1),0.1,2211,,,1,const,0,1
2212,11,Π/Π,спрос сектора на исходный продукт,[2011]·[2211]·[2471] / [2219]·[2219]·[2219],0;0;0,2011;2211;2471,0;0;0,2219;2219;2219,,,0,0
2213,14,clip Σ,степень наличия исходн продуктов для производства,"clip(5·[2214], 0, 1)",0,0,1,0,5,2214,0,0
2214,11,Π/Π,степень наличия исходных продуктов,[2219] / [2004],0,2219,0,2004,,,0,0
2215,5,∫ с пределами,сумма долга поставщику исх прод,"∫(1·[2218] + -1·[2401] + -1·[2411]) dt, x0=1, pa1=0, hi=1e+07",1;0,0;0,1e+07,0,1;-1;-1,2218;2401;2411,0,0
2216,1,Σ,реалбные текущие мат затраты на оплату конкретн исх прод,1·[2217] + -1·[2218],,,,,1;-1,2217;2218,0,0
2217,9,Π,требуемые текущие мат затраты по конкретн поставке,[2292]·[1039],0;0,2292;1039,,,,,0,0
2218,9,Π,степень недостаточности финансовых средств,[2217]·[2060],0;0,2217;2060,,,,,0,0
2219,5,∫ с пределами,склад исходной продукции,"∫(-1·[2220] + 1·[2292]) dt, x0=50, pa1=0.001, hi=1e+06",50;0.001,0;0,1e+06,0,-1;1,2220;2292,0.999994,0
2220,9,Π,поток расходов исходного продукта,[2211]·[2007],0;0,2211;2007,,,,,0,0
2221,2,уставка·Σ,К угля в сектор,0.2·(1·1),0.2,2221,,,1,const,0,1
2222,11,Π/Π,спрос сектора на исходный продукт,[2011]·[2221]·[2472] / [2229]·[2229]·[2229],0;0;0,2011;2221;2472,0;0;0,2229;2229;2229,,,0,0
2223,14,clip Σ,степень наличия исходн продуктов для производства,"clip(5·[2224], 0, 1)",0,0,1,0,5,2224,0,0
2224,11,Π/Π,степень наличия исходных продуктов,[2229] / [2004],0,2229,0,2004,,,0,0
2225,5,∫ с пределами,сумма долга поставщику исх прод,"∫(1·[2228] + -1·[2402] + -1·[2412]) dt, x0=1, pa1=0, hi=1e+07",1;0,0;0,1e+07,0,1;-1;-1,2228;2402;2412,0,0
2226,1,Σ,реалбные текущие мат затраты на оплату конкретн исх прод,1·[2227] + -1·[2228],,,,,1;-1,2227;2228,0,0
2227,9,Π,требуемые текущие мат затраты по конкретн поставке,[2293]·[7039],0;0,2293;7039,,,,,0,0
2228,9,Π,степень недостаточности финансовых средств,[2227]·[2060],0;0,2227;2060,,,,,0,0
2229,5,∫ с пределами,склад исходной продукции,"∫(-1·[2230] + 1·[2293]) dt, x0=50, pa1=0.001, hi=1e+06",50;0.001,0;0,1e+06,0,-1;1,2230;2293,0.99998,0
2230,9,Π,поток расходов исходного продукта,[2221]·[2007],0;0,2221;2007,,,,,0,0
2231,2,уставка·Σ,К газа в сектор,0.01·(1·1),0.01,2231,,,1,const,0,1
2232,12,Π/Σ,спрос сектора на исходный продукт,[2011]·[2231]·[2473] / (0.001·1 + 1·[2234]),0;0;0,2011;2231;2473,,,0.001;1,const;2234,0,0
2233,14,clip Σ,степень наличия исходн продуктов для производства,"clip(5·[2234], 0, 1)",0,0,1,0,5,2234,0,0
2234,4,1/(Tp+1)·g,степень наличия исходных продуктов,"clip(1·(1·[2239]), 0.1, 1)",1,0,1;0.1,0;0,1,2239,0.99949,0
2235,5,∫ с пределами,сумма долга поставщику исх прод,"∫(1·[2238] + -1·[2403] + -1·[2413]) dt, x0=1, pa1=0, hi=1e+07",1;0,0;0,1e+07,0,1;-1;-1,2238;2403;2413,0,0
2236,1,Σ,реалбные текущие мат затраты на оплату конкретн исх прод,1·[2237] + -1·[2238],,,,,1;-1,2237;2238,0,0
2237,9,Π,требуемые текущие мат затраты по конкретн поставке,[2294]·[9039],0;0,2294;9039,,,,,0,0
2238,9,Π,степень недостаточности финансовых средств,[2237]·[2060],0;0,2237;2060,,,,,0,0
2239,12,Π/Σ,склад исходной продукции,[2294] / (1e-07·1 + 1·[2240]),0,2294,,,1e-07;1,const;2240,0,0
2240,9,Π,поток расходов исходного продукта,[2231]·[2007],0;0,2231;2007,,,,,0,0
2241,2,уставка·Σ,К электр в сектор,0.1·(1·1),0.1,2241,,,1,const,0,1
2242,12,Π/Σ,спрос сектора на исходный продукт,[2011]·[2241]·[2474] / (0.001·1 + 1·[2244]),0;0;0,2011;2241;2474,,,0.001;1,const;2244,0,0
2243,14,clip Σ,степень наличия исходн продуктов для производства,"clip(5·[2244], 0, 1)",0,0,1,0,5,2244,0,0
2244,4,1/(Tp+1)·g,степень наличия исходных продуктов,"clip(1·(1·[2249]), 0.1, 1)",1,0,1;0.1,0;0,1,2249,0.999444,0
2245,5,∫ с пределами,сумма долга поставщику исх прод,"∫(1·[2248] + -1·[2404] + -1·[2414]) dt, x0=1, pa1=0, hi=1e+07",1;0,0;0,1e+07,0,1;-1;-1,2248;2404;2414,0,0
2246,1,Σ,реалбные текущие мат затраты на оплату конкретн исх прод,1·[2247] + -1·[2248],,,,,1;-1,2247;2248,0,0
2247,9,Π,требуемые текущие мат затраты по конкретн поставке,[2295]·[10039],0;0,2295;10039,,,,,0,0
2248,9,Π,степень недостаточности финансовых средств,[2247]·[2060],0;0,2247;2060,,,,,0,0
2249,12,Π/Σ,склад исходной продукции,[2295] / (1e-07·1 + 1·[2250]),0,2295,,,1e-07;1,const;2250,0,0
2250,9,Π,поток расходов исходного продукта,[2241]·[2007],0;0,2241;2007,,,,,0,0
2251,2,уставка·Σ,К нефти в сектор,0.02·(1·1),0.02,2251,,,1,const,0,1
2252,11,Π/Π,спрос сектора на исходный продукт,[2011]·[2251]·[2475] / [2259]·[2259]·[2259],0;0;0,2011;2251;2475,0;0;0,2259;2259;2259,,,0,0
2253,14,clip Σ,степень наличия исходн продуктов для производства,"clip(5·[2254], 0, 1)",0,0,1,0,5,2254,0,0
2254,11,Π/Π,степень наличия исходных продуктов,[2259] / [2004],0,2259,0,2004,,,0,0
2255,5,∫ с пределами,сумма долга поставщику исх прод,"∫(1·[2258] + -1·[2405] + -1·[2415]) dt, x0=1, pa1=0, hi=1e+07",1;0,0;0,1e+07,0,1;-1;-1,2258;2405;2415,0,0
2256,1,Σ,реалбные текущие мат затраты на оплату конкретн исх прод,1·[2257] + -1·[2258],,,,,1;-1,2257;2258,0,0
2257,9,Π,33ебуемые текущие мат затраты по конкретн поставке,[2296]·[8039],0;0,2296;8039,,,,,0,0
2258,9,Π,степень недостаточности финансовых средств,[2257]·[2060],0;0,2257;2060,,,,,0,0
2259,5,∫ с пределами,склад исходной продукции,"∫(-1·[2260] + 1·[1296]) dt, x0=50, pa1=0.001, hi=1e+06",50;0.001,0;0,1e+06,0,-1;1,2260;1296,1.03071,0
2260,9,Π,поток расходов исходного продукта,[2251]·[2007],0;0,2251;2007,,,,,0,0
2261,2,уставка·Σ,К прочих в сектор,0.06·(1·1),0.06,2261,,,1,const,0,1
2262,11,Π/Π,спрос сектора на исходный продукт,[2011]·[2261]·[2476] / [2269]·[2269]·[2269],0;0;0,2011;2261;2476,0;0;0,2269;2269;2269,,,0,0
2263,14,clip Σ,степень наличия исходн продуктов для производства,"clip(5·[2264], 0, 1)",0,0,1,0,5,2264,0,0
2264,11,Π/Π,степень наличия исходных продуктов,[2269] / [2004],0,2269,0,2004,,,0,0
2265,5,∫ с пределами,сумма долга поставщику исх прод,"∫(1·[2268] + -1·[2406] + -1·[2416]) dt, x0=1, pa1=0, hi=1e+07",1;0,0;0,1e+07,0,1;-1;-1,2268;2406;2416,0,0
2266,1,Σ,реалбные текущие мат затраты на оплату конкретн исх прод,1·[2267] + -1·[2268],,,,,1;-1,2267;2268,0,0
2267,9,Π,требуемые текущие мат затраты по конкретн поставке,[2297]·[13039],0;0,2297;13039,,,,,0,0
2268,9,Π,степень недостаточности финансовых средств,[2267]·[2060],0;0,2267;2060,,,,,0,0
2269,5,∫ с пределами,склад исходной продукции,"∫(-1·[2270] + 1·[1297]) dt, x0=50, pa1=0.001, hi=1e+06",50;0.001,0;0,1e+06,0,-1;1,2270;1297,0.913707,0
2270,9,Π,поток расходов исходного продукта,[2261]·[2007],0;0,2261;2007,,,,,0,0
2271,2,уставка·Σ,К трансп в сектор,0.1·(1·1),0.1,2271,,,1,const,0,1
2272,12,Π/Σ,спрос сектора на исходный продукт,[2011]·[2271]·[2477] / (0.001·1 + 1·[2274]),0;0;0,2011;2271;2477,,,0.001;1,const;2274,0,0
2273,14,clip Σ,степень наличия исходн продуктов для производства,"clip(5·[2274], 0, 1)",0,0,1,0,5,2274,0,0
2274,4,1/(Tp+1)·g,степень наличия исходных продуктов,"clip(1·(1·[2279]), 0.1, 1)",1,0,1;0.1,0;0,1,2279,0.999775,0
2275,5,∫ с пределами,сумма долга поставщику исх прод,"∫(1·[2278] + -1·[2407] + -1·[2417]) dt, x0=1, pa1=0, hi=1e+07",1;0,0;0,1e+07,0,1;-1;-1,2278;2407;2417,0,0
2276,1,Σ,реалбные текущие мат затраты на оплату конкретн исх прод,1·[2277] + -1·[2278],,,,,1;-1,2277;2278,0,0
2277,9,Π,требуемые текущие мат затраты по конкретн поставке,[2298]·[12039],0;0,2298;12039,,,,,0,0
2278,9,Π,степень недостаточности финансовых средств,[2277]·[2060],0;0,2277;2060,,,,,0,0
2279,12,Π/Σ,склад исходной продукции,[1298] / (1e-07·1 + 1·[2280]),0,1298,,,1e-07;1,const;2280,0,0
2280,9,Π,поток расходов исходного продукта,[2271]·[2007],0;0,2271;2007,,,,,0,0
2285,2,уставка·Σ,,0·(1·1),0,2285,,,1,const,0,1
2292,1,Σ,,1·[1122],,,,,1,1122,0,0
2293,1,Σ,,1·[7122],,,,,1,7122,0,0
2294,1,Σ,,1·[9122],,,,,1,9122,0,0
2295,1,Σ,,1·[10122],,,,,1,10122,0,0
2296,1,Σ,,1·[8122],,,,,1,8122,0,0
2297,1,Σ,,1·[13122],,,,,1,13122,0,0
2298,1,Σ,,1·[12122],,,,,1,12122,0,0
2301,14,clip Σ,формир отключ поставок сырья при длительной их неоплате,"clip(1·[2217], 0.0001, 1e+07)",0.0001,0,1e+07,0,1,2217,0,0
2302,11,Π/Π,формир отключ поставок сырья при длительной их неоплате,[2215] / [2301],0,2215,0,2301,,,0,0
2303,15,ключ,формир отключ поставок сырья при длительной их неоплате,(-1·[2302] + 1·[1400]) > 0 ? [1] : 0,,,0,1,-1;1,2302;1400,0,0
2306,14,clip Σ,формир отключ поставок сырья при длительной их неоплате,"clip(1·[1227], 0.0001, 1e+07)",0.0001,0,1e+07,0,1,1227,0,0
2307,11,Π/Π,формир отключ поставок сырья при длительной их неоплате,[2225] / [2306],0,2225,0,2306,,,0,0
2308,15,ключ,формир отключ поставок сырья при длительной их неоплате,(-1·[2307] + 1·[7400]) > 0 ? [1] : 0,,,0,1,-1;1,2307;7400,0,0
2311,14,clip Σ,формир отключ поставок сырья при длительной их неоплате,"clip(1·[1237], 0.0001, 1e+07)",0.0001,0,1e+07,0,1,1237,0,0
2312,11,Π/Π,формир отключ поставок сырья при длительной их неоплате,[2235] / [2311],0,2235,0,2311,,,0,0
2313,15,ключ,формир отключ поставок сырья при длительной их неоплате,(-1·[2312] + 1·[9400]) > 0 ? [1] : 0,,,0,1,-1;1,2312;9400,0,0
2316,14,clip Σ,формир отключ поставок сырья при длительной их неоплате,"clip(1·[1247], 0.0001, 1e+07)",0.0001,0,1e+07,0,1,1247,0,0
2317,11,Π/Π,формир отключ поставок сырья при длительной их неоплате,[2245] / [2316],0,2245,0,2316,,,0,0
2318,15,ключ,формир отключ поставок сырья при длительной их неоплате,(-1·[2317] + 1·[10400]) > 0 ? [1] : 0,,,0,1,-1;1,2317;10400,0,0
2321,14,clip Σ,формир отключ поставок сырья при длительной их неоплате,"clip(1·[1257], 0.0001, 1e+07)",0.0001,0,1e+07,0,1,1257,0,0
2322,11,Π/Π,формир отключ поставок сырья при длительной их неоплате,[2255] / [2321],0,2255,0,2321,,,0,0
2323,15,ключ,формир отключ поставок сырья при длительной их неоплате,(-1·[2322] + 1·[8400]) > 0 ? [1] : 0,,,0,1,-1;1,2322;8400,0,0
2326,14,clip Σ,формир отключ поставок сырья при длительной их неоплате,"clip(1·[1267], 0.0001, 1e+07)",0.0001,0,1e+07,0,1,1267,0,0
2327,11,Π/Π,формир отключ поставок сырья при длительной их неоплате,[2265] / [2326],0,2265,0,2326,,,0,0
2328,15,ключ,формир отключ поставок сырья при длительной их неоплате,(-1·[2327] + 1·[13400]) > 0 ? [1] : 0,,,0,1,-1;1,2327;13400,0,0
2331,14,clip Σ,формир отключ поставок сырья при длительной их неоплате,"clip(1·[1277], 0.0001, 1e+07)",0.0001,0,1e+07,0,1,1277,0,0
2332,11,Π/Π,формир отключ поставок сырья при длительной их неоплате,[2275] / [2331],0,2275,0,2331,,,0,0
2333,15,ключ,формир отключ поставок сырья при длительной их неоплате,(-1·[2332] + 1·[12400]) > 0 ? [1] : 0,,,0,1,-1;1,2332;12400,0,0
2341,9,Π,стоимость поставленного оборудования в сектор,[2121]·[2039],0;0,2121;2039,,,,,0,0
2342,9,Π,стоимость поставленного оборудования в сектор,[2122]·[2039],0;0,2122;2039,,,,,0,0
2343,9,Π,стоимость поставленного оборудования в сектор,[2123]·[2039],0;0,2123;2039,,,,,0,0
2344,9,Π,стоимость поставленного оборудования в сектор,[2124]·[2039],0;0,2124;2039,,,,,0,0
2345,9,Π,стоимость поставленного оборудования в сектор,[2125]·[2039],0;0,2125;2039,,,,,0,0
2346,9,Π,стоимость поставленного оборудования в сектор,[2126]·[2039],0;0,2126;2039,,,,,0,0
2347,9,Π,стоимость поставленного оборудования в сектор,[2127]·[2039],0;0,2127;2039,,,,,0,0
2348,9,Π,стоимость поставленного оборудования в сектор,[2128]·[2039],0;0,2128;2039,,,,,0,0
2349,9,Π,стоимость поставленного оборудования в сектор,[2129]·[2039],0;0,2129;2039,,,,,0,0
2350,9,Π,стоимость поставленного оборудования в сектор,[2130]·[2039],0;0,2130;2039,,,,,0,0
2351,9,Π,стоимость поставленного оборудования в сектор,[2131]·[2039],0;0,2131;2039,,,,,0,0
2352,9,Π,стоимость поставленного оборудования в сектор,[2132]·[2039],0;0,2132;2039,,,,,0,0
2353,9,Π,стоимость поставленного оборудования в сектор,[2133]·[2039],0;0,2133;2039,,,,,0,0
2355,9,Π,стоимость поставленного оборудования в сектор,[2135]·[2039],0;0,2135;2039,,,,,0,0
2356,9,Π,стоимость поставленного оборудования в сектор,[2136]·[2039],0;0,2136;2039,,,,,0,0
2357,2,уставка·Σ,выручка сектора от всех поставок оборудования,1·(1·[2341] + 1·[2342] + 1·[2343] + 1·[2344] + 1·[2345] + 1·[2346] + 1·[2347] + 1·[2348] + 1·[2349] + 1·[2350] + 1·[2351] + 1·[2352] + 1·[2353] + 1·[2355] + 1·[2167]),1,0,,,1;1;1;1;1;1;1;1;1;1;1;1;1;1;1,2341;2342;2343;2344;2345;2346;2347;2348;2349;2350;2351;2352;2353;2355;2167,0,0
2362,14,clip Σ,подключение депозитов для погашения долгов поставщикам сырья,"clip(-1·1 + 1·[2410], 0, 1e+06)",0,0,1e+06,0,-1;1,const;2410,0,0
2363,2,уставка·Σ,предельная величина максим долга при котором прекращаются инвестиц расходы,5·(1·1),5,2363,,,1,const,0,1
2364,8,max,выбор максимального долга за сырье,"max([2215], [2225], [2235], [2245], [2255], [2265], [2275], [2285])",0;0;0;0;0;0;0;0,2215;2225;2235;2245;2255;2265;2275;2285,,,,,0,0
2365,15,ключ,выключение инвестиций при необходимости платить долги поставщикам сырья,(1·[2363] + -1·[2364]) > 0 ? [2065] : 0,,,0,2065,1;-1,2363;2364,0,0
2366,15,ключ,выключ инвестиций в оплату долгов поставщикам сырья,(-1·[2363] + 1·[2364]) > 0 ? [2065] : 0,,,0,2065,-1;1,2363;2364,0,0
2367,1,Σ,поток денег из депозита и инвестиций для погашения долга поставщикам сырья,1·[2366] + 1·[2086],,,,,1;1,2366;2086,0,0
2401,11,Π/Π,возврат долга за поставку сырья из прибыли,[2215]·[2117] / [2410],0;0,2215;2117,0,2410,,,0,0
2402,11,Π/Π,возврат долга за поставку сырья из прибыли,[2225]·[2117] / [2410],0;0,2225;2117,0,2410,,,0,0
2403,11,Π/Π,возврат долга за поставку сырья из прибыли,[2235]·[2117] / [2410],0;0,2235;2117,0,2410,,,0,0
2404,11,Π/Π,возврат долга за поставку сырья из прибыли,[2245]·[2117] / [2410],0;0,2245;2117,0,2410,,,0,0
2405,11,Π/Π,возврат долга за поставку сырья из прибыли,[2255]·[2117] / [2410],0;0,2255;2117,0,2410,,,0,0
2406,11,Π/Π,возврат долга за поставку сырья из прибыли,[2265]·[2117] / [2410],0;0,2265;2117,0,2410,,,0,0
2407,11,Π/Π,возврат долга за поставку сырья из прибыли,[2275]·[2117] / [2410],0;0,2275;2117,0,2410,,,0,0
2410,14,clip Σ,сумма всех долгов за поставку сырья,"clip(1·[2215] + 1·[2225] + 1·[2235] + 1·[2245] + 1·[2255] + 1·[2265] + 1·[2275], 0.001, 1e+08)",0.001,0,1e+08,0,1;1;1;1;1;1;1,2215;2225;2235;2245;2255;2265;2275,0,0
2411,11,Π/Π,возврат долга за поставку сырья из прибыли,[2421]·[2441] / [2420],0;0,2421;2441,0,2420,,,0,0
2412,11,Π/Π,возврат долга за поставку сырья из прибыли,[2422]·[2441] / [2420],0;0,2422;2441,0,2420,,,0,0
2413,11,Π/Π,возврат долга за поставку сырья из прибыли,[2423]·[2441] / [2420],0;0,2423;2441,0,2420,,,0,0
2414,11,Π/Π,возврат долга за поставку сырья из прибыли,[2424]·[2441] / [2420],0;0,2424;2441,0,2420,,,0,0
2415,11,Π/Π,возврат долга за поставку сырья из прибыли,[2425]·[2441] / [2420],0;0,2425;2441,0,2420,,,0,0
2416,11,Π/Π,возврат долга за поставку сырья из прибыли,[2426]·[2441] / [2420],0;0,2426;2441,0,2420,,,0,0
2417,11,Π/Π,возврат долга за поставку сырья из прибыли,[2427]·[2441] / [2420],0;0,2427;2441,0,2420,,,0,0
2420,14,clip Σ,сумма всех долгов за поставку сырья,"clip(1·[2421] + 1·[2422] + 1·[2423] + 1·[2424] + 1·[2425] + 1·[2426] + 1·[2427], 0.001, 1e+08)",0.001,0,1e+08,0,1;1;1;1;1;1;1,2421;2422;2423;2424;2425;2426;2427,0,0
2421,14,clip Σ,8отребность в оборотном кредите,"clip(1·[2215] + -1·[1299], 0, 1e+06)",0,0,1e+06,0,1;-1,2215;1299,0,0
2422,14,clip Σ,потребность в оборотном кредите,"clip(1·[2225] + -1·[7299], 0, 1e+06)",0,0,1e+06,0,1;-1,2225;7299,0,0
2423,14,clip Σ,потребность в оборотном кредите,"clip(1·[2235] + -1·[9299], 0, 1e+06)",0,0,1e+06,0,1;-1,2235;9299,0,0
2424,14,clip Σ,потребность в оборотном кредите,"clip(1·[2245] + -1·[10299], 0, 1e+06)",0,0,1e+06,0,1;-1,2245;10299,0,0
2425,14,clip Σ,потребность в оборотном кредите,"clip(1·[2255] + -1·[8299], 0, 1e+06)",0,0,1e+06,0,1;-1,2255;8299,0,0
2426,14,clip Σ,потребность в оборотном кредите,"clip(1·[2265] + -1·[13299], 0, 1e+06)",0,0,1e+06,0,1;-1,2265;13299,0,0
2427,14,clip Σ,потребность в оборотном кредите,"clip(1·[2275] + -1·[12299], 0, 1e+06)",0,0,1e+06,0,1;-1,2275;12299,0,0
2441,7,min,поток кредита из банка,"min([2452], [2445])",0;0,2452;2445,,,,,0,0
2442,5,∫ с пределами,текущий кредитный долг банку,"∫(1·[2441] + -1·[1097] + 1·[2443]) dt, x0=1, pa1=0, hi=1e+07",1;0,0;0,1e+07,0,1;-1;1,2441;1097;2443,0,0
2443,9,Π,поток процентов за выданный оборотный кредит,[2442]·[47],0;0,2442;47,,,,,0,0
2444,14,clip Σ,сигнал о возможности кредитования банком оборотных средств,"clip(-0.1·[2442] + 0.1·[2448], 0, 1)",0,0,1,0,-0.1;0.1,2442;2448,0,0
2445,9,Π,поток кредита оборотных средств выдаваемых банком,[2452]·[2444]·[2446],0;0;0,2452;2444;2446,,,,,0,0
2446,14,clip Σ,сигнал о том что норма прибыли больше ставки кредита,"clip(1·[2450], 0, 1)",0,0,1,0,1,2450,0,0
2447,1,Σ,формирование сигнала о возможности кредитования,1·1 + 1·[2450],,,,,1;1,const;2450,0,0
2448,9,Π,формиросание сигнала о возможности кредитования,[2449]·[2447],0;0,2449;2447,,,,,0,0
2449,2,уставка·Σ,коэф ликвидности основных фондов для возможности банковского кредитования,0.1·(0.1·[2063]),0.1,2449,,,0.1,2063,0,1
2450,2,уставка·Σ,учет превышения нормы проб над ставкой кредита для эффективности кредитования,3·(1·[2451]),3,0,,,1,2451,0,0
2451,11,Π/Π,превышение нормы прибыли стаки кркдита,[2058] / [47],0,2058,0,47,,,0,0
2452,9,Π,потребность в оборотном кредите,[2420]·[199],0;0,2420;199,,,,,0,0
2461,9,Π,сигнал о прекращении поставок сырья при неоплате ранее поставленного,[88]·[2303],0;0,88;2303,,,,,0,0
2462,9,Π,сигнал о прекращении поставок сырья при неоплате ранее поставленного,[88]·[2308],0;0,88;2308,,,,,0,0
2463,9,Π,сигнал о прекращении поставок сырья при неоплате ранее поставленного,[88]·[2313],0;0,88;2313,,,,,0,0
2464,9,Π,сигнал о прекращении поставок сырья при неоплате ранее поставленного,[88]·[2318],0;0,88;2318,,,,,0,0
2465,9,Π,сигнал о прекращении поставок сырья при неоплате ранее поставленного,[88]·[2323],0;0,88;2323,,,,,0,0
2466,9,Π,сигнал о прекращении поставок сырья при неоплате ранее поставленного,[88]·[2328],0;0,88;2328,,,,,0,0
2467,9,Π,сигнал о прекращении поставок сырья при неоплате ранее поставленного,[88]·[2333],0;0,88;2333,,,,,0,0
2471,1,Σ,включ сигнала о небходимости прекращения поставок сырья при отсутств их оплаты,1·[2461] + 1·[189],,,,,1;1,2461;189,0,0
2472,1,Σ,включ сигнала о небходимости прекращения поставок сырья при отсутств их оплаты,1·[2462] + 1·[189],,,,,1;1,2462;189,0,0
2473,1,Σ,включ сигнала о небходимости прекращения поставок сырья при отсутств их оплаты,1·[2463] + 1·[189],,,,,1;1,2463;189,0,0
2474,1,Σ,2ключ сигнала о небходимости прекращения поставок сырья при отсутств их оплаты,1·[1464] + 1·[189],,,,,1;1,1464;189,0,0
2475,1,Σ,включ сигнала о небходимости прекращения поставок сырья при отсутств их оплаты,1·[2465] + 1·[189],,,,,1;1,2465;189,0,0
2476,1,Σ,включ сигнала о небходимости прекращения поставок сырья при отсутств их оплаты,1·[2466] + 1·[189],,,,,1;1,2466;189,0,0
2477,1,Σ,включ сигнала о небходимости прекращения поставок сырья при отсутств их оплаты,1·[2467] + 1·[189],,,,,1;1,2467;189,0,0
2802,2,уставка·Σ,доход,1·(0.7225·[2026]),1,2802,,,0.7225,2026,0,1
2803,9,Π,сумма подоходн налога из соц группы,[2804]·[2811],0;0,2804;2811,,,,,0,0
2804,9,Π,масса подоходного налога,[2802]·[22],0;0,2802;22,,,,,0,0
2805,4,1/(Tp+1)·g,чистый доход,"clip(1·(1·[2802] + -1·[2806] + -1·[2804]), 0.1, 1)",1,0,1;0.1,0;0,1;-1;-1,2802;2806;2804,15.9339,0
2806,9,Π,другие платежи,[2802]·[21],0;0,2802;21,,,,,0,0
2807,9,Π,другие платежи,[2806]·[2811],0;0,2806;2811,,,,,0,0
2808,9,Π,спрос соц группы на услуги,[2874]·[2811],0;0,2874;2811,,,,,0,0
2809,9,Π,спрос на ТНП в социальной группе,[2860]·[2811],0;0,2860;2811,,,,,0,0
2810,9,Π,спрос на стоящ жилье в соц группе,[2844]·[2811],0;0,2844;2811,,,,,0,0
2811,2,уставка·Σ,количество человек в соц группе,1·(1·[2012]),1,2811,,,1,2012,0,1
2812,9,Π,формир фин возмож,[2828]·[2828],0;0,2828;2828,,,,,0,0
2814,10,Σ·[ref],формир финан возм,(2.3·[2812])·[2815],0,2815,,,2.3,2812,0,0
2815,5,∫ с пределами,денежные накопления,"∫(1·[2816] + -1·[2814] + -1·[2870]) dt, x0=1, pa1=0.001, hi=100000",1;0.001,0;0,100000,0,1;-1;-1,2816;2814;2870,5.1824,0
2816,11,Π/Π,формир денежн накоплений,[2838]·[2838]·[2805] / [2819]·[2819],0;0;0,2838;2838;2805,0;0,2819;2819,,,0,0
2817,11,Π/Π,формир соц напряженности,[2815] / [2818],0,2815,0,2818,,,0,0
2818,4,1/(Tp+1)·g,финансовые возможности,"clip(1·(1·[2805] + 1·[2814] + -1·[2816]), 0.1, 1)",1,0,1;0.1,0;0,1;1;-1,2805;2814;2816,14.2504,0
2819,1,Σ,формирование денежн накоплений,1·1 + 1·[2838],,,,,1;1,const;2838,0,0
2820,1,Σ,расходы на ТНП Услуги и Досуг,1·[2818] + -1·[2821],,,,,1;-1,2818;2821,0,0
2821,9,Π,расходы на ПП и Жилье,[2831]·[2818],0;0,2831;2818,,,,,0,0
2822,12,Π/Σ,расходы на ПП,[2828]·[2821] / (1·[2828] + 1·[2836]),0;0,2828;2821,,,1;1,2828;2836,0,0
2823,14,clip Σ,расходы на жилье,"clip(1·[2821] + -1·[2822] + -1·[70], 0.01, 1e+07)",0.01,0,1e+07,0,1;-1;-1,2821;2822;70,0,0
2824,2,уставка·Σ,масштабир цены ПП в соц гр,0.08·(1·[4197]),0.08,0,,,1,4197,0,0
2825,12,Π/Σ,формир доли на ПП,[2824] / (0.001·1 + 0.2·[2822]),0,2824,,,0.001;0.2,const;2822,0,0
2826,11,Π/Π,спрос соц группы на ПП,[2811]·[2822] / [2824],0;0,2811;2822,0,2824,,,0,0
2827,12,Π/Σ,формир доли на ПП,[2825] / (1·[2825] + 1·[2822]),0,2825,,,1;1,2825;2822,0,0
2828,4,1/(Tp+1)·g,формир доли на ПП,"clip(1·(1·[2827]), 0.1, 1)",1,0,1;0.1,0;0,1,2827,0.295308,0
2829,14,clip Σ,,"clip(1·1 + -4·[2832], 0, 1)",0,0,1,0,1;-4,const;2832,0,0
2830,11,Π/Π,спрос на ПП,[2822] / [2824],0,2822,0,2824,,,0,0
2831,14,clip Σ,формир доли на ПП и Жил,"clip(1·[2828] + 1·[2836], 0, 1)",0,0,1,0,1;1,2828;2836,0,0
2832,14,clip Σ,формир доли на Жил,"clip(-0.5·1 + 1·[2828], 0, 100)",0,0,100,0,-0.5;1,const;2828,0,0
2833,1,Σ,формир доли на Жил,1·1 + 1·[2832],,,,,1;1,const;2832,0,0
2834,23,?23,формир доли на Жил,?23(1·[2833]; 10),10,0,,,1,2833,0,0
2835,11,Π/Π,доля на жилье,[2857] / [2834],0,2857,0,2834,,,0,0
2836,12,Π/Σ,доля на Жил,[2835] / (1·1 + 5·[2835]),0,2835,,,1;5,const;2835,0,0
2837,14,clip Σ,всего расходов на ТНП и др,"clip(1·[2820] + -1·[2856], 0, 1000)",0,0,1000,0,1;-1,2820;2856,0,0
2838,1,Σ,уровень жизни,1·1 + -1·[2828],,,,,1;-1,const;2828,0,0
2839,12,Π/Σ,натуральный спрос на покупку жилья (удовлетворенный),[2844] / (0.01·1 + 1·[2842]),0,2844,,,0.01;1,const;2842,0,0
2840,2,уставка·Σ,коэф перевода года в мес,1·(1·[2823]),1,0,,,1,2823,0,0
2841,11,Π/Π,спрос на строит жилья,[2840]·[2840] / [2842]·[2842],0;0,2840;2840,0;0,2842;2842,,,0,0
2842,2,уставка·Σ,цена строящ жилья,1·(1·[3120]),1,0,,,1,3120,0,0
2843,12,Π/Σ,доля на покупку жилья,[2848]·[2849]·[2841]·[2829] / (0.1·1 + 1·[2841]),0;0;0;0,2848;2849;2841;2829,,,0.1;1,const;2841,0,0
2844,9,Π,расходы на покупку жилья,[2823]·[2843],0;0,2823;2843,,,,,0,0
2845,14,clip Σ,расходы на наем жилья,"clip(1·[2823] + -1·[2844], 0, 1e+07)",0,0,1e+07,0,1;-1,2823;2844,0,0
2846,12,Π/Σ,формиров доли расходов на покупку жилья,[2853] / (1·[2842] + 1·[2853]),0,2853,,,1;1,2842;2853,0,0
2847,12,Π/Σ,формир доли расходов на покупку жилья,[2853] / (20·[2892]),0,2853,,,20,2892,0,0
2848,4,1/(Tp+1)·g,формир доли расх на жилье,"clip(1·(1·[2846]), 0.1, 1)",1,0,1;0.1,0;0,1,2846,0.353724,0
2849,4,1/(Tp+1)·g,формир доли расх на жилье,"clip(1·(1·[2847]), 0.1, 1)",1,0,1;0.1,0;0,1,2847,1,0
2850,9,Π,спрос на досуг в соц группы,[2811]·[2866]·[2837],0;0;0,2811;2866;2837,,,,,0,0
2851,5,∫ с пределами,куплено всего жилья,"∫(1·[2839] + -0.01·[2854]) dt, x0=1, pa1=0, hi=10000",1;0,0;0,10000,0,1;-0.01,2839;2854,17.16,0
2852,12,Π/Σ,всего нанято жилья,[2845] / (0.1·[2853]),0,2845,,,0.1,2853,0,0
2853,2,уставка·Σ,цена найма жилья,1·(1·[3]),1,0,,,1,3,0,0
2854,12,Π/Σ,коэф амортизац купленного жилья,[2851] / (1·1 + 1.5·[2874]),0,2851,,,1;1.5,const;2874,0,0
2855,4,1/(Tp+1)·g,всего имеется жилья,"clip(2·(2·[2852] + 1·[2851]), 0.01, 1)",2,0,1;0.01,0;0,2;1,2852;2851,59.64,0
2856,9,Π,поток уплаты налога за купленное жилье,[2851]·[2892],0;0,2851;2892,,,,,0,0
2857,11,Π/Π,отношение нормы жилья к имеещемуся,[2893] / [2855],0,2893,0,2855,,,0,0
2858,12,Π/Σ,качество жизни,[2866]·[400] / (1·[2857] + 1·[2828]),0;0,2866;400,,,1;1,2857;2828,0,0
2859,2,уставка·Σ,масшт спроса на аренду жилья для весов ценн в расходах,0.1·(1·[2852]),0.1,0,,,1,2852,0,0
2860,11,Π/Π,поток покупок ТНП,[2864]·[2837] / [2873]·[5150],0;0,2864;2837,0;0,2873;5150,,,0,0
2861,5,∫ с пределами,накоплено купленных ТНП,"∫(1·[2860] + -1·[2862]) dt, x0=0.5, pa1=1, hi=10000",0.5;1,0;0,10000,0,1;-1,2860;2862,38.2647,0
2862,12,Π/Σ,амортизация ТНП,[2861] / (10·1 + 20·[2874]),0,2861,,,10;20,const;2874,0,0
2863,2,уставка·Σ,всего имущества (ТНП+Жил),0.03·(1·[2861] + 1·[2855]),0.03,0,,,1;1,2861;2855,0,0
2864,12,Π/Σ,треб ТНП,[2855] / (0.01·1 + 0.4·[2861]),0,2855,,,0.01;0.4,const;2861,0,0
2865,12,Π/Σ,треб услуг,[2863] / (1·1 + 1·[2863]),0,2863,,,1;1,const;2863,0,0
2866,11,Π/Π,формир спроса на досуг,[2875]·[2837] / [2873]·[4]·[4]·[4],0;0,2875;2837,0;0;0;0,2873;4;4;4,,,0,0
2867,9,Π,объем потребляемых благ в соц сфере для формиров натуральн потребности в эл-эн,[2873]·[2811],0;0,2873;2811,,,,,0,0
2868,1,Σ,всего расходы на личное жилье (его приобретение и налог при его содержании),1·[1856] + 1·[1844],,,,,1;1,1856;1844,0,0
2870,14,clip Σ,уровень денежн нак при котором нчинается активное приобрет жилья,"clip(-3.5·1 + 1·[2815], 0, 1e+08)",0,0,1e+08,0,-3.5;1,const;2815,0,0
2871,2,уставка·Σ,Цдосуга,1.25·(1·1),1.25,0,,,1,const,0,0
2873,4,1/(Tp+1)·g,сумма потребностей в усл+досуге+ТНП,"clip(1·(1·[2864] + 1·[2865] + 1·[2875]), 0.01, 1)",1,0,1;0.01,0;0,1;1;1,2864;2865;2875,10.6977,0
2874,11,Π/Π,спрос на услуги,[2865]·[2837] / [5]·[2873],0;0,2865;2837,0;0,5;2873,,,0,0
2875,12,Π/Σ,поток услуг освобождающий время на досуг,[2874]·[2888] / (0.1·1 + 1·[2874]),0;0,2874;2888,,,0.1;1,const;2874,0,0
2876,11,Π/Π,вес цены блага в расходах соц группы,[2866]·[4]·[4] / [2818],0;0;0,2866;4;4,0,2818,,,0,0
2877,11,Π/Π,вес цены блага в расходах соц группы,[2874]·[5]·[5] / [2818],0;0;0,2874;5;5,0,2818,,,0,0
2878,11,Π/Π,вес цены блага в расходах соц группы,[2860]·[5150]·[5150] / [2818],0;0;0,2860;5150;5150,0,2818,,,0,0
2879,11,Π/Π,вес цены блага в расходах соц группы,[2859]·[3]·[3] / [2818],0;0;0,2859;3;3,0,2818,,,0,0
2880,11,Π/Π,вес цены блага в расходах соц группы,[2841]·[2842]·[2842] / [2818],0;0;0,2841;2842;2842,0,2818,,,0,0
2881,11,Π/Π,вес цены блага в расходах соц группы,[2826]·[2824]·[2824] / [2818]·[2811],0;0;0,2826;2824;2824,0;0,2818;2811,,,0,0
2885,12,Π/Σ,индекс социальной напряженности,[2887]·[2886] / (1·1 + 0.5·[2887]),0;0,2887;2886,,,1;0.5,const;2887,0,0
2886,1,Σ,формир потребн в досуге от соц напряж,1·1 + 2·[2005],,,,,1;2,const;2005,0,0
2887,12,Π/Σ,треб досуга,[1] / (5·[2858] + 1·[2817]),0,1,,,5;1,2858;2817,0,0
2888,4,1/(Tp+1)·g,треб досуга,"clip(1·(1·[2863] + 1·[2815]), 0.1, 1)",1,0,1;0.1,0;0,1;1,2863;2815,8.11945,0
2889,9,Π,накоплено денег в соц группе для возможной покупки дол,[2870]·[2811],0;0,2870;2811,,,,,0,0
2890,9,Π,уровень денежн накоплений насел при котором начинают покупать дол,[2815],0,2815,,,,,0,0
2891,1,Σ,сумма абсол знач весов цен благ соц гр,1·[2876] + 1·[2877] + 1·[2878] + 1·[2879] + 1·[2880] + 1·[2881],,,,,1;1;1;1;1;1,2876;2877;2878;2879;2880;2881,0,0
2892,2,уставка·Σ,ставка налога на жилье,1·(1·[7]),1,0,,,1,7,0,0
2893,2,уставка·Σ,норма жилья,10·(1·1),10,2893,,,1,const,0,1
2894,11,Π/Π,относит вес цены на ПП,[2881] / [2891],0,2881,0,2891,,,0,0
2895,11,Π/Π,относительный вес цены куплен жилья,[2880] / [2891],0,2880,0,2891,,,0,0
2896,11,Π/Π,относительный вес цены досуга,[2876] / [2891],0,2876,0,2891,,,0,0
2897,11,Π/Π,относительный вес цены услуг,[2877] / [2891],0,2877,0,2891,,,0,0
2898,11,Π/Π,относительный вес цены ТНП,[2878] / [2891],0,2878,0,2891,,,0,0
2899,11,Π/Π,относительный вес цены аренд жилья,[2879] / [2891],0,2879,0,2891,,,0,0
3001,14,clip Σ,реальн произв продукции,"clip(1·[3011], 0.2, 111111)",0.2,0,111111,0,1,3011,0,0
3002,4,1/(Tp+1)·g,потенц произв продукции,"clip(1·(1·[3011]), 0.01, 1)",1,0,1;0.01,0;0,1,3011,1.00101,0
3003,7,min,огранич в произв продукции,"min([3213], [3223], [3233], [3243], [3253], [3263], [3273], [3203])",0;0;0;0;0;0;0;0,3213;3223;3233;3243;3253;3263;3273;3203,,,,,0,0
3004,14,clip Σ,производство продукции,"clip(1·[3017], 0.001, 10000)",0.001,0,10000,0,1,3017,0,0
3005,12,Π/Σ,степень безработицы в секторе,[232]·[3030] / (0.0001·1 + 1·[3009]),0;0,232;3030,,,0.0001;1,const;3009,0,0
3006,9,Π,3З от импорта,[3206]·[501],0;0,3206;501,,,,,0,0
3007,7,min,всего реализовано продукции,"min([3001], [3004])",0;0,3001;3004,,,,,0,0
3008,4,1/(Tp+1)·g,материальные затраты,"clip(1·(1.6597·[3018]), 0.02, 1)",1,0,1;0.02,0;0,1.6597,3018,416.49,0
3009,10,Σ·[ref],требуется труда с учетом сменности и потребн в продукции,(1·[3093])·[3025],0,3025,,,1,3093,0,0
3010,12,Π/Σ,цена рыночная,[3116] / (0.2·1 + 0.8·[3004]),0,3116,,,0.2;0.8,const;3004,0,0
3011,10,Σ·[ref],потенциальное производство продукции,(0.1·[3080])·[3029],0,3029,,,0.1,3080,0,0
3012,2,уставка·Σ,подано труда,11·(1·1),11,3012,,,1,const,0,1
3013,11,Π/Π,расходы сект на Фп,[3365]·[3066] / [3072],0;0,3365;3066,0,3072,,,0,0
3014,11,Π/Π,расходы сект на Фа,[3365]·[3068] / [3072],0;0,3365;3068,0,3072,,,0,0
3015,11,Π/Π,количество прибыли для импортного оборудования,[3365]·[3075] / [3072],0;0,3365;3075,0,3072,,,0,0
3016,2,уставка·Σ,общее предложение труда в секторе производства,2·(1·[3012] + 1·[235]),2,0,,,1;1,3012;235,0,0
3017,4,1/(Tp+1)·g,,"clip(1·(1·[3011]), 0.02, 1)",1,0,1;0.02,0;0,1,3011,1,0
3018,1,Σ,сумма номинальных материальных затрат,1·[3006] + 1·[3217] + 1·[3227] + 1·[3237] + 1·[3247] + 1·[3257] + 1·[3267] + 1·[3277],,,,,1;1;1;1;1;1;1;1,3006;3217;3227;3237;3247;3257;3267;3277,0,0
3019,9,Π,цена Фп,[3037]·[3105],0;0,3037;3105,,,,,0,0
3020,2,уставка·Σ,ставка зарплаты,0.8·(1·1),0.8,3020,,,1,const,0,1
3021,1,Σ,условно средняя цена поставляемых новых фондов для их развития,0.5·[2039] + 0.5·[3039],,,,,0.5;0.5,2039;3039,0,0
3025,5,∫ с пределами,К сменности,"∫(1·[3076] + -1·[3004]) dt, x0=1, pa1=0.2, hi=2.5",1;0.2,0;0,2.5,0,1;-1,3076;3004,0.99443,0
3026,13,Σ/Π,доход на одного в соц группе строит,(1·[3052] + 1·[3032]) / [3029],,,0,3029,1;1,3052;3032,0,0
3027,2,уставка·Σ,выручка как сумма платежей потребителей продукции,0.8251·(1·[3357]),0.8251,0,,,1,3357,0,0
3029,7,min,используется труда,"min([3016], [3009])",0;0,3016;3009,,,,,0,0
3030,14,clip Σ,безработица,"clip(1·[3012] + -1·[3029], 0, 100000)",0,0,100000,0,1;-1,3012;3029,0,0
3031,10,Σ·[ref],индексация зарплаты,(12·1)·[3020],0,3020,,,12,const,0,0
3032,9,Π,поток зарплаты,[3029]·[3031],0;0,3029;3031,,,,,0,0
3033,1,Σ,общие затраты,1·[3008] + 1·[3051] + 1·[3032],,,,,1;1;1,3008;3051;3032,0,0
3034,1,Σ,все затраты,1·[3033] + 1·[3055],,,,,1;1,3033;3055,0,0
3035,13,Σ/Π,себестоимость,(1·[3034]) / [3004],,,0,3004,1,3034,0,0
3036,9,Π,формирование цены,[3112]·[3113]·[3035],0;0;0,3112;3113;3035,,,,,0,0
3037,4,1/(Tp+1)·g,цена без НДС,"clip(0.73·(1·[3038] + 1·[3036]), 0.02, 1)",0.73,0,1;0.02,0;0,1;1,3038;3036,582.071,0
3038,9,Π,формирование рыночной цены (с учетом ее доли в общей цене),[3035]·[3112]·[3114],0;0;0,3035;3112;3114,,,,,0,0
3039,4,1/(Tp+1)·g,цена с НДС,"clip(1·(1·[3019]), 0.02, 1)",1,0,1;0.02,0;0,1,3019,623.561,0
3040,9,Π,выручка без НДС,[3037]·[3007],0;0,3037;3007,,,,,0,0
3041,4,1/(Tp+1)·g,сумма выручек внутренней и экспортной,"clip(1·(1·[896]), 0.02, 1)",1,0,1;0.02,0;0,1,896,171.655,0
3042,2,уставка·Σ,сумма выручек внутренней и экспортной,1·(1·[3041] + 1·[3027] + 1·[363]),1,0,,,1;1;1,3041;3027;363,0,0
3043,14,clip Σ,добавленная стоимость,"clip(1·[3042] + -1·[3008], 0, 10000)",0,0,10000,0,1;-1,3042;3008,0,0
3044,14,clip Σ,балансовая прибыль,"clip(1·[3043] + -1·[3050] + -1·[3047] + -1·[3097] + -1·[3054] + -1·[3032] + -1·[3048] + -1·[3073] + -1·[3137], 0, 10000)",0,0,10000,0,1;-1;-1;-1;-1;-1;-1;-1;-1,3043;3050;3047;3097;3054;3032;3048;3073;3137,0,0
3045,1,Σ,чистая прибыль,1·[3044] + -1·[3049],,,,,1;-1,3044;3049,0,0
3046,2,уставка·Σ,стоимость вводимых основных фондов,0.7862·(1·[3078] + 1·[3079] + 1·[3200]),0.7862,0,,,1;1;1,3078;3079;3200,0,0
3047,9,Π,поток НДС,[3043]·[24],0;0,3043;24,,,,,0,0
3048,9,Π,поток налога с выручки,[3042]·[23],0;0,3042;23,,,,,0,0
3049,9,Π,поток налога на прибыль,[25]·[3044],0;0,25;3044,,,,,0,0
3050,9,Π,поток налога на фонды,[3063]·[26],0;0,3063;26,,,,,0,0
3051,9,Π,амортизация в себестоимости,[3063]·[3064],0;0,3063;3064,,,,,0,0
3052,12,Π/Σ,доля прибыли в потребление,[3074]·[3045] / (5·1 + 2·[3074]),0;0,3074;3045,,,5;2,const;3074,0,0
3053,4,1/(Tp+1)·g,ФОТ,"clip(1·(1·[3052] + 1·[3032]), 0.1, 1)",1,0,1;0.1,0;0,1;1,3052;3032,98.5369,0
3054,9,Π,налог на ФОТ,[3053]·[28],0;0,3053;28,,,,,0,0
3055,1,Σ,сумма налогов,1·[3054] + 1·[3050] + 1·[3048],,,,,1;1;1,3054;3050;3048,0,0
3056,4,1/(Tp+1)·g,3,"clip(1·(1·[3045] + -1·[3052]), 0.01, 1)",1,0,1;0.01,0;0,1;-1,3045;3052,52.6702,0
3057,12,Π/Σ,норма прибыли,[3045] / (0.001·1 + 1·[3049] + 1·[3034]),0,3045,,,0.001;1;1,const;3049;3034,0,0
3058,4,1/(Tp+1)·g,степень финансовых возможностей,"clip(1·(1·[3057]), 0.1, 1)",1,0,1;0.1,0;0,1,3057,0.0808906,0
3059,14,clip Σ,индекс финансовых возможностей,"clip(20·[3058], 0, 1)",0,0,1,0,20,3058,0,0
3060,14,clip Σ,степень недостаточности финансов,"clip(1·1 + -1·[3059], 0, 1)",0,0,1,0,1;-1,const;3059,0,0
3061,14,clip Σ,норма выплаты амортизации,"clip(1·[3056], 0, 1)",0,0,1,0,1,3056,0,0
3062,9,Π,реальный поток амортизации,[3061]·[3063]·[3064],0;0;0,3061;3063;3064,,,,,0,0
3063,5,∫ с пределами,стоимость производственных фондов,"∫(1·[3046] + -1·[3073]) dt, x0=0.1, pa1=0, hi=10000",0.1;0,0;0,10000,0,1;-1,3046;3073,350.107,0
3064,2,уставка·Σ,коэффициент амортизации,20·(0.01·1),20,3064,,,0.01,const,0,1
3065,2,уставка·Σ,всего инвестиций,0.798·(1·[3056] + 1·[3086] + 1·[3073]),0.798,0,,,1;1;1,3056;3086;3073,0,0
3066,2,уставка·Σ,доля строит в инвестициях,1·(1·1),1,3066,,,1,const,0,1
3067,11,Π/Π,расходы прибыли в строит,[3365]·[3066] / [3072]·[3039],0;0,3365;3066,0;0,3072;3039,,,0,0
3068,2,уставка·Σ,доля машиностроен в инвестиц,2.5·(1·1),2.5,3068,,,1,const,0,1
3069,11,Π/Π,расходы прибыли в машин,[3068]·[3365] / [2039]·[3072],0;0,3068;3365,0;0,2039;3072,,,0,0
3070,2,уставка·Σ,доля НИОКР в инвестиц,0.5·(1·1),0.5,3070,,,1,const,0,1
3071,2,уставка·Σ,доля депозита в инвестиц,0.5·(1·1),0.5,3071,,,1,const,0,1
3072,1,Σ,сумма долей распределения прибыли,1·[3066] + 1·[3068] + 1·[3070] + 1·[3071] + 1·[3075],,,,,1;1;1;1;1,3066;3068;3070;3071;3075,0,0
3073,7,min,реальные амортизационные выплаты,"min([3062], [3056])",0;0,3062;3056,,,,,0,0
3074,14,clip Σ,формирование доли прибыли в потребление,"clip(-0.5·1 + 10·[3058], 0.2, 100)",0.2,0,100,0,-0.5;10,const;3058,0,0
3075,2,уставка·Σ,доля прибыли для импорта Фа,0.5·(1·1),0.5,3075,,,1,const,0,1
3076,9,Π,,[3003]·[3116],0;0,3003;3116,,,,,0,0
3077,12,Π/Σ,отношение суммы налогов к добавленной стоимости,[3055] / (0.001·1 + 1·[3043]),0,3055,,,0.001;1,const;3043,0,0
3078,9,Π,стоимость вводимых  Фа,[2039]·[2123],0;0,2039;2123,,,,,0,0
3079,9,Π,стоимость вводимых  Фп,[3039]·[3123],0;0,3039;3123,,,,,0,0
3080,5,∫ с пределами,производительность труда,"∫(1·[3108]) dt, x0=1, pa1=0.1, hi=1e+06",1;0.1,0;0,1e+06,0,1,3108,1.0066,0
3081,11,Π/Π,расходы прибыли в НИОКР,[3365]·[3070] / [3072],0;0,3365;3070,0,3072,,,0,0
3082,11,Π/Π,расходы прибыли в депозиты,[3365]·[3071] / [3072],0;0,3365;3071,0,3072,,,0,0
3083,3,∫,накопленный депозит,"∫(1·[3082] + 1·[3085] + -1·[3086]) dt, x0=0.001",0.001,0,,,1;1;-1,3082;3085;3086,7.10877,0
3084,14,clip Σ,степень возможностей депозита,"clip(100·[3083], 0, 1)",0,0,1,0,100,3083,0,0
3085,9,Π,самовозрастание депозита,[3083]·[230],0;0,3083;230,,,,,0,0
3086,9,Π,поток инвестиций из депозита,[3362]·[3084],0;0,3362;3084,,,,,0,0
3088,2,уставка·Σ,формир потока амортизац Фа,0.3275·(100·[2123] + 1·[823]),0.3275,0,,,100;1,2123;823,0,0
3089,5,∫ с пределами,количество Фа,"∫(1·[3088] + -1·[3090]) dt, x0=0.01, pa1=0.01, hi=10000",0.01;0.01,0;0,10000,0,1;-1,3088;3090,10.0009,0
3090,9,Π,реальная амортизация Фа,[3064]·[3004]·[3089],0;0;0,3064;3004;3089,,,,,0,0
3091,9,Π,поток амортизации Фп,[3064]·[3092],0;0,3064;3092,,,,,0,0
3092,5,∫ с пределами,количество Фп,"∫(74.074·[3123] + -1·[3091]) dt, x0=0.01, pa1=0.01, hi=10000",0.01;0.01,0;0,10000,0,74.074;-1,3123;3091,9.99958,0
3093,12,Π/Σ,количество рабочих мест,[3092]·[3089] / (0.5·[3092] + 0.5·[3089]),0;0,3092;3089,,,0.5;0.5,3092;3089,0,0
3094,4,1/(Tp+1)·g,продукция для реализации,"clip(1·(1·[3007]), 0.1, 1)",1,0,1;0.1,0;0,1,3007,1.00086,0
3095,4,1/(Tp+1)·g,формиров возврата кредитов,"clip(1·(1·[3044]), 0.5, 1)",1,0,1;0.5,0;0,1,3044,79.5847,0
3096,7,min,формиров возврата кредитов,"min([3095], [3442])",0;0,3095;3442,,,,,0,0
3097,2,уставка·Σ,темп возврата кредитов,0·(1·[3096]),0,3097,,,1,3096,0,1
3099,2,уставка·Σ,,1·(1·1),1,3099,,,1,const,0,1
3100,10,Σ·[ref],сумма инвестиционных средств для изменения производительности фондов,(0.08561·[3081] + 0.08561·[823])·[880],0,880,,,0.08561;0.08561,3081;823,0,0
3101,1,Σ,алгоритм НДС,1·1 + -1·[24],,,,,1;-1,const;24,0,0
3102,11,Π/Π,алгоритм НДС,[3104]·[24] / [3101]·[3103],0;0,3104;24,0;0,3101;3103,,,0,0
3103,14,clip Σ,формирование НДС,"clip(1·[3040], 0.01, 10000)",0.01,0,10000,0,1,3040,0,0
3104,14,clip Σ,алгоритм НДС,"clip(1·[3040] + -1·[3008], 0, 10000)",0,0,10000,0,1;-1,3040;3008,0,0
3105,1,Σ,алгоритм НДС,1·1 + 1·[3102],,,,,1;1,const;3102,0,0
3106,1,Σ,+/- потока основных активных фондов,1·[2123] + -0.0075·[3090],,,,,1;-0.0075,2123;3090,0,0
3107,1,Σ,+/- потока основных пассивных фондов,1·[3123] + -0.007·[3091],,,,,1;-0.007,3123;3091,0,0
3108,14,clip Σ,,"clip(1·[3100] + -1·[3080], 0, 100000)",0,0,100000,0,1;-1,3100;3080,0,0
3109,12,Π/Σ,,[3004] / (0.001·1 + 1·[3116]),0,3004,,,0.001;1,const;3116,0,0
3110,14,clip Σ,,"clip(1·[3109], 0, 1)",0,0,1,0,1,3109,0,0
3112,2,уставка·Σ,норматив прибыли монополиста,1.2·(1·1),1.2,3112,,,1,const,0,1
3113,2,уставка·Σ,степень монополизма,0.1·(1·1),0.1,3113,,,1,const,0,1
3114,10,Σ·[ref],монопольная цена с ее долей,(1·1 + -1·[3113])·[3010],0,3010,,,1;-1,const;3113,0,0
3116,4,1/(Tp+1)·g,сумма спросов,"clip(1·(0.7758·[3119]), 0.02, 1)",1,0,1;0.02,0;0,0.7758,3119,1.0009,0
3117,1,Σ,суммарный поток денег возврата долгов поставщикам сырья,1·[3137] + 1·[3367],,,,,1;1,3137;3367,0,0
3119,4,1/(Tp+1)·g,сумма спросов,"clip(1·(1·[3141] + 1·[3142] + 1·[3143] + 1·[3144] + 1·[3145] + 1·[3146] + 1·[3147] + 1·[3148] + 1·[3149] + 1·[3150] + 1·[3151] + 1·[3152] + 1·[3153] + 1·[3155] + 1·[3156]), 0.02, 1)",1,0,1;0.02,0;0,1;1;1;1;1;1;1;1;1;1;1;1;1;1;1,3141;3142;3143;3144;3145;3146;3147;3148;3149;3150;3151;3152;3153;3155;3156,1.29016,0
3120,2,уставка·Σ,масштабирование цены строящегося жилья в сфере потребления,1·(0.00293·[3039]),1,3120,,,0.00293,3039,0,1
3121,11,Π/Π,доля продукции строит в сырье,[3094]·[3141] / [3001],0;0,3094;3141,0,3001,,,0,0
3122,11,Π/Π,доля продукции строит в машин,[3094]·[3142] / [3001],0;0,3094;3142,0,3001,,,0,0
3123,11,Π/Π,доля продукции строит в бюджет,[3094]·[3143] / [3001],0;0,3094;3143,0,3001,,,0,0
3124,11,Π/Π,доля продукции строит в с-х,[3094]·[3144] / [3001],0;0,3094;3144,0,3001,,,0,0
3125,11,Π/Π,доля продукции строит в ТНП,[3094]·[3145] / [3001],0;0,3094;3145,0,3001,,,0,0
3126,11,Π/Π,доля продукции строит в ВПК,[3094]·[3146] / [3001],0;0,3094;3146,0,3001,,,0,0
3127,11,Π/Π,доля продукции строит в уголь,[3094]·[3147] / [3001],0;0,3094;3147,0,3001,,,0,0
3128,11,Π/Π,доля продукции строит в нефть,[3094]·[3148] / [3001],0;0,3094;3148,0,3001,,,0,0
3129,11,Π/Π,доля продукции строит в газпром,[3094]·[3149] / [3001],0;0,3094;3149,0,3001,,,0,0
3130,11,Π/Π,доля продукции строит в эл-энерг,[3094]·[3150] / [3001],0;0,3094;3150,0,3001,,,0,0
3131,11,Π/Π,доля продукции строит в пищев пром,[3094]·[3151] / [3001],0;0,3094;3151,0,3001,,,0,0
3132,11,Π/Π,доля продукции сырья в транспорт,[3094]·[3152] / [3001],0;0,3094;3152,0,3001,,,0,0
3133,11,Π/Π,доля строит в проч пром,[3094]·[3153] / [3001],0;0,3094;3153,0,3001,,,0,0
3134,11,Π/Π,доля строит на экспорт,[3094]·[3154] / [3001],0;0,3094;3154,0,3001,,,0,0
3135,11,Π/Π,доля строит в бюджет,[3094]·[3155] / [3001],0;0,3094;3155,0,3001,,,0,0
3136,11,Π/Π,,[3094]·[3156] / [3001],0;0,3094;3156,0,3001,,,0,0
3137,9,Π,поток возврата долгов проставщикам,[3138]·[99],0;0,3138;99,,,,,0,0
3138,2,уставка·Σ,коэф уменьшения возврата долгов поставщикам сырья,0·(1·[3139]),0,3138,,,1,3139,0,1
3139,7,min,требуемый поток возврата долгов поставщикам сырья,"min([3095], [3410])",0;0,3095;3410,,,,,0,0
3141,4,1/(Tp+1)·g,спрос на строит в сырье,"clip(1·(1·[1067]), 0.01, 1)",1,0,1;0.01,0;0,1,1067,0.0610005,0
3142,4,1/(Tp+1)·g,спрос на строит из маш,"clip(1·(1·[2067]), 0.01, 1)",1,0,1;0.01,0;0,1,2067,0.0806734,0
3143,4,1/(Tp+1)·g,спрос на строит из строит,"clip(1·(1·[3067]), 0.01, 1)",1,0,1;0.01,0;0,1,3067,0.0269616,0
3144,4,1/(Tp+1)·g,спрос на строит   из с-х,"clip(1·(1·[4067]), 0.01, 1)",1,0,1;0.01,0;0,1,4067,0.0844159,0
3145,4,1/(Tp+1)·g,спрос на строит  из ТНП,"clip(1·(1·[5067]), 0.01, 1)",1,0,1;0.01,0;0,1,5067,0.0770101,0
3146,4,1/(Tp+1)·g,спрос на строит  из ВПК,"clip(1·(1·[6067]), 0.01, 1)",1,0,1;0.01,0;0,1,6067,0.0663333,0
3147,4,1/(Tp+1)·g,спрос на строит в угле,"clip(1·(1·[7067]), 0.01, 1)",1,0,1;0.01,0;0,1,7067,0.0331553,0
3148,4,1/(Tp+1)·g,спрос на строит из нефти,"clip(1·(1·[8067]), 0.01, 1)",1,0,1;0.01,0;0,1,8067,0.0959007,0
3149,4,1/(Tp+1)·g,спрос на строит  из газа,"clip(1·(1·[9067]), 0.01, 1)",1,0,1;0.01,0;0,1,9067,0.0158964,0
3150,4,1/(Tp+1)·g,спрос на строит и з эл-энер,"clip(1·(1·[10067]), 0.01, 1)",1,0,1;0.01,0;0,1,10067,0.0431656,0
3151,4,1/(Tp+1)·g,спрос на строит  из пищев пром,"clip(1·(1·[11067]), 0.01, 1)",1,0,1;0.01,0;0,1,11067,0.0280968,0
3152,4,1/(Tp+1)·g,спрос на строит  из транспорта,"clip(1·(1·[12067]), 0.01, 1)",1,0,1;0.01,0;0,1,12067,0.0387614,0
3153,4,1/(Tp+1)·g,спрос на строит  из проч пром,"clip(1·(1·[13067]), 0.01, 1)",1,0,1;0.01,0;0,1,13067,0.0289182,0
3154,4,1/(Tp+1)·g,спрос на строит на  экспорт,"clip(1·(1·[3161]), 0.1, 1)",1,0,1;0.1,0;0,1,3161,0.05,0
3155,4,1/(Tp+1)·g,спрос на строит в бюджет,"clip(1·(1·[263]), 0.1, 1)",1,0,1;0.1,0;0,1,263,0.38964,0
3156,4,1/(Tp+1)·g,спрос на строит из соц сферы,"clip(1·(1·[283]), 0.1, 1)",1,0,1;0.1,0;0,1,283,0.220237,0
3160,2,уставка·Σ,экспортная цена в дол,1·(65·1),1,3160,,,65,const,0,1
3161,7,min,заявка на экспорт в секторе сырья,"min([3171], [3163], [3162])",0;0;0,3171;3163;3162,,,,,0,0
3162,15,ключ,ограничение экспортаот низкой цены экспорта,(-1·1 + 1·[3164]) > 0 ? [1] : 0,,,0,1,-1;1,const;3164,0,0
3163,2,уставка·Σ,квота экспорта на сырье,50·(0.01·1),50,3163,,,0.01,const,0,1
3164,13,Σ/Π,доля экспорта сырья,(0.5·[3165]) / [3039]·[3166],,,0;0,3039;3166,0.5,3165,0,0
3165,9,Π,цена экспорта сырья в рубл,[3160]·[501],0;0,3160;501,,,,,0,0
3166,1,Σ,таможенный тариф на строит,1·1 + 1·[323],,,,,1;1,const;323,0,0
3167,10,Σ·[ref],экспортная выручка в рублевом выражении,(1.333·[3170])·[501],0,501,,,1.333,3170,0,0
3168,9,Π,объем уплаты тарифа,[3169]·[323],0;0,3169;323,,,,,0,0
3169,9,Π,экспортная выручка в долл,[3160]·[3134],0;0,3160;3134,,,,,0,0
3170,10,Σ·[ref],предлож долл от экспортной выручки на бирже,(1.25·[3176])·[530],0,530,,,1.25,3176,0,0
3171,2,уставка·Σ,,5·(0.01·1),5,3171,,,0.01,const,0,1
3173,1,Σ,остаток экспортн выр в дол после продажи необх доли выручки на бирже,1.25·[3176] + -1·[3170],,,,,1.25;-1,3176;3170,0,0
3174,5,∫ с пределами,дол накопления в секторе,"∫(1·[3173] + -1·[3199]) dt, x0=1, pa1=0, hi=1e+06",1;0,0;0,1e+06,0,1;-1,3173;3199,183.881,0
3175,9,Π,дол из чистой прибыли на закупку Фа,[3015]·[527],0;0,3015;527,,,,,0,0
3176,1,Σ,экспортн выр после уплаты таможенных сборов,1·[3169] + -1·[3168],,,,,1;-1,3169;3168,0,0
3197,9,Π,расх на импортн Фа  в рублевом выражении,[3199]·[501],0;0,3199;501,,,,,0,0
3198,2,уставка·Σ,степень интенс расхода накопления инвалюты для импорта Фа,0.4·(1·[3174]),0.4,3198,,,1,3174,0,1
3199,15,ключ,вкл инвал накоплений для импорта Фа,(1·[3075] + -10·[3015]) > 0 ? [3198] : 0,,,0,3198,1;-10,3075;3015,0,0
3200,1,Σ,суммарные рубли за куплен импортн Фа,1·[3175] + 1·[3197],,,,,1;1,3175;3197,0,0
3201,2,уставка·Σ,К импорта в сектор,10·(0.01·1),10,3201,,,0.01,const,0,1
3202,9,Π,спрос сектора на валюту для импорта сырья,[3007]·[3201]·[403]·[463],0;0;0;0,3007;3201;403;463,,,,,0,0
3203,14,clip Σ,степень наличия исходн импортного сырья для производства,"clip(10·[3204], 0, 1)",0,0,1,0,10,3204,0,0
3204,5,∫ с пределами,накоплено импортного сырья в секторе,"∫(1·[3209] + -1·[3210]) dt, x0=1, pa1=0.01, hi=1e+07",1;0.01,0;0,1e+07,0,1;-1,3209;3210,2.65497,0
3205,9,Π,заявка на дол для сырья с учетом фин возможностей,[3202]·[3059],0;0,3202;3059,,,,,0,0
3206,7,min,реадьно полученные дол для импорта сырья,"min([3207], [3202])",0;0,3207;3202,,,,,0,0
3207,9,Π,степень удовлетворения в дол для закупки сырья,[527]·[3205],0;0,527;3205,,,,,0,0
3208,9,Π,поток тарифа в бюджет за импорт сырья,[3206]·[443],0;0,3206;443,,,,,0,0
3209,13,Σ/Π,поток закупленного импортного сырья,(1·[3206] + -1·[3208]) / [403],,,0,403,1;-1,3206;3208,0,0
3210,9,Π,поток расхода импортного сырья,[3201]·[3007],0;0,3201;3007,,,,,0,0
3211,2,уставка·Σ,К сырья в сектор,0.05·(1·1),0.05,3211,,,1,const,0,1
3212,11,Π/Π,спрос сектора на исходный продукт,[3011]·[3211]·[3471] / [3219]·[3219]·[3219],0;0;0,3011;3211;3471,0;0;0,3219;3219;3219,,,0,0
3213,14,clip Σ,степень наличия исходн продуктов для производства,"clip(5·[3214], 0, 1)",0,0,1,0,5,3214,0,0
3214,11,Π/Π,степень наличия исходных продуктов,[3219] / [3004],0,3219,0,3004,,,0,0
3215,5,∫ с пределами,сумма долга поставщику исх прод,"∫(1·[3218] + -1·[3401] + -1·[3411]) dt, x0=1, pa1=0, hi=1e+07",1;0,0;0,1e+07,0,1;-1;-1,3218;3401;3411,0,0
3216,1,Σ,реалбные текущие мат затраты на оплату конкретн исх прод,1·[3217] + -1·[3218],,,,,1;-1,3217;3218,0,0
3217,9,Π,ребуемые текущие мат затраты по конкретн поставке,[3292]·[1039],0;0,3292;1039,,,,,0,0
3218,9,Π,степень недостаточности финансовых средств,[3217]·[3060],0;0,3217;3060,,,,,0,0
3219,5,∫ с пределами,склад исходной продукции,"∫(-1·[3220] + 1·[3292]) dt, x0=50, pa1=0.001, hi=1e+06",50;0.001,0;0,1e+06,0,-1;1,3220;3292,1.00003,0
3220,9,Π,поток расходов исходного продукта,[3211]·[3007],0;0,3211;3007,,,,,0,0
3221,2,уставка·Σ,К угля в сектор,0.02·(1·1),0.02,3221,,,1,const,0,1
3222,11,Π/Π,спрос сектора на исходный продукт,[3011]·[3221]·[3472] / [3229]·[3229]·[3229],0;0;0,3011;3221;3472,0;0;0,3229;3229;3229,,,0,0
3223,14,clip Σ,степень наличия исходн продуктов для производства,"clip(5·[3224], 0, 1)",0,0,1,0,5,3224,0,0
3224,11,Π/Π,степень наличия исходных продуктов,[3229] / [3004],0,3229,0,3004,,,0,0
3225,5,∫ с пределами,сумма долга поставщику исх прод,"∫(1·[3228] + -1·[3402] + -1·[3412]) dt, x0=1, pa1=0, hi=1e+07",1;0,0;0,1e+07,0,1;-1;-1,3228;3402;3412,0,0
3226,1,Σ,реалбные текущие мат затраты на оплату конкретн исх прод,1·[3227] + -1·[3228],,,,,1;-1,3227;3228,0,0
3227,9,Π,требуемые текущие мат затраты по конкретн поставке,[3293]·[7039],0;0,3293;7039,,,,,0,0
3228,9,Π,степень недостаточности финансовых средств,[3227]·[3060],0;0,3227;3060,,,,,0,0
3229,5,∫ с пределами,1клад исходной продукции,"∫(-1·[3230] + 1·[3293]) dt, x0=50, pa1=0.001, hi=1e+06",50;0.001,0;0,1e+06,0,-1;1,3230;3293,1.00002,0
3230,9,Π,поток расходов исходного продукта,[3221]·[3007],0;0,3221;3007,,,,,0,0
3231,2,уставка·Σ,К газа в сектор,0.01·(1·1),0.01,3231,,,1,const,0,1
3232,12,Π/Σ,спрос сектора на исходный продукт,[3011]·[3231]·[3473] / (0.001·1 + 1·[3234]),0;0;0,3011;3231;3473,,,0.001;1,const;3234,0,0
3233,14,clip Σ,степень наличия исходн продуктов для производства,"clip(5·[3234], 0, 1)",0,0,1,0,5,3234,0,0
3234,4,1/(Tp+1)·g,степень наличия исходных продуктов,"clip(1·(1·[3239]), 0.1, 1)",1,0,1;0.1,0;0,1,3239,0.999536,0
3235,5,∫ с пределами,сумма долга поставщику исх прод,"∫(1·[3238] + -1·[3403] + -1·[3413]) dt, x0=1, pa1=0, hi=1e+07",1;0,0;0,1e+07,0,1;-1;-1,3238;3403;3413,0,0
3236,1,Σ,реалбные текущие мат затраты на оплату конкретн исх прод,1·[3237] + -1·[3238],,,,,1;-1,3237;3238,0,0
3237,9,Π,требуемые текущие мат затраты по конкретн поставке,[3294]·[9039],0;0,3294;9039,,,,,0,0
3238,9,Π,степень недостаточности финансовых средств,[3237]·[3060],0;0,3237;3060,,,,,0,0
3239,12,Π/Σ,склад исходной продукции,[3294] / (1e-07·1 + 1·[3240]),0,3294,,,1e-07;1,const;3240,0,0
3240,9,Π,поток расходов исходного продукта,[3231]·[3007],0;0,3231;3007,,,,,0,0
3241,2,уставка·Σ,К электр в сектор,0.05·(1·1),0.05,3241,,,1,const,0,1
3242,12,Π/Σ,спрос сектора на исходный продукт,[3011]·[3241]·[3474] / (0.001·1 + 1·[3244]),0;0;0,3011;3241;3474,,,0.001;1,const;3244,0,0
3243,14,clip Σ,степень наличия исходн продуктов для производства,"clip(5·[3244], 0, 1)",0,0,1,0,5,3244,0,0
3244,4,1/(Tp+1)·g,степень наличия исходных продуктов,"clip(1·(1·[3249]), 0.1, 1)",1,0,1;0.1,0;0,1,3249,0.999489,0
3245,5,∫ с пределами,сумма долга поставщику исх прод,"∫(1·[3248] + -1·[3404] + -1·[3414]) dt, x0=1, pa1=0, hi=1e+07",1;0,0;0,1e+07,0,1;-1;-1,3248;3404;3414,0,0
3246,1,Σ,реалбные текущие мат затраты на оплату конкретн исх прод,1·[3247] + -1·[3248],,,,,1;-1,3247;3248,0,0
3247,9,Π,требуемые текущие мат затраты по конкретн поставке,[3295]·[10039],0;0,3295;10039,,,,,0,0
3248,9,Π,степень недостаточности финансовых средств,[3247]·[3060],0;0,3247;3060,,,,,0,0
3249,12,Π/Σ,склад исходной продукции,[3295] / (1e-07·1 + 1·[3250]),0,3295,,,1e-07;1,const;3250,0,0
3250,9,Π,поток расходов исходного продукта,[3241]·[3007],0;0,3241;3007,,,,,0,0
3251,2,уставка·Σ,К нефти в сектор,0.04·(1·1),0.04,3251,,,1,const,0,1
3252,11,Π/Π,спрос сектора на исходный продукт,[3011]·[3251]·[3475] / [3259]·[3259]·[3259],0;0;0,3011;3251;3475,0;0;0,3259;3259;3259,,,0,0
3253,14,clip Σ,степень наличия исходн продуктов для производства,"clip(5·[3254], 0, 1)",0,0,1,0,5,3254,0,0
3254,11,Π/Π,степень наличия исходных продуктов,[3259] / [3004],0,3259,0,3004,,,0,0
3255,5,∫ с пределами,сумма долга поставщику исх прод,"∫(1·[3258] + -1·[3405] + -1·[3415]) dt, x0=1, pa1=0, hi=1e+07",1;0,0;0,1e+07,0,1;-1;-1,3258;3405;3415,0,0
3256,1,Σ,реалбные текущие мат затраты на оплату конкретн исх прод,1·[3257] + -1·[3258],,,,,1;-1,3257;3258,0,0
3257,9,Π,требуемые текущие мат затраты по конкретн поставке,[3296]·[8039],0;0,3296;8039,,,,,0,0
3258,9,Π,степень недостаточности финансовых средств,[3257]·[3060],0;0,3257;3060,,,,,0,0
3259,5,∫ с пределами,склад исходной продукции,"∫(-1·[3260] + 1·[3296]) dt, x0=50, pa1=0.001, hi=1e+06",50;0.001,0;0,1e+06,0,-1;1,3260;3296,0.999211,0
3260,9,Π,поток расходов исходного продукта,[3251]·[3007],0;0,3251;3007,,,,,0,0
3261,2,уставка·Σ,К прочих в сектор,0.1·(1·1),0.1,3261,,,1,const,0,1
3262,11,Π/Π,спрос сектора на исходный продукт,[3011]·[3261]·[3476] / [3269]·[3269]·[3269],0;0;0,3011;3261;3476,0;0;0,3269;3269;3269,,,0,0
3263,14,clip Σ,степень наличия исходн продуктов для производства,"clip(5·[3264], 0, 1)",0,0,1,0,5,3264,0,0
3264,11,Π/Π,степень наличия исходных продуктов,[3269] / [3004],0,3269,0,3004,,,0,0
3265,5,∫ с пределами,сумма долга поставщику исх прод,"∫(1·[3268] + -1·[3406] + -1·[3416]) dt, x0=1, pa1=0, hi=1e+07",1;0,0;0,1e+07,0,1;-1;-1,3268;3406;3416,0,0
3266,1,Σ,реалбные текущие мат затраты на оплату конкретн исх прод,1·[3267] + -1·[3268],,,,,1;-1,3267;3268,0,0
3267,9,Π,требуемые текущие мат затраты по конкретн поставке,[3297]·[13039],0;0,3297;13039,,,,,0,0
3268,9,Π,степень недостаточности финансовых средств,[3267]·[3060],0;0,3267;3060,,,,,0,0
3269,5,∫ с пределами,склад исходной продукции,"∫(-1·[3270] + 1·[3297]) dt, x0=50, pa1=0.001, hi=1e+06",50;0.001,0;0,1e+06,0,-1;1,3270;3297,0.999197,0
3270,9,Π,поток расходов исходного продукта,[3261]·[3007],0;0,3261;3007,,,,,0,0
3271,2,уставка·Σ,К импорта в сектор,0.03·(1·1),0.03,3271,,,1,const,0,1
3272,12,Π/Σ,спрос сектора на исходный продукт,[3011]·[3271]·[3477] / (0.001·1 + 1·[3274]),0;0;0,3011;3271;3477,,,0.001;1,const;3274,0,0
3273,14,clip Σ,степень наличия исходн продуктов для производства,"clip(5·[3274], 0, 1)",0,0,1,0,5,3274,0,0
3274,4,1/(Tp+1)·g,степень наличия исходных продуктов,"clip(1·(1·[3279]), 0.1, 1)",1,0,1;0.1,0;0,1,3279,0.999539,0
3275,5,∫ с пределами,сумма долга поставщику исх прод,"∫(1·[3278] + -1·[3407] + -1·[3417]) dt, x0=1, pa1=0, hi=1e+07",1;0,0;0,1e+07,0,1;-1;-1,3278;3407;3417,0,0
3276,1,Σ,реалбные текущие мат затраты на оплату конкретн исх прод,1·[3277] + -1·[3278],,,,,1;-1,3277;3278,0,0
3277,9,Π,требуемые текущие мат затраты по конкретн поставке,[3298]·[12039],0;0,3298;12039,,,,,0,0
3278,9,Π,степень недостаточности финансовых средств,[3277]·[3060],0;0,3277;3060,,,,,0,0
3279,12,Π/Σ,склад исходной продукции,[3298] / (1e-07·1 + 1·[3280]),0,3298,,,1e-07;1,const;3280,0,0
3280,9,Π,поток расходов исходного продукта,[3271]·[3007],0;0,3271;3007,,,,,0,0
3285,2,уставка·Σ,,0·(1·1),0,3285,,,1,const,0,1
3292,1,Σ,,1·[1123],,,,,1,1123,0,0
3293,1,Σ,,1·[7123],,,,,1,7123,0,0
3294,1,Σ,,1·[9123],,,,,1,9123,0,0
3295,1,Σ,,1·[10123],,,,,1,10123,0,0
3296,1,Σ,,1·[8123],,,,,1,8123,0,0
3297,1,Σ,,1·[13123],,,,,1,13123,0,0
3298,1,Σ,,1·[12123],,,,,1,12123,0,0
3301,14,clip Σ,формир отключ поставок сырья при длительной их неоплате,"clip(1·[3217], 0.0001, 1e+07)",0.0001,0,1e+07,0,1,3217,0,0
3302,11,Π/Π,формир отключ поставок сырья при длительной их неоплате,[3215] / [3301],0,3215,0,3301,,,0,0
3303,15,ключ,формир отключ поставок сырья при длительной их неоплате,(-1·[3302] + 1·[1400]) > 0 ? [1] : 0,,,0,1,-1;1,3302;1400,0,0
3306,14,clip Σ,формир отключ поставок сырья при длительной их неоплате,"clip(1·[1227], 0.0001, 1e+07)",0.0001,0,1e+07,0,1,1227,0,0
3307,11,Π/Π,формир отключ поставок сырья при длительной их неоплате,[3225] / [3306],0,3225,0,3306,,,0,0
3308,15,ключ,формир отключ поставок сырья при длительной их неоплате,(-1·[3307] + 1·[7400]) > 0 ? [1] : 0,,,0,1,-1;1,3307;7400,0,0
3311,14,clip Σ,формир отключ поставок сырья при длительной их неоплате,"clip(1·[1237], 0.0001, 1e+07)",0.0001,0,1e+07,0,1,1237,0,0
3312,11,Π/Π,формир отключ поставок сырья при длительной их неоплате,[3235] / [3311],0,3235,0,3311,,,0,0
3313,15,ключ,формир отключ поставок сырья при длительной их неоплате,(-1·[3312] + 1·[9400]) > 0 ? [1] : 0,,,0,1,-1;1,3312;9400,0,0
3316,14,clip Σ,формир отключ поставок сырья при длительной их неоплате,"clip(1·[1247], 0.0001, 1e+07)",0.0001,0,1e+07,0,1,1247,0,0
3317,11,Π/Π,формир отключ поставок сырья при длительной их неоплате,[3245] / [3316],0,3245,0,3316,,,0,0
3318,15,ключ,формир отключ поставок сырья при длительной их неоплате,(-1·[3317] + 1·[10400]) > 0 ? [1] : 0,,,0,1,-1;1,3317;10400,0,0
3321,14,clip Σ,формир отключ поставок сырья при длительной их неоплате,"clip(1·[1257], 0.0001, 1e+07)",0.0001,0,1e+07,0,1,1257,0,0
3322,11,Π/Π,формир отключ поставок сырья при длительной их неоплате,[3255] / [3321],0,3255,0,3321,,,0,0
3323,15,ключ,формир отключ поставок сырья при длительной их неоплате,(-1·[3322] + 1·[8400]) > 0 ? [1] : 0,,,0,1,-1;1,3322;8400,0,0
3326,14,clip Σ,формир отключ поставок сырья при длительной их неоплате,"clip(1·[1267], 0.0001, 1e+07)",0.0001,0,1e+07,0,1,1267,0,0
3327,11,Π/Π,формир отключ поставок сырья при длительной их неоплате,[3265] / [3326],0,3265,0,3326,,,0,0
3328,15,ключ,формир отключ поставок сырья при длительной их неоплате,(-1·[3327] + 1·[13400]) > 0 ? [1] : 0,,,0,1,-1;1,3327;13400,0,0
3331,14,clip Σ,формир отключ поставок сырья при длительной их неоплате,"clip(1·[1277], 0.0001, 1e+07)",0.0001,0,1e+07,0,1,1277,0,0
3332,11,Π/Π,формир отключ поставок сырья при длительной их неоплате,[3275] / [3331],0,3275,0,3331,,,0,0
3333,15,ключ,формир отключ поставок сырья при длительной их неоплате,(-1·[3332] + 1·[12400]) > 0 ? [1] : 0,,,0,1,-1;1,3332;12400,0,0
3341,9,Π,стоимость поставленного оборудования в сектор,[3121]·[3039],0;0,3121;3039,,,,,0,0
3342,9,Π,стоимость поставленного оборудования в сектор,[3122]·[3039],0;0,3122;3039,,,,,0,0
3343,9,Π,стоимость поставленного оборудования в сектор,[3123]·[3039],0;0,3123;3039,,,,,0,0
3344,9,Π,стоимость поставленного оборудования в сектор,[3124]·[3039],0;0,3124;3039,,,,,0,0
3345,9,Π,стоимость поставленного оборудования в сектор,[3125]·[3039],0;0,3125;3039,,,,,0,0
3346,9,Π,стоимость поставленного оборудования в сектор,[3126]·[3039],0;0,3126;3039,,,,,0,0
3347,9,Π,стоимость поставленного оборудования в сектор,[3127]·[3039],0;0,3127;3039,,,,,0,0
3348,9,Π,стоимость поставленного оборудования в сектор,[3128]·[3039],0;0,3128;3039,,,,,0,0
3349,9,Π,стоимость поставленного оборудования в сектор,[3129]·[3039],0;0,3129;3039,,,,,0,0
3350,9,Π,стоимость поставленного оборудования в сектор,[3130]·[3039],0;0,3130;3039,,,,,0,0
3351,9,Π,стоимость поставленного оборудования в сектор,[3131]·[3039],0;0,3131;3039,,,,,0,0
3352,9,Π,стоимость поставленного оборудования в сектор,[3132]·[3039],0;0,3132;3039,,,,,0,0
3353,9,Π,стоимость поставленного оборудования в сектор,[3133]·[3039],0;0,3133;3039,,,,,0,0
3355,9,Π,стоимость поставленного оборудования в сектор,[3135]·[3039],0;0,3135;3039,,,,,0,0
3357,2,уставка·Σ,выручка сектора от всех поставок оборудования,1·(1·[3341] + 1·[3342] + 1·[3343] + 1·[3344] + 1·[3345] + 1·[3346] + 1·[3347] + 1·[3348] + 1·[3349] + 1·[3350] + 1·[3351] + 1·[3352] + 1·[3353] + 1·[3355] + 1·[2167]),1,0,,,1;1;1;1;1;1;1;1;1;1;1;1;1;1;1,3341;3342;3343;3344;3345;3346;3347;3348;3349;3350;3351;3352;3353;3355;2167,0,0
3362,14,clip Σ,подключение депозитов для погашения долгов поставщикам сырья,"clip(-1·1 + 1·[3410], 0, 100000)",0,0,100000,0,-1;1,const;3410,0,0
3363,2,уставка·Σ,предельная величина максим долга при котором прекращаются инвестиц расходы,5·(1·1),5,3363,,,1,const,0,1
3364,8,max,выбор максимального долга за сырье,"max([3215], [3225], [3235], [3245], [3255], [3265], [3275], [3285])",0;0;0;0;0;0;0;0,3215;3225;3235;3245;3255;3265;3275;3285,,,,,0,0
3365,15,ключ,выключение инвестиций при необходимости платить долги поставщикам сырья,(1·[3363] + -1·[3364]) > 0 ? [3065] : 0,,,0,3065,1;-1,3363;3364,0,0
3366,15,ключ,выключ инвестиций в оплату долгов поставщикам сырья,(-1·[3363] + 1·[3364]) > 0 ? [3065] : 0,,,0,3065,-1;1,3363;3364,0,0
3367,1,Σ,поток денег из депозита и инвестиций для погашения долга поставщикам сырья,1·[3366] + 1·[3086],,,,,1;1,3366;3086,0,0
3401,11,Π/Π,возврат долга за поставку сырья из прибыли,[3215]·[3117] / [3410],0;0,3215;3117,0,3410,,,0,0
3402,11,Π/Π,возврат долга за поставку сырья из прибыли,[3225]·[3117] / [3410],0;0,3225;3117,0,3410,,,0,0
3403,11,Π/Π,возврат долга за поставку сырья из прибыли,[3235]·[3117] / [3410],0;0,3235;3117,0,3410,,,0,0
3404,11,Π/Π,возврат долга за поставку сырья из прибыли,[3245]·[3117] / [3410],0;0,3245;3117,0,3410,,,0,0
3405,11,Π/Π,возврат долга за поставку сырья из прибыли,[3255]·[3117] / [3410],0;0,3255;3117,0,3410,,,0,0
3406,11,Π/Π,возврат долга за поставку сырья из прибыли,[3265]·[3117] / [3410],0;0,3265;3117,0,3410,,,0,0
3407,11,Π/Π,возврат долга за поставку сырья из прибыли,[3275]·[3117] / [3410],0;0,3275;3117,0,3410,,,0,0
3410,14,clip Σ,сумма всех долгов за поставку сырья,"clip(1·[3215] + 1·[3225] + 1·[3235] + 1·[3245] + 1·[3255] + 1·[3265] + 1·[3275], 0.001, 1e+08)",0.001,0,1e+08,0,1;1;1;1;1;1;1,3215;3225;3235;3245;3255;3265;3275,0,0
3411,11,Π/Π,возврат долга за поставку сырья из прибыли,[3421]·[3441] / [3420],0;0,3421;3441,0,3420,,,0,0
3412,11,Π/Π,возврат долга за поставку сырья из прибыли,[3422]·[3441] / [3420],0;0,3422;3441,0,3420,,,0,0
3413,11,Π/Π,возврат долга за поставку сырья из прибыли,[3423]·[3441] / [3420],0;0,3423;3441,0,3420,,,0,0
3414,11,Π/Π,возврат долга за поставку сырья из прибыли,[3424]·[3441] / [3420],0;0,3424;3441,0,3420,,,0,0
3415,11,Π/Π,возврат долга за поставку сырья из прибыли,[3425]·[3441] / [3420],0;0,3425;3441,0,3420,,,0,0
3416,11,Π/Π,возврат долга за поставку сырья из прибыли,[3426]·[3441] / [3420],0;0,3426;3441,0,3420,,,0,0
3417,11,Π/Π,возврат долга за поставку сырья из прибыли,[3427]·[3441] / [3420],0;0,3427;3441,0,3420,,,0,0
3420,14,clip Σ,сумма всех долгов за поставку сырья,"clip(1·[3421] + 1·[3422] + 1·[3423] + 1·[3424] + 1·[3425] + 1·[3426] + 1·[3427], 0.001, 1e+08)",0.001,0,1e+08,0,1;1;1;1;1;1;1,3421;3422;3423;3424;3425;3426;3427,0,0
3421,14,clip Σ,потребность в оборотном кредите,"clip(1·[3215] + -1·[1299], 0, 1e+06)",0,0,1e+06,0,1;-1,3215;1299,0,0
3422,14,clip Σ,потребность в оборотном кредите,"clip(1·[3225] + -1·[7299], 0, 1e+06)",0,0,1e+06,0,1;-1,3225;7299,0,0
3423,14,clip Σ,потребность в оборотном кредите,"clip(1·[3235] + -1·[9299], 0, 1e+06)",0,0,1e+06,0,1;-1,3235;9299,0,0
3424,14,clip Σ,потребность в оборотном кредите,"clip(1·[3245] + -1·[10299], 0, 1e+06)",0,0,1e+06,0,1;-1,3245;10299,0,0
3425,14,clip Σ,потребность в оборотном кредите,"clip(1·[3255] + -1·[8299], 0, 1e+06)",0,0,1e+06,0,1;-1,3255;8299,0,0
3426,14,clip Σ,потребность в оборотном кредите,"clip(1·[3265] + -1·[13299], 0, 1e+06)",0,0,1e+06,0,1;-1,3265;13299,0,0
3427,14,clip Σ,потребность в оборотном кредите,"clip(1·[3275] + -1·[12299], 0, 1e+06)",0,0,1e+06,0,1;-1,3275;12299,0,0
3441,7,min,поток кредита из банка,"min([3452], [3445])",0;0,3452;3445,,,,,0,0
3442,5,∫ с пределами,текущий кредитный долг банку,"∫(1·[3441] + -1·[1097] + 1·[3443]) dt, x0=1, pa1=0, hi=1e+07",1;0,0;0,1e+07,0,1;-1;1,3441;1097;3443,0,0
3443,9,Π,поток процентов за выданный оборотный кредит,[3442]·[47],0;0,3442;47,,,,,0,0
3444,14,clip Σ,сигнал о возможности кредитования банком оборотных средств,"clip(-0.1·[3442] + 0.1·[3448], 0, 1)",0,0,1,0,-0.1;0.1,3442;3448,0,0
3445,9,Π,поток кредита оборотных средств выдаваемых банком,[3452]·[3444]·[3446],0;0;0,3452;3444;3446,,,,,0,0
3446,14,clip Σ,сигнал о том что норма прибыли больше ставки кредита,"clip(1·[3450], 0, 1)",0,0,1,0,1,3450,0,0
3447,1,Σ,формирование сигнала о возможности кредитования,1·1 + 1·[3450],,,,,1;1,const;3450,0,0
3448,9,Π,формиросание сигнала о возможности кредитования,[3449]·[3447],0;0,3449;3447,,,,,0,0
3449,2,уставка·Σ,коэф ликвидности основных фондов для возможности банковского кредитования,0.1·(0.1·[3063]),0.1,3449,,,0.1,3063,0,1
3450,2,уставка·Σ,учет превышения нормы проб над ставкой кредита для эффективности кредитования,3·(1·[3451]),3,0,,,1,3451,0,0
3451,11,Π/Π,превышение нормы прибыли стаки кркдита,[3058] / [47],0,3058,0,47,,,0,0
3452,9,Π,потребность в оборотном кредите,[3420]·[199],0;0,3420;199,,,,,0,0
3461,9,Π,сигнал о прекращении поставок сырья при неоплате ранее поставленного,[88]·[3303],0;0,88;3303,,,,,0,0
3462,9,Π,сигнал о прекращении поставок сырья при неоплате ранее поставленного,[88]·[3308],0;0,88;3308,,,,,0,0
3463,9,Π,сигнал о прекращении поставок сырья при неоплате ранее поставленного,[88]·[3313],0;0,88;3313,,,,,0,0
3464,9,Π,сигнал о прекращении поставок сырья при неоплате ранее поставленного,[88]·[3318],0;0,88;3318,,,,,0,0
3465,9,Π,сигнал о прекращении поставок сырья при неоплате ранее поставленного,[88]·[3323],0;0,88;3323,,,,,0,0
3466,9,Π,сигнал о прекращении поставок сырья при неоплате ранее поставленного,[88]·[3328],0;0,88;3328,,,,,0,0
3467,9,Π,сигнал о прекращении поставок сырья при неоплате ранее поставленного,[88]·[3333],0;0,88;3333,,,,,0,0
3471,1,Σ,включ сигнала о небходимости прекращения поставок сырья при отсутств их оплаты,1·[3461] + 1·[189],,,,,1;1,3461;189,0,0
3472,1,Σ,включ сигнала о небходимости прекращения поставок сырья при отсутств их оплаты,1·[3462] + 1·[189],,,,,1;1,3462;189,0,0
3473,1,Σ,включ сигнала о небходимости прекращения поставок сырья при отсутств их оплаты,1·[3463] + 1·[189],,,,,1;1,3463;189,0,0
3474,1,Σ,включ сигнала о небходимости прекращения поставок сырья при отсутств их оплаты,1·[3464] + 1·[189],,,,,1;1,3464;189,0,0
3475,1,Σ,включ сигнала о небходимости прекращения поставок сырья при отсутств их оплаты,1·[3465] + 1·[189],,,,,1;1,3465;189,0,0
3476,1,Σ,включ сигнала о небходимости прекращения поставок сырья при отсутств их оплаты,1·[3466] + 1·[189],,,,,1;1,3466;189,0,0
3477,1,Σ,включ сигнала о небходимости прекращения поставок сырья при отсутств их оплаты,1·[3467] + 1·[189],,,,,1;1,3467;189,0,0
3802,2,уставка·Σ,доход,1·(0.9124·[3026]),1,3802,,,0.9124,3026,0,1
3803,9,Π,сумма подоходн налога из соц группы,[3804]·[3811],0;0,3804;3811,,,,,0,0
3804,9,Π,масса подоходного налога,[3802]·[22],0;0,3802;22,,,,,0,0
3805,4,1/(Tp+1)·g,чистый доход,"clip(1·(1·[3802] + -1·[3806] + -1·[3804]), 0.1, 1)",1,0,1;0.1,0;0,1;-1;-1,3802;3806;3804,7.50331,0
3806,9,Π,другие платежи,[3802]·[21],0;0,3802;21,,,,,0,0
3807,9,Π,другие платежи,[3806]·[3811],0;0,3806;3811,,,,,0,0
3808,9,Π,спрос соц группы на услуги,[3874]·[3811],0;0,3874;3811,,,,,0,0
3809,9,Π,спрос на ТНП в социальной группе,[3860]·[3811],0;0,3860;3811,,,,,0,0
3810,9,Π,спрос на стоящ жилье в соц группе,[3844]·[3811],0;0,3844;3811,,,,,0,0
3811,2,уставка·Σ,количество человек в соц группе,1·(1·[3012]),1,3811,,,1,3012,0,1
3812,9,Π,формир фин возмож,[3828]·[3828],0;0,3828;3828,,,,,0,0
3814,10,Σ·[ref],формир финан возм,(2.3·[3812])·[3815],0,3815,,,2.3,3812,0,0
3815,5,∫ с пределами,денежные накопления,"∫(1·[3816] + -1·[3814] + -1·[3870]) dt, x0=1, pa1=0.001, hi=100000",1;0.001,0;0,100000,0,1;-1;-1,3816;3814;3870,2.42886,0
3816,11,Π/Π,формир денежн накоплений,[3838]·[3838]·[3805] / [3819]·[3819],0;0;0,3838;3838;3805,0;0,3819;3819,,,0,0
3817,11,Π/Π,формир соц напряженности,[3815] / [3818],0,3815,0,3818,,,0,0
3818,4,1/(Tp+1)·g,финансовые возможности,"clip(1·(1·[3805] + 1·[3814] + -1·[3816]), 0.1, 1)",1,0,1;0.1,0;0,1;1;-1,3805;3814;3816,7.50211,0
3819,1,Σ,формирование денежн накоплений,1·1 + 1·[3838],,,,,1;1,const;3838,0,0
3820,1,Σ,расходы на ТНП Услуги и Досуг,1·[3818] + -1·[3821],,,,,1;-1,3818;3821,0,0
3821,9,Π,расходы на ПП и Жилье,[3831]·[3818],0;0,3831;3818,,,,,0,0
3822,12,Π/Σ,расходы на ПП,[3828]·[3821] / (1·[3828] + 1·[3836]),0;0,3828;3821,,,1;1,3828;3836,0,0
3823,14,clip Σ,расходы на жилье,"clip(1·[3821] + -1·[3822] + -1·[70], 0.01, 1e+07)",0.01,0,1e+07,0,1;-1;-1,3821;3822;70,0,0
3824,2,уставка·Σ,масштабир цены ПП в соц гр,0.08·(1·[4197]),0.08,0,,,1,4197,0,0
3825,12,Π/Σ,формир доли на ПП,[3824] / (0.001·1 + 0.2·[3822]),0,3824,,,0.001;0.2,const;3822,0,0
3826,11,Π/Π,спрос соц группы на ПП,[3811]·[3822] / [3824],0;0,3811;3822,0,3824,,,0,0
3827,12,Π/Σ,формир доли на ПП,[3825] / (1·[3825] + 1·[3822]),0,3825,,,1;1,3825;3822,0,0
3828,4,1/(Tp+1)·g,формир доли на ПП,"clip(1·(1·[3827]), 0.1, 1)",1,0,1;0.1,0;0,1,3827,0.423549,0
3829,14,clip Σ,,"clip(1·1 + -4·[3832], 0, 1)",0,0,1,0,1;-4,const;3832,0,0
3830,11,Π/Π,спрос на ПП,[3822] / [3824],0,3822,0,3824,,,0,0
3831,14,clip Σ,формир доли на ПП и Жил,"clip(1·[3828] + 1·[3836], 0, 1)",0,0,1,0,1;1,3828;3836,0,0
3832,14,clip Σ,формир доли на Жил,"clip(-0.5·1 + 1·[3828], 0, 100)",0,0,100,0,-0.5;1,const;3828,0,0
3833,1,Σ,формир доли на Жил,1·1 + 1·[3832],,,,,1;1,const;3832,0,0
3834,23,?23,формир доли на Жил,?23(1·[3833]; 10),10,0,,,1,3833,0,0
3835,11,Π/Π,доля на жилье,[3857] / [3834],0,3857,0,3834,,,0,0
3836,12,Π/Σ,доля на Жил,[3835] / (1·1 + 5·[3835]),0,3835,,,1;5,const;3835,0,0
3837,14,clip Σ,всего расходов на ТНП и др,"clip(1·[3820] + -1·[3856], 0, 1000)",0,0,1000,0,1;-1,3820;3856,0,0
3838,1,Σ,уровень жизни,1·1 + -1·[3828],,,,,1;-1,const;3828,0,0
3839,12,Π/Σ,натуральный спрос на покупку жилья (удовлетворенный),[3844] / (0.01·1 + 1·[3842]),0,3844,,,0.01;1,const;3842,0,0
3840,2,уставка·Σ,коэф перевода года в мес,1·(1·[3823]),1,0,,,1,3823,0,0
3841,11,Π/Π,спрос на строит жилья,[3840]·[3840] / [3842]·[3842],0;0,3840;3840,0;0,3842;3842,,,0,0
3842,2,уставка·Σ,цена строящ жилья,1·(1·[3120]),1,0,,,1,3120,0,0
3843,12,Π/Σ,доля на покупку жилья,[3848]·[3849]·[3841]·[3829] / (0.1·1 + 1·[3841]),0;0;0;0,3848;3849;3841;3829,,,0.1;1,const;3841,0,0
3844,9,Π,расходы на покупку жилья,[3823]·[3843],0;0,3823;3843,,,,,0,0
3845,14,clip Σ,расходы на наем жилья,"clip(1·[3823] + -1·[3844], 0, 1e+07)",0,0,1e+07,0,1;-1,3823;3844,0,0
3846,12,Π/Σ,формиров доли расходов на покупку жилья,[3853] / (1·[3842] + 1·[3853]),0,3853,,,1;1,3842;3853,0,0
3847,12,Π/Σ,формир доли расходов на покупку жилья,[3853] / (20·[3892]),0,3853,,,20,3892,0,0
3848,4,1/(Tp+1)·g,формир доли расх на жилье,"clip(1·(1·[3846]), 0.1, 1)",1,0,1;0.1,0;0,1,3846,0.353724,0
3849,4,1/(Tp+1)·g,формир доли расх на жилье,"clip(1·(1·[3847]), 0.1, 1)",1,0,1;0.1,0;0,1,3847,1,0
3850,9,Π,спрос на досуг в соц группы,[3811]·[3866]·[3837],0;0;0,3811;3866;3837,,,,,0,0
3851,5,∫ с пределами,куплено всего жилья,"∫(1·[3839] + -0.01·[3854]) dt, x0=1, pa1=0, hi=10000",1;0,0;0,10000,0,1;-0.01,3839;3854,6.16981,0
3852,12,Π/Σ,всего нанято жилья,[3845] / (0.1·[3853]),0,3845,,,0.1,3853,0,0
3853,2,уставка·Σ,цена найма жилья,1·(1·[3]),1,0,,,1,3,0,0
3854,12,Π/Σ,коэф амортизац купленного жилья,[3851] / (1·1 + 1.5·[3874]),0,3851,,,1;1.5,const;3874,0,0
3855,4,1/(Tp+1)·g,всего имеется жилья,"clip(2·(2·[3852] + 1·[3851]), 0.01, 1)",2,0,1;0.01,0;0,2;1,3852;3851,28.8478,0
3856,9,Π,поток уплаты налога за купленное жилье,[3851]·[3892],0;0,3851;3892,,,,,0,0
3857,11,Π/Π,отношение нормы жилья к имеещемуся,[3893] / [3855],0,3893,0,3855,,,0,0
3858,12,Π/Σ,качество жизни,[3866]·[400] / (1·[3857] + 1·[3828]),0;0,3866;400,,,1;1,3857;3828,0,0
3859,2,уставка·Σ,масшт спроса на аренду жилья для весов ценн в расходах,0.1·(1·[3852]),0.1,0,,,1,3852,0,0
3860,11,Π/Π,поток покупок ТНП,[3864]·[3837] / [3873]·[5150],0;0,3864;3837,0;0,3873;5150,,,0,0
3861,5,∫ с пределами,накоплено купленных ТНП,"∫(1·[3860] + -1·[3862]) dt, x0=0.5, pa1=1, hi=10000",0.5;1,0;0,10000,0,1;-1,3860;3862,18.9571,0
3862,12,Π/Σ,амортизация ТНП,[3861] / (10·1 + 20·[3874]),0,3861,,,10;20,const;3874,0,0
3863,2,уставка·Σ,всего имущества (ТНП+Жил),0.03·(1·[3861] + 1·[3855]),0.03,0,,,1;1,3861;3855,0,0
3864,12,Π/Σ,треб ТНП,[3855] / (0.01·1 + 0.4·[3861]),0,3855,,,0.01;0.4,const;3861,0,0
3865,12,Π/Σ,треб услуг,[3863] / (1·1 + 1·[3863]),0,3863,,,1;1,const;3863,0,0
3866,11,Π/Π,формир спроса на досуг,[3875]·[3837] / [3873]·[4]·[4]·[4],0;0,3875;3837,0;0;0;0,3873;4;4;4,,,0,0
3867,9,Π,объем потребляемых благ в соц сфере для формиров натуральн потребности в эл-эн,[3873]·[3811],0;0,3873;3811,,,,,0,0
3868,1,Σ,всего расходы на личное жилье (его приобретение и налог при его содержании),1·[1856] + 1·[1844],,,,,1;1,1856;1844,0,0
3870,14,clip Σ,уровень денежн нак при котором нчинается активное приобрет жилья,"clip(-3.5·1 + 1·[3815], 0, 1e+08)",0,0,1e+08,0,-3.5;1,const;3815,0,0
3871,2,уставка·Σ,Цдосуга,1.25·(1·1),1.25,0,,,1,const,0,0
3873,4,1/(Tp+1)·g,сумма потребностей в усл+досуге+ТНП,"clip(1·(1·[3864] + 1·[3865] + 1·[3875]), 0.01, 1)",1,0,1;0.01,0;0,1;1;1,3864;3865;3875,6.67226,0
3874,11,Π/Π,спрос на услуги,[3865]·[3837] / [5]·[3873],0;0,3865;3837,0;0,5;3873,,,0,0
3875,12,Π/Σ,поток услуг освобождающий время на досуг,[3874]·[3888] / (0.1·1 + 1·[3874]),0;0,3874;3888,,,0.1;1,const;3874,0,0
3876,11,Π/Π,вес цены блага в расходах соц группы,[3866]·[4]·[4] / [3818],0;0;0,3866;4;4,0,3818,,,0,0
3877,11,Π/Π,вес цены блага в расходах соц группы,[3874]·[5]·[5] / [3818],0;0;0,3874;5;5,0,3818,,,0,0
3878,11,Π/Π,вес цены блага в расходах соц группы,[3860]·[5150]·[5150] / [3818],0;0;0,3860;5150;5150,0,3818,,,0,0
3879,11,Π/Π,вес цены блага в расходах соц группы,[3859]·[3]·[3] / [3818],0;0;0,3859;3;3,0,3818,,,0,0
3880,11,Π/Π,вес цены блага в расходах соц группы,[3841]·[3842]·[3842] / [3818],0;0;0,3841;3842;3842,0,3818,,,0,0
3881,11,Π/Π,вес цены блага в расходах соц группы,[3826]·[3824]·[3824] / [3818]·[3811],0;0;0,3826;3824;3824,0;0,3818;3811,,,0,0
3885,12,Π/Σ,индекс социальной напряженности,[3887]·[3886] / (1·1 + 0.5·[3887]),0;0,3887;3886,,,1;0.5,const;3887,0,0
3886,1,Σ,формир потребн в досуге от соц напряж,1·1 + 2·[3005],,,,,1;2,const;3005,0,0
3887,12,Π/Σ,треб досуга,[1] / (10·[3858] + 1·[3817]),0,1,,,10;1,3858;3817,0,0
3888,4,1/(Tp+1)·g,треб досуга,"clip(1·(1·[3863] + 1·[3815]), 0.1, 1)",1,0,1;0.1,0;0,1;1,3863;3815,3.86294,0
3889,9,Π,накоплено денег в соц группе для возможной покупки дол,[3870]·[3811],0;0,3870;3811,,,,,0,0
3890,9,Π,уровень денежн накоплений насел при котором начинают покупать дол,[3815],0,3815,,,,,0,0
3891,1,Σ,сумма абсол знач весов цен благ соц гр,1·[3876] + 1·[3877] + 1·[3878] + 1·[3879] + 1·[3880] + 1·[3881],,,,,1;1;1;1;1;1,3876;3877;3878;3879;3880;3881,0,0
3892,2,уставка·Σ,ставка налога на жилье,1·(1·[7]),1,0,,,1,7,0,0
3893,2,уставка·Σ,норма жилья,10·(1·1),10,3893,,,1,const,0,1
3894,11,Π/Π,относит вес цены на ПП,[3881] / [3891],0,3881,0,3891,,,0,0
3895,11,Π/Π,относительный вес цены куплен жилья,[3880] / [3891],0,3880,0,3891,,,0,0
3896,11,Π/Π,относительный вес цены досуга,[3876] / [3891],0,3876,0,3891,,,0,0
3897,11,Π/Π,относительный вес цены услуг,[3877] / [3891],0,3877,0,3891,,,0,0
3898,11,Π/Π,относительный вес цены ТНП,[3878] / [3891],0,3878,0,3891,,,0,0
3899,11,Π/Π,относительный вес цены аренд жилья,[3879] / [3891],0,3879,0,3891,,,0,0
4001,14,clip Σ,реальн произв продукции,"clip(1·[4011], 0.2, 111111)",0.2,0,111111,0,1,4011,0,0
4002,4,1/(Tp+1)·g,потенц произв продукции,"clip(1·(1·[4011]), 0.1, 1)",1,0,1;0.1,0;0,1,4011,0.999893,0
4003,7,min,огранич в произв продукции,"min([4213], [4223], [4233], [4243], [4253], [4263], [4273], [4283], [4203])",0;0;0;0;0;0;0;0;0,4213;4223;4233;4243;4253;4263;4273;4283;4203,,,,,0,0
4004,14,clip Σ,производство продукции,"clip(1·[4017], 0.001, 10000)",0.001,0,10000,0,1,4017,0,0
4005,12,Π/Σ,степень безработицы в секторе,[232]·[4030] / (0.0001·1 + 1·[4009]),0;0,232;4030,,,0.0001;1,const;4009,0,0
4006,9,Π,МЗ от импорта,[4206]·[501],0;0,4206;501,,,,,0,0
4007,7,min,всего реализовано продукции,"min([4001], [4004])",0;0,4001;4004,,,,,0,0
4008,4,1/(Tp+1)·g,материальные затраты,"clip(1·(1.6575·[4018]), 0.02, 1)",1,0,1;0.02,0;0,1.6575,4018,616.377,0
4009,10,Σ·[ref],требуется труда с учетом сменности и потребн в продукции,(1·[4093])·[4025],0,4025,,,1,4093,0,0
4010,12,Π/Σ,цена рыночная,[4116] / (0.2·1 + 0.8·[4004]),0,4116,,,0.2;0.8,const;4004,0,0
4011,10,Σ·[ref],потенциальное производство продукции,(0.05·[4080])·[4029],0,4029,,,0.05,4080,0,0
4012,2,уставка·Σ,подано труда,22·(1·1),22,4012,,,1,const,0,1
4013,11,Π/Π,расходы сект на Фп,[4365]·[4066] / [4072],0;0,4365;4066,0,4072,,,0,0
4014,11,Π/Π,расходы сект на Фа,[4365]·[4068] / [4072],0;0,4365;4068,0,4072,,,0,0
4015,11,Π/Π,количество прибыли для импортного оборудования,[4365]·[4075] / [4072],0;0,4365;4075,0,4072,,,0,0
4016,2,уставка·Σ,общее предложение труда в секторе производства,2·(1·[4012] + 1·[235]),2,0,,,1;1,4012;235,0,0
4017,4,1/(Tp+1)·g,,"clip(1·(1·[4011]), 0.02, 1)",1,0,1;0.02,0;0,1,4011,1,0
4018,1,Σ,сумма номинальных материальных затрат,1·[4006] + 1·[4217] + 1·[4227] + 1·[4237] + 1·[4247] + 1·[4257] + 1·[4267] + 1·[4277],,,,,1;1;1;1;1;1;1;1,4006;4217;4227;4237;4247;4257;4267;4277,0,0
4019,9,Π,цена с-х,[4037]·[4105],0;0,4037;4105,,,,,0,0
4020,2,уставка·Σ,ставка зарплаты,1.5·(1·1),1.5,4020,,,1,const,0,1
4021,1,Σ,условно средняя цена поставляемых новых фондов для их развития,0.5·[2039] + 0.5·[3039],,,,,0.5;0.5,2039;3039,0,0
4025,5,∫ с пределами,К сменности,"∫(1·[4076] + -1·[4004]) dt, x0=1, pa1=0.2, hi=2.5",1;0.2,0;0,2.5,0,1;-1,4076;4004,0.98986,0
4026,13,Σ/Π,доход на одного в соц группе сель-хоз,(1·[4052] + 1·[4032]) / [4029],,,0,4029,1;1,4052;4032,0,0
4027,9,Π,выручка с-х прод,[4116]·[4039],0;0,4116;4039,,,,,0,0
4029,7,min,используется труда,"min([4016], [4009])",0;0,4016;4009,,,,,0,0
4030,14,clip Σ,безработица,"clip(1·[4012] + -1·[4029], 0, 100000)",0,0,100000,0,1;-1,4012;4029,0,0
4031,10,Σ·[ref],индексация зарплаты,(12·1)·[4020],0,4020,,,12,const,0,0
4032,9,Π,поток зарплаты,[4029]·[4031],0;0,4029;4031,,,,,0,0
4033,1,Σ,общие затраты,1·[4008] + 1·[4051] + 1·[4032],,,,,1;1;1,4008;4051;4032,0,0
4034,1,Σ,все затраты,1·[4033] + 1·[4055],,,,,1;1,4033;4055,0,0
4035,13,Σ/Π,себестоимость,(1·[4034]) / [4004],,,0,4004,1,4034,0,0
4036,9,Π,формирование цены,[4112]·[4035]·[4113],0;0;0,4112;4035;4113,,,,,0,0
4037,4,1/(Tp+1)·g,цена без НДС,"clip(0.805·(1·[4038] + 1·[4036]), 0.02, 1)",0.805,0,1;0.02,0;0,1;1,4038;4036,1278.72,0
4038,9,Π,формирование рыночной цены (с учетом ее доли в общей цене),[4035]·[4112]·[4114],0;0;0,4035;4112;4114,,,,,0,0
4039,4,1/(Tp+1)·g,цена с НДС,"clip(1·(1·[4019]), 0.02, 1)",1,0,1;0.02,0;0,1,4019,1444.28,0
4040,9,Π,выручка без НДС,[4037]·[4007],0;0,4037;4007,,,,,0,0
4041,4,1/(Tp+1)·g,сумма выручек внутренней и экспортной,"clip(1.249·(1·[4027]), 0.01, 1)",1.249,0,1;0.01,0;0,1,4027,1803.59,0
4042,2,уставка·Σ,сумма выручек внутренней и экспортной,1·(1·[4041]),1,0,,,1,4041,0,0
4043,14,clip Σ,добавленная стоимость,"clip(1·[4042] + -1·[4008], 0, 10000)",0,0,10000,0,1;-1,4042;4008,0,0
4044,14,clip Σ,балансовая прибыль,"clip(1·[4043] + -1·[4050] + -1·[4047] + -1·[4097] + -1·[4054] + -1·[4032] + -1·[4048] + -1·[4073] + -1·[4137], 0, 10000)",0,0,10000,0,1;-1;-1;-1;-1;-1;-1;-1;-1,4043;4050;4047;4097;4054;4032;4048;4073;4137,0,0
4045,1,Σ,чистая прибыль,1·[4044] + -1·[4049],,,,,1;-1,4044;4049,0,0
4046,2,уставка·Σ,стоимость вводимых основных фондов,0.48·(1·[4078] + 1·[4079] + 1·[4181]),0.48,0,,,1;1;1,4078;4079;4181,0,0
4047,9,Π,поток НДС,[4043]·[24],0;0,4043;24,,,,,0,0
4048,9,Π,поток налога с выручки,[4042]·[23],0;0,4042;23,,,,,0,0
4049,9,Π,поток налога на прибыль,[25]·[4044],0;0,25;4044,,,,,0,0
4050,9,Π,поток налога на фонды,[4063]·[26],0;0,4063;26,,,,,0,0
4051,9,Π,амортизация в себестоимости,[4063]·[4064],0;0,4063;4064,,,,,0,0
4052,12,Π/Σ,доля прибыли в потребление,[4074]·[4045] / (5·1 + 1·[4074]),0;0,4074;4045,,,5;1,const;4074,0,0
4053,4,1/(Tp+1)·g,ФОТ,"clip(1·(1·[4052] + 1·[4032]), 0.1, 1)",1,0,1;0.1,0;0,1;1,4052;4032,362.916,0
4054,9,Π,налог на ФОТ,[4053]·[28],0;0,4053;28,,,,,0,0
4055,1,Σ,сумма налогов,1·[4054] + 1·[4050] + 1·[4048],,,,,1;1;1,4054;4050;4048,0,0
4056,4,1/(Tp+1)·g,инвестируемая прибыль,"clip(1·(1·[4045] + -1·[4052]), 0.01, 1)",1,0,1;0.01,0;0,1;-1,4045;4052,163.152,0
4057,12,Π/Σ,норма прибыли,[4045] / (0.001·1 + 1·[4049] + 1·[4034]),0,4045,,,0.001;1;1,const;4049;4034,0,0
4058,4,1/(Tp+1)·g,степень финансовых возможностей,"clip(1·(1·[4057]), 0.1, 1)",1,0,1;0.1,0;0,1,4057,0.121498,0
4059,14,clip Σ,индекс финансовых возможностей,"clip(20·[4058], 0, 1)",0,0,1,0,20,4058,0,0
4060,14,clip Σ,степень недостаточности финансов,"clip(1·1 + -1·[4059], 0, 1)",0,0,1,0,1;-1,const;4059,0,0
4061,14,clip Σ,норма выплаты амортизации,"clip(1·[4056], 0, 1)",0,0,1,0,1,4056,0,0
4062,9,Π,реальный поток амортизации,[4061]·[4063]·[4064],0;0;0,4061;4063;4064,,,,,0,0
4063,5,∫ с пределами,стоимость производственных фондов,"∫(1·[4046] + -1·[4073]) dt, x0=0.1, pa1=0, hi=10000",0.1;0,0;0,10000,0,1;-1,4046;4073,1000.42,0
4064,2,уставка·Σ,коэффициент амортизации,10·(0.01·1),10,4064,,,0.01,const,0,1
4065,2,уставка·Σ,всего инвестиций,1·(1·[4056] + 1·[4086] + 1·[4073]),1,0,,,1;1;1,4056;4086;4073,0,0
4066,2,уставка·Σ,доля строит в инвестициях,1·(1·1),1,4066,,,1,const,0,1
4067,11,Π/Π,расходы прибыли в строит,[4365]·[4066] / [4072]·[3039],0;0,4365;4066,0;0,4072;3039,,,0,0
4068,2,уставка·Σ,доля машиностроен в инвестиц,2.5·(1·1),2.5,4068,,,1,const,0,1
4069,11,Π/Π,расходы прибыли в машин,[4068]·[4365] / [2039]·[4072],0;0,4068;4365,0;0,2039;4072,,,0,0
4070,2,уставка·Σ,доля НИОКР в инвестиц,0.5·(1·1),0.5,4070,,,1,const,0,1
4071,2,уставка·Σ,доля депозита в инвестиц,0.5·(1·1),0.5,4071,,,1,const,0,1
4072,1,Σ,сумма долей распределения прибыли,1·[4066] + 1·[4068] + 1·[4070] + 1·[4071] + 1·[4075],,,,,1;1;1;1;1,4066;4068;4070;4071;4075,0,0
4073,7,min,реальные амортизационные выплаты,"min([4062], [4056])",0;0,4062;4056,,,,,0,0
4074,14,clip Σ,формирование доли прибыли в потребление,"clip(-5·1 + 1·[4058], 0.2, 100)",0.2,0,100,0,-5;1,const;4058,0,0
4075,2,уставка·Σ,доля прибыли для импорта Фа,0.5·(1·1),0.5,4075,,,1,const,0,1
4076,9,Π,,[4003]·[4116],0;0,4003;4116,,,,,0,0
4077,12,Π/Σ,отношение суммы налогов к добавленной стоимости,[4055] / (0.001·1 + 1·[4043]),0,4055,,,0.001;1,const;4043,0,0
4078,9,Π,стоимость вводимых  Фа,[2039]·[2124],0;0,2039;2124,,,,,0,0
4079,9,Π,2тоимость вводимых  Фп,[3039]·[3124],0;0,3039;3124,,,,,0,0
4080,5,∫ с пределами,производительность труда,"∫(1·[4108]) dt, x0=1, pa1=0.2, hi=100000",1;0.2,0;0,100000,0,1,4108,1.01008,0
4081,11,Π/Π,расходы прибыли в НИОКР,[4365]·[4070] / [4072],0;0,4365;4070,0,4072,,,0,0
4082,11,Π/Π,расходы прибыли в депозиты,[4365]·[4071] / [4072],0;0,4365;4071,0,4072,,,0,0
4083,3,∫,накопленный депозит,"∫(1·[4082] + 1·[4085] + -1·[4086]) dt, x0=0.001",0.001,0,,,1;1;-1,4082;4085;4086,18.3517,0
4084,14,clip Σ,степень возможностей депозита,"clip(100·[4083], 0, 1)",0,0,1,0,100,4083,0,0
4085,9,Π,самовозрастание депозита,[4083]·[230],0;0,4083;230,,,,,0,0
4086,9,Π,,[1362]·[1084],0;0,1362;1084,,,,,0,0
4088,2,уставка·Σ,формир потока амортизац Фа,0.1045·(100·[2124] + 1·[784]),0.1045,0,,,100;1,2124;784,0,0
4089,5,∫ с пределами,количество Фа,"∫(1·[4088] + -1·[4090]) dt, x0=0.01, pa1=0.01, hi=10000",0.01;0.01,0;0,10000,0,1;-1,4088;4090,20.0009,0
4090,9,Π,реальная амортизация Фа,[4064]·[4004]·[4089],0;0;0,4064;4004;4089,,,,,0,0
4091,9,Π,поток амортизации Фп,[4064]·[4092],0;0,4064;4092,,,,,0,0
4092,5,∫ с пределами,3120чество Фп,"∫(24.096·[3124] + -1·[4091]) dt, x0=0.01, pa1=0.01, hi=10000",0.01;0.01,0;0,10000,0,24.096;-1,3124;4091,20.0016,0
4093,12,Π/Σ,количество рабочих мест,[4092]·[4089] / (0.5·[4092] + 0.5·[4089]),0;0,4092;4089,,,0.5;0.5,4092;4089,0,0
4094,4,1/(Tp+1)·g,продукция для реализации,"clip(1·(1·[4007]), 0.1, 1)",1,0,1;0.1,0;0,1,4007,0.9998,0
4095,4,1/(Tp+1)·g,формиров возврата кредитов,"clip(1·(1·[4044]), 0.1, 1)",1,0,1;0.1,0;0,1,4044,242.384,0
4096,7,min,формиров возврата кредитов,"min([4095], [4442])",0;0,4095;4442,,,,,0,0
4097,2,уставка·Σ,темп возврата кредитов,0·(1·[4096]),0,4097,,,1,4096,0,1
4099,2,уставка·Σ,,1·(1·1),1,4099,,,1,const,0,1
4100,10,Σ·[ref],сумма инвестиционных средств для изменения производительности фондов,(0.02743·[4081] + 0.02743·[784])·[880],0,880,,,0.02743;0.02743,4081;784,0,0
4101,1,Σ,алгоритм НДС,1·1 + -1·[24],,,,,1;-1,const;24,0,0
4102,11,Π/Π,алгоритм НДС,[4104]·[24] / [4101]·[4103],0;0,4104;24,0;0,4101;4103,,,0,0
4103,14,clip Σ,формирование НДС,"clip(1·[4040], 0.01, 10000)",0.01,0,10000,0,1,4040,0,0
4104,14,clip Σ,алгоритм НДС,"clip(1·[4040] + -1·[4008], 0, 10000)",0,0,10000,0,1;-1,4040;4008,0,0
4105,1,Σ,алгоритм НДС,1·1 + 1·[4102],,,,,1;1,const;4102,0,0
4106,1,Σ,+/- потока основных активных фондов,1·[2124] + -0.0385·[4090],,,,,1;-0.0385,2124;4090,0,0
4107,1,Σ,+/- потока основных пассивных фондов,1·[3124] + -0.0365·[4091],,,,,1;-0.0365,3124;4091,0,0
4108,14,clip Σ,,"clip(1·[4100] + -1·[4080], 0, 1e+06)",0,0,1e+06,0,1;-1,4100;4080,0,0
4112,2,уставка·Σ,норматив прибыли монополиста,1.2·(1·1),1.2,4112,,,1,const,0,1
4113,2,уставка·Σ,степень монополизма,0·(1·1),0,4113,,,1,const,0,1
4114,10,Σ·[ref],монопольная цена с ее долей,(1·1 + -1·[4113])·[4010],0,4010,,,1;-1,const;4113,0,0
4116,4,1/(Tp+1)·g,сумма спросов,"clip(1·(0.5774·[4119]), 0.02, 1)",1,0,1;0.02,0;0,0.5774,4119,0.99982,0
4117,1,Σ,суммарный поток денег возврата долгов поставщикам сырья,1·[4137] + 1·[4367],,,,,1;1,4137;4367,0,0
4119,4,1/(Tp+1)·g,сумма спросов на с-х прод,"clip(1·(1·[4144] + 1·[4145] + 1·[4151] + 1·[264] + 1·[294]), 0.02, 1)",1,0,1;0.02,0;0,1;1;1;1;1,4144;4145;4151;264;294,1.7316,0
4121,11,Π/Π,отнош цен отеч с-х прод к ценам импортн с-х прод,[4168] / [4175],0,4168,0,4175,,,0,0
4122,11,Π/Π,отнош цен отеч пищ прод к ценам импортн пищ прод,[11168] / [11175],0,11168,0,11175,,,0,0
4123,11,Π/Π,отнош средн цен на с-х прод к средн ценам на пищев прод,[4168] / [11168],0,4168,0,11168,,,0,0
4124,11,Π/Π,отнош цены отеч ТНП к ценам на импортн  ТНП,[5039] / [5175],0,5039,0,5175,,,0,0
4127,1,Σ,возврат долгов от потребителей исходн сырья,1·[4408] + 1·[5408] + 1·[11408],,,,,1;1;1,4408;5408;11408,0,0
4128,1,Σ,возврат долгов через заем в банке оборотнго кредита потребителями исходн сырья,1·[4418] + 1·[5418] + 1·[11418],,,,,1;1;1,4418;5418;11418,0,0
4130,1,Σ,сумма продаж всей с-х продукции,1·[4141] + 0·[4142] + 0·[4143] + 0·[4144] + 1·[4154],,,,,1;0;0;0;1,4141;4142;4143;4144;4154,0,0
4131,11,Π/Π,поставка с-х в пищ пром,[4151]·[4094] / [4116],0;0,4151;4094,0,4116,,,0,0
4137,9,Π,поток возврата долгов проставщикам,[4138]·[99],0;0,4138;99,,,,,0,0
4138,2,уставка·Σ,коэф уменьшения возврата долгов поставщикам сырья,0·(1·[4139]),0,4138,,,1,4139,0,1
4139,7,min,требуемый поток возврата долгов поставщикам сырья,"min([4095], [4410])",0;0,4095;4410,,,,,0,0
4141,2,уставка·Σ,спрос на сельхоз продукцию из сырья,0·(1·1),0,4141,,,1,const,0,1
4142,2,уставка·Σ,спрос на сельхоз из маш,0·(1·1),0,4142,,,1,const,0,1
4143,2,уставка·Σ,спрос на с-х продукцию из строит,0·(1·1),0,4143,,,1,const,0,1
4144,2,уставка·Σ,спрос на с-х продукц из с=х,1·(1·[4282]),1,4144,,,1,4282,0,1
4145,2,уставка·Σ,спрос из с-х в  ТНП,1·(1·[5282]),1,4145,,,1,5282,0,1
4146,2,уставка·Σ,спрос на  с-х из ВПК,0·(1·1),0,4146,,,1,const,0,1
4147,2,уставка·Σ,спрос на с-х из угля,0·(1·1),0,4147,,,1,const,0,1
4148,2,уставка·Σ,спрос на с-х из нефти,0·(1·1),0,4148,,,1,const,0,1
4149,4,1/(Tp+1)·g,спрос на с-х из газа,"clip(1·(0), 0.1, 1)",1,0,1;0.1,0;0,,,0,0
4150,2,уставка·Σ,спрос на сх из эл-эн,0·(1·1),0,4150,,,1,const,0,1
4151,4,1/(Tp+1)·g,спрос на с-х из пищ,"clip(1·(1·[11282]), 0.1, 1)",1,0,1;0.1,0;0,1,11282,0.299911,0
4152,2,уставка·Σ,спрос на с-х из трансп,0·(1·1),0,4152,,,1,const,0,1
4153,4,1/(Tp+1)·g,спрос на с-х прод из проч,"clip(1·(0), 0.02, 1)",1,0,1;0.02,0;0,,,0,0
4154,14,clip Σ,объем продаж отечеств с-х прод на рынке,"clip(1·[4153], 0, 1e+07)",0,0,1e+07,0,1,4153,0,0
4155,9,Π,выручка с-х от продаж на рынке,[4154]·[4039],0;0,4154;4039,,,,,0,0
4156,4,1/(Tp+1)·g,,"clip(1·(1·[4191]), 0.02, 1)",1,0,1;0.02,0;0,1,4191,1.09334,0
4157,10,Σ·[ref],формирование опт цены на розн рынке с-х продукции,(1·1 + -1·[4159])·[4039],0,4039,,,1;-1,const;4159,0,0
4158,4,1/(Tp+1)·g,оптов цена на с-х на розн рынке,"clip(1·(1·[4160] + 1·[4157]), 0.1, 1)",1,0,1;0.1,0;0,1;1,4160;4157,1235.76,0
4159,12,Π/Σ,индекс желательности импорта с-х прод для рынка,[4039] / (1·[4039] + 1·[4175]),0,4039,,,1;1,4039;4175,0,0
4160,9,Π,оптов цена на с-х импортн прод,[4159]·[4175],0;0,4159;4175,,,,,0,0
4161,2,уставка·Σ,цена с-х продукции за рубежом в дол,12·(1·1),12,4161,,,1,const,0,1
4162,9,Π,мз с-х прод в розн торг с учетом тог наценки,[4158]·[4179]·[4156],0;0;0,4158;4179;4156,,,,,0,0
4163,14,clip Σ,формир НДС1,"clip(1·[4162] + -1·[4196], 0, 1e+07)",0,0,1e+07,0,1;-1,4162;4196,0,0
4164,14,clip Σ,формир НДС1 в розн торг с-х прод,"clip(1·[4162], 0.001, 1e+06)",0.001,0,1e+06,0,1,4162,0,0
4165,11,Π/Π,формир НДС1 в розн торг с-х прод,[4163]·[4170] / [4164]·[4169],0;0,4163;4170,0;0,4164;4169,,,0,0
4166,9,Π,розн цена с-х прод,[4158]·[4167]·[4179],0;0;0,4158;4167;4179,,,,,0,0
4167,1,Σ,формир НДС1 в розн торговле с-х прод,1·1 + 1·[4165],,,,,1;1,const;4165,0,0
4168,1,Σ,средн рыночн цена с-х продукции,0.9833·[4166],,,,,0.9833,4166,0,0
4169,1,Σ,НДС2 в розн торг с-х продукц,1·1 + -1·[4170],,,,,1;-1,const;4170,0,0
4170,2,уставка·Σ,ставка НДС2 в розн торг с-х прод,1·(1·[29]),1,4170,,,1,29,0,1
4171,2,уставка·Σ,цена импортн с-х прод в дол,1·(30·1),1,4171,,,30,const,0,1
4172,2,уставка·Σ,курс рубль/дол,1·(1·[501]),1,4172,,,1,501,0,1
4173,2,уставка·Σ,ставка тамож пошлин на с-х продукц,20·(0.01·1),20,4173,,,0.01,const,0,1
4174,1,Σ,тамож пошл на импортн с-х продукц,1·1 + 1·[4173],,,,,1;1,const;4173,0,0
4175,9,Π,доход на одного продавца в розн торговле с-х прод,[4172]·[4171]·[4174]·[4188],0;0;0;0,4172;4171;4174;4188,,,,,0,0
4176,9,Π,выручка за с-х прод на розничн рынке,[4168]·[4191],0;0,4168;4191,,,,,0,0
4177,1,Σ,доход в розничн продажи с-х продукции,-1·[4183] + 1·[4178],,,,,-1;1,4183;4178,0,0
4178,1,Σ,формир дохода от розн прод с-х прод,1·[4176] + -1·[4196],,,,,1;-1,4176;4196,0,0
4179,1,Σ,торг наценка на с-х прод в розн торг,1·1 + 1·[4180],,,,,1;1,const;4180,0,0
4180,2,уставка·Σ,торг наценка на с-х прод,0.25·(1·1),0.25,4180,,,1,const,0,1
4181,9,Π,,[4015]·[527],0;0,4015;527,,,,,0,0
4182,9,Π,масса других налогов в розн торговле с-х прод,[27]·[4177],0;0,27;4177,,,,,0,0
4183,9,Π,масса налога НДС в розн торг с-х продукции,[4178]·[4170],0;0,4178;4170,,,,,0,0
4184,1,Σ,чистая приб от розничн прод с-х продукции,1·[4177] + -1·[4182],,,,,1;-1,4177;4182,0,0
4185,13,Σ/Π,доход на одного продавца роз прод пит,(1·[4184] + 1·[11184] + 1·[4184]) / [15511],,,0,15511,1;1;1,4184;11184;4184,0,0
4186,9,Π,взвешенная цена на с-х прод в общей цене на прод питания в  соц группах,[4187]·[4168],0;0,4187;4168,,,,,0,0
4187,12,Π/Σ,доля цены на с-х прод на розн рынке,[11149] / (1·[11149] + 1·[4168]),0,11149,,,1;1,11149;4168,0,0
4188,1,Σ,НДС2 с-х прод для розн торг,1·1 + 1·[4170],,,,,1;1,const;4170,0,0
4189,1,Σ,налоги  из розн торг в бюджет,1·[4182] + 1·[5182] + 1·[11182],,,,,1;1;1,4182;5182;11182,0,0
4190,1,Σ,цена средняя на ПП в соц сфере,1·[4186] + 1·[11186],,,,,1;1,4186;11186,0,0
4191,9,Π,спрос на с-х продукц из сф потребл,[6]·[4187],0;0,6;4187,,,,,0,0
4192,9,Π,спрос на импортн с-х продукц,[4159]·[4191]·[527],0;0;0,4159;4191;527,,,,,0,0
4193,4,1/(Tp+1)·g,спрос на отеч с-х прод на розн рынке,"clip(1·(1·[4191] + -1·[4192]), 0.1, 1)",1,0,1;0.1,0;0,1;-1,4191;4192,0.46773,0
4194,14,clip Σ,спрос на отеч с-х продукц на розн рынке,"clip(1·[4193], 0, 1e+06)",0,0,1e+06,0,1,4193,0,0
4195,10,Σ·[ref],стоим (МЗ) отеч с-х прод на розн рынке,(1·[4194])·[4039],0,4039,,,1,4194,0,0
4196,4,1/(Tp+1)·g,общая стоим с-х прод на розн рынке,"clip(1·(1·[4195] + 1·[4198]), 0.1, 1)",1,0,1;0.1,0;0,1;1,4195;4198,810.643,0
4197,2,уставка·Σ,масштабир цены на ПП из розничн торговли,0.01·(1·[4190]),0.01,0,,,1,4190,0,0
4198,9,Π,тамож сбор с импортн продукции поставляемой в розничную продажу,[4192]·[4175]·[4173],0;0;0,4192;4175;4173,,,,,0,0
4199,9,Π,реально полученная инвалюта на бирже для импорта товаров,[565],0,565,,,,,0,0
4201,2,уставка·Σ,К импорта в сектор,0·(0.01·1),0,4201,,,0.01,const,0,1
4202,9,Π,спрос сектора на валюту для импорта сырья,[4007]·[4201]·[404]·[464],0;0;0;0,4007;4201;404;464,,,,,0,0
4203,14,clip Σ,степень наличия исходн импортного сырья для производства,"clip(10·[4204], 0, 1)",0,0,1,0,10,4204,0,0
4204,5,∫ с пределами,накоплено импортного сырья в секторе,"∫(1·[4209] + -1·[4210]) dt, x0=1, pa1=0.01, hi=1e+07",1;0.01,0;0,1e+07,0,1;-1,4209;4210,3,0
4205,9,Π,заявка на дол для сырья с учетом фин возможностей,[4202]·[4059],0;0,4202;4059,,,,,0,0
4206,7,min,реадьно полученные дол для импорта сырья,"min([4207], [4202])",0;0,4207;4202,,,,,0,0
4207,9,Π,степень удовлетворения в дол для закупки сырья,[527]·[4205],0;0,527;4205,,,,,0,0
4208,9,Π,поток тарифа в бюджет за импорт сырья,[4206]·[444],0;0,4206;444,,,,,0,0
4209,13,Σ/Π,поток закупленного импортного сырья,(1·[4206] + -1·[4208]) / [404],,,0,404,1;-1,4206;4208,0,0
4210,9,Π,поток расхода импортного сырья,[4201]·[4007],0;0,4201;4007,,,,,0,0
4211,2,уставка·Σ,К сырья в сектор,0.03·(1·1),0.03,4211,,,1,const,0,1
4212,11,Π/Π,спрос сектора на исходный продукт,[4011]·[4211]·[4471] / [4219]·[4219]·[4219],0;0;0,4011;4211;4471,0;0;0,4219;4219;4219,,,0,0
4213,14,clip Σ,степень наличия исходн продуктов для производства,"clip(5·[4214], 0, 1)",0,0,1,0,5,4214,0,0
4214,11,Π/Π,степень наличия исходных продуктов,[4219] / [4004],0,4219,0,4004,,,0,0
4215,5,∫ с пределами,сумма долга поставщику исх прод,"∫(1·[4218] + -1·[4401] + -1·[4411]) dt, x0=1, pa1=0, hi=1e+07",1;0,0;0,1e+07,0,1;-1;-1,4218;4401;4411,0,0
4216,1,Σ,реалбные текущие мат затраты на оплату конкретн исх прод,1·[4217] + -1·[4218],,,,,1;-1,4217;4218,0,0
4217,9,Π,требуемые текущие мат затраты по конкретн поставке,[4292]·[1039],0;0,4292;1039,,,,,0,0
4218,9,Π,степень недостаточности финансовых средств,[4217]·[4060],0;0,4217;4060,,,,,0,0
4219,5,∫ с пределами,склад исходной продукции,"∫(-1·[4220] + 1·[4292]) dt, x0=50, pa1=0.001, hi=1e+06",50;0.001,0;0,1e+06,0,-1;1,4220;4292,1.00003,0
4220,9,Π,поток расходов исходного продукта,[4211]·[4007],0;0,4211;4007,,,,,0,0
4221,2,уставка·Σ,К угля в сектор,0.05·(1·1),0.05,4221,,,1,const,0,1
4222,11,Π/Π,спрос сектора на исходный продукт,[4011]·[4221]·[4472] / [4229]·[4229]·[4229],0;0;0,4011;4221;4472,0;0;0,4229;4229;4229,,,0,0
4223,14,clip Σ,степень наличия исходн продуктов для производства,"clip(1.1·[4224], 0, 1)",0,0,1,0,1.1,4224,0,0
4224,11,Π/Π,степень наличия исходных продуктов,[4229] / [4004],0,4229,0,4004,,,0,0
4225,5,∫ с пределами,сумма долга поставщику исх прод,"∫(1·[4228] + -1·[4402] + -1·[4412]) dt, x0=1, pa1=0, hi=1e+07",1;0,0;0,1e+07,0,1;-1;-1,4228;4402;4412,0,0
4226,1,Σ,реалбные текущие мат затраты на оплату конкретн исх прод,1·[4227] + -1·[4228],,,,,1;-1,4227;4228,0,0
4227,9,Π,требуемые текущие мат затраты по конкретн поставке,[4293]·[7039],0;0,4293;7039,,,,,0,0
4228,9,Π,степень недостаточности финансовых средств,[4227]·[4060],0;0,4227;4060,,,,,0,0
4229,5,∫ с пределами,склад исходной продукции,"∫(-1·[4230] + 1·[4293]) dt, x0=50, pa1=0.001, hi=1e+06",50;0.001,0;0,1e+06,0,-1;1,4230;4293,1.00001,0
4230,9,Π,4оток расходов исходного продукта,[4221]·[4007],0;0,4221;4007,,,,,0,0
4231,2,уставка·Σ,К газа в сектор,0.02·(1·1),0.02,4231,,,1,const,0,1
4232,12,Π/Σ,спрос сектора на исходный продукт,[4011]·[4231]·[4473] / (0.001·1 + 1·[4234]),0;0;0,4011;4231;4473,,,0.001;1,const;4234,0,0
4233,14,clip Σ,степень наличия исходн продуктов для производства,"clip(5·[4234], 0, 1)",0,0,1,0,5,4234,0,0
4234,4,1/(Tp+1)·g,степень наличия исходных продуктов,"clip(1·(1·[4239]), 0.1, 1)",1,0,1;0.1,0;0,1,4239,0.999533,0
4235,5,∫ с пределами,сумма долга поставщику исх прод,"∫(1·[4238] + -1·[4403] + -1·[4413]) dt, x0=1, pa1=0, hi=1e+07",1;0,0;0,1e+07,0,1;-1;-1,4238;4403;4413,0,0
4236,1,Σ,реалбные текущие мат затраты на оплату конкретн исх прод,1·[4237] + -1·[4238],,,,,1;-1,4237;4238,0,0
4237,9,Π,требуемые текущие мат затраты по конкретн поставке,[4294]·[9039],0;0,4294;9039,,,,,0,0
4238,9,Π,степень недостаточности финансовых средств,[4237]·[4060],0;0,4237;4060,,,,,0,0
4239,12,Π/Σ,склад исходной продукции,[4294] / (1e-07·1 + 1·[4240]),0,4294,,,1e-07;1,const;4240,0,0
4240,9,Π,поток расходов исходного продукта,[4231]·[4007],0;0,4231;4007,,,,,0,0
4241,2,уставка·Σ,К электр в сектор,0.05·(1·1),0.05,4241,,,1,const,0,1
4242,12,Π/Σ,спрос сектора на исходный продукт,[4011]·[4241]·[4474] / (0.001·1 + 1·[4244]),0;0;0,4011;4241;4474,,,0.001;1,const;4244,0,0
4243,14,clip Σ,степень наличия исходн продуктов для производства,"clip(5·[4244], 0, 1)",0,0,1,0,5,4244,0,0
4244,4,1/(Tp+1)·g,степень наличия исходных продуктов,"clip(1·(1·[4249]), 0.1, 1)",1,0,1;0.1,0;0,1,4249,0.999484,0
4245,5,∫ с пределами,сумма долга поставщику исх прод,"∫(1·[4248] + -1·[4404] + -1·[4414]) dt, x0=1, pa1=0, hi=1e+07",1;0,0;0,1e+07,0,1;-1;-1,4248;4404;4414,0,0
4246,1,Σ,реалбные текущие мат затраты на оплату конкретн исх прод,1·[4247] + -1·[4248],,,,,1;-1,4247;4248,0,0
4247,9,Π,требуемые текущие мат затраты по конкретн поставке,[4295]·[10039],0;0,4295;10039,,,,,0,0
4248,9,Π,степень недостаточности финансовых средств,[4247]·[4060],0;0,4247;4060,,,,,0,0
4249,12,Π/Σ,склад исходной продукции,[4295] / (1e-07·1 + 1·[4250]),0,4295,,,1e-07;1,const;4250,0,0
4250,9,Π,поток расходов исходного продукта,[4241]·[4007],0;0,4241;4007,,,,,0,0
4251,2,уставка·Σ,К нефти в сектор,0.1·(1·1),0.1,4251,,,1,const,0,1
4252,11,Π/Π,спрос сектора на исходный продукт,[4011]·[4251]·[4475] / [4259]·[4259]·[4259],0;0;0,4011;4251;4475,0;0;0,4259;4259;4259,,,0,0
4253,14,clip Σ,степень наличия исходн продуктов для производства,"clip(5·[4254], 0, 1)",0,0,1,0,5,4254,0,0
4254,11,Π/Π,степень наличия исходных продуктов,[4259] / [4004],0,4259,0,4004,,,0,0
4255,5,∫ с пределами,сумма долга поставщику исх прод,"∫(1·[4258] + -1·[4405] + -1·[4415]) dt, x0=1, pa1=0, hi=1e+07",1;0,0;0,1e+07,0,1;-1;-1,4258;4405;4415,0,0
4256,1,Σ,реалбные текущие мат затраты на оплату конкретн исх прод,1·[4257] + -1·[4258],,,,,1;-1,4257;4258,0,0
4257,9,Π,требуемые текущие мат затраты по конкретн поставке,[4296]·[8039],0;0,4296;8039,,,,,0,0
4258,9,Π,степень недостаточности финансовых средств,[4257]·[4060],0;0,4257;4060,,,,,0,0
4259,5,∫ с пределами,склад исходной продукции,"∫(-1·[4260] + 1·[4296]) dt, x0=50, pa1=0.001, hi=1e+06",50;0.001,0;0,1e+06,0,-1;1,4260;4296,1.00002,0
4260,9,Π,поток расходов исходного продукта,[4251]·[4007],0;0,4251;4007,,,,,0,0
4261,2,уставка·Σ,К прочих в сектор,0.1·(1·1),0.1,4261,,,1,const,0,1
4262,11,Π/Π,спрос сектора на исходный продукт,[4011]·[4261]·[4476] / [4269]·[4269]·[4269],0;0;0,4011;4261;4476,0;0;0,4269;4269;4269,,,0,0
4263,14,clip Σ,степень наличия исходн продуктов для производства,"clip(5·[4264], 0, 1)",0,0,1,0,5,4264,0,0
4264,11,Π/Π,степень наличия исходных продуктов,[4269] / [4004],0,4269,0,4004,,,0,0
4265,5,∫ с пределами,сумма долга поставщику исх прод,"∫(1·[4268] + -1·[4406] + -1·[4416]) dt, x0=1, pa1=0, hi=1e+07",1;0,0;0,1e+07,0,1;-1;-1,4268;4406;4416,0,0
4266,1,Σ,реалбные текущие мат затраты на оплату конкретн исх прод,1·[4267] + -1·[4268],,,,,1;-1,4267;4268,0,0
4267,9,Π,требуемые текущие мат затраты по конкретн поставке,[4297]·[13039],0;0,4297;13039,,,,,0,0
4268,9,Π,степень недостаточности финансовых средств,[4267]·[4060],0;0,4267;4060,,,,,0,0
4269,5,∫ с пределами,склад исходной продукции,"∫(-1·[4270] + 1·[4297]) dt, x0=50, pa1=0.001, hi=1e+06",50;0.001,0;0,1e+06,0,-1;1,4270;4297,1.00003,0
4270,9,Π,поток расходов исходного продукта,[4261]·[4007],0;0,4261;4007,,,,,0,0
4271,2,уставка·Σ,К трансп в сектор,0.1·(1·1),0.1,4271,,,1,const,0,1
4272,12,Π/Σ,спрос сектора на исходный продукт,[4011]·[4271]·[4477] / (0.001·1 + 1·[4274]),0;0;0,4011;4271;4477,,,0.001;1,const;4274,0,0
4273,14,clip Σ,степень наличия исходн продуктов для производства,"clip(5·[4274], 0, 1)",0,0,1,0,5,4274,0,0
4274,4,1/(Tp+1)·g,степень наличия исходных продуктов,"clip(1·(1·[4279]), 0.1, 1)",1,0,1;0.1,0;0,1,4279,0.999535,0
4275,5,∫ с пределами,сумма долга поставщику исх прод,"∫(1·[4278] + -1·[4407] + -1·[4417]) dt, x0=1, pa1=0, hi=1e+07",1;0,0;0,1e+07,0,1;-1;-1,4278;4407;4417,0,0
4276,1,Σ,реалбные текущие мат затраты на оплату конкретн исх прод,1·[4277] + -1·[4278],,,,,1;-1,4277;4278,0,0
4277,9,Π,требуемые текущие мат затраты по конкретн поставке,[4298]·[12039],0;0,4298;12039,,,,,0,0
4278,9,Π,степень недостаточности финансовых средств,[4277]·[4060],0;0,4277;4060,,,,,0,0
4279,12,Π/Σ,склад исходной продукции,[4298] / (1e-07·1 + 1·[4280]),0,4298,,,1e-07;1,const;4280,0,0
4280,9,Π,поток расходов исходного продукта,[4271]·[4007],0;0,4271;4007,,,,,0,0
4281,2,уставка·Σ,коэф ресурсопотребления из с-х в с-х,0.3·(1·1),0.3,4281,,,1,const,0,1
4282,12,Π/Σ,спрос на с-х из с-х,[4011]·[4281]·[4478] / (0.0001·1 + 1·[4289]),0;0;0,4011;4281;4478,,,0.0001;1,const;4289,0,0
4283,14,clip Σ,степень удовл ресурсом из с-х,"clip(5·[4284], 0, 1)",0,0,1,0,5,4284,0,0
4284,11,Π/Π,степень удовл ресурсом из с-х,[4289] / [4004],0,4289,0,4004,,,0,0
4285,5,∫ с пределами,сумма долга за поставлен ресурс,"∫(1·[4278] + -1·[4408] + -1·[4418]) dt, x0=1, pa1=0, hi=1e+07",1;0,0;0,1e+07,0,1;-1;-1,4278;4408;4418,0,0
4286,1,Σ,реально уплачиваемые матер затраты за с-х поставки,1·[4287] + -1·[4288],,,,,1;-1,4287;4288,0,0
4287,9,Π,стоимость поставок из с-х,[4039]·[4282],0;0,4039;4282,,,,,0,0
4288,9,Π,поток долга поставщикам,[4060]·[4287],0;0,4060;4287,,,,,0,0
4289,5,∫ с пределами,на складе сырья с-х прод для с-х произв,"∫(1·[4282] + -1·[4290]) dt, x0=1, pa1=0.0001, hi=1e+06",1;0.0001,0;0,1e+06,0,1;-1,4282;4290,1.0005,0
4290,9,Π,расход запасов на складе при произв продукции,[4281]·[4007],0;0,4281;4007,,,,,0,0
4292,1,Σ,,1·[1124],,,,,1,1124,0,0
4293,1,Σ,,1·[7124],,,,,1,7124,0,0
4294,1,Σ,,1·[9124],,,,,1,9124,0,0
4295,1,Σ,,1·[10124],,,,,1,10124,0,0
4296,1,Σ,,1·[8124],,,,,1,8124,0,0
4297,1,Σ,,1·[13124],,,,,1,13124,0,0
4298,1,Σ,,1·[12124],,,,,1,12124,0,0
4299,2,уставка·Σ,макс уровень неплат  при котором берут кредит,1e+07·(1·1),1e+07,4299,,,1,const,0,1
4301,14,clip Σ,формир отключ поставок сырья при длительной их неоплате,"clip(1·[4217], 0.0001, 1e+07)",0.0001,0,1e+07,0,1,4217,0,0
4302,11,Π/Π,формир отключ поставок сырья при длительной их неоплате,[4215] / [4301],0,4215,0,4301,,,0,0
4303,15,ключ,формир отключ поставок сырья при длительной их неоплате,(-1·[4302] + 1·[1400]) > 0 ? [1] : 0,,,0,1,-1;1,4302;1400,0,0
4306,14,clip Σ,формир отключ поставок сырья при длительной их неоплате,"clip(1·[1227], 0.0001, 1e+07)",0.0001,0,1e+07,0,1,1227,0,0
4307,11,Π/Π,формир отключ поставок сырья при длительной их неоплате,[4225] / [4306],0,4225,0,4306,,,0,0
4308,15,ключ,формир отключ поставок сырья при длительной их неоплате,(-1·[4307] + 1·[7400]) > 0 ? [1] : 0,,,0,1,-1;1,4307;7400,0,0
4311,14,clip Σ,формир отключ поставок сырья при длительной их неоплате,"clip(1·[1237], 0.0001, 1e+07)",0.0001,0,1e+07,0,1,1237,0,0
4312,11,Π/Π,формир отключ поставок сырья при длительной их неоплате,[4235] / [4311],0,4235,0,4311,,,0,0
4313,15,ключ,формир отключ поставок сырья при длительной их неоплате,(-1·[4312] + 1·[9400]) > 0 ? [1] : 0,,,0,1,-1;1,4312;9400,0,0
4316,14,clip Σ,формир отключ поставок сырья при длительной их неоплате,"clip(1·[1247], 0.0001, 1e+07)",0.0001,0,1e+07,0,1,1247,0,0
4317,11,Π/Π,формир отключ поставок сырья при длительной их неоплате,[4245] / [4316],0,4245,0,4316,,,0,0
4318,15,ключ,формир отключ поставок сырья при длительной их неоплате,(-1·[4317] + 1·[10400]) > 0 ? [1] : 0,,,0,1,-1;1,4317;10400,0,0
4321,14,clip Σ,формир отключ поставок сырья при длительной их неоплате,"clip(1·[1257], 0.0001, 1e+07)",0.0001,0,1e+07,0,1,1257,0,0
4322,11,Π/Π,формир отключ поставок сырья при длительной их неоплате,[4255] / [4321],0,4255,0,4321,,,0,0
4323,15,ключ,формир отключ поставок сырья при длительной их неоплате,(-1·[4322] + 1·[8400]) > 0 ? [1] : 0,,,0,1,-1;1,4322;8400,0,0
4326,14,clip Σ,формир отключ поставок сырья при длительной их неоплате,"clip(1·[1267], 0.0001, 1e+07)",0.0001,0,1e+07,0,1,1267,0,0
4327,11,Π/Π,формир отключ поставок сырья при длительной их неоплате,[4265] / [4326],0,4265,0,4326,,,0,0
4328,15,ключ,формир отключ поставок сырья при длительной их неоплате,(-1·[4327] + 1·[13400]) > 0 ? [1] : 0,,,0,1,-1;1,4327;13400,0,0
4331,14,clip Σ,формир отключ поставок сырья при длительной их неоплате,"clip(1·[1277], 0.0001, 1e+07)",0.0001,0,1e+07,0,1,1277,0,0
4332,11,Π/Π,формир отключ поставок сырья при длительной их неоплате,[4275] / [4331],0,4275,0,4331,,,0,0
4333,15,ключ,формир отключ поставок сырья при длительной их неоплате,(-1·[4332] + 1·[12400]) > 0 ? [1] : 0,,,0,1,-1;1,4332;12400,0,0
4362,14,clip Σ,подключение депозитов для погашения долгов поставщикам сырья,"clip(-1·1 + 1·[4410], 0, 1e+06)",0,0,1e+06,0,-1;1,const;4410,0,0
4363,2,уставка·Σ,предельная величина максим долга при котором прекращаются инвестиц расходы,5·(1·1),5,4363,,,1,const,0,1
4364,8,max,выбор максимального долга за сырье,"max([4215], [4225], [4235], [4245], [4255], [4265], [4275], [4285])",0;0;0;0;0;0;0;0,4215;4225;4235;4245;4255;4265;4275;4285,,,,,0,0
4365,15,ключ,выключение инвестиций при необходимости платить долги поставщикам сырья,(1·[4363] + -1·[4364]) > 0 ? [4065] : 0,,,0,4065,1;-1,4363;4364,0,0
4366,15,ключ,выключ инвестиций в оплату долгов поставщикам сырья,(-1·[4363] + 1·[4364]) > 0 ? [4065] : 0,,,0,4065,-1;1,4363;4364,0,0
4367,1,Σ,поток денег из депозита и инвестиций для погашения долга поставщикам сырья,1·[4366] + 1·[4086],,,,,1;1,4366;4086,0,0
4401,11,Π/Π,возврат долга за поставку сырья из прибыли,[4215]·[4117] / [4410],0;0,4215;4117,0,4410,,,0,0
4402,11,Π/Π,возврат долга за поставку сырья из прибыли,[4225]·[4117] / [4410],0;0,4225;4117,0,4410,,,0,0
4403,11,Π/Π,возврат долга за поставку сырья из прибыли,[4235]·[4117] / [4410],0;0,4235;4117,0,4410,,,0,0
4404,11,Π/Π,возврат долга за поставку сырья из прибыли,[4245]·[4117] / [4410],0;0,4245;4117,0,4410,,,0,0
4405,11,Π/Π,возврат долга за поставку сырья из прибыли,[4255]·[4117] / [4410],0;0,4255;4117,0,4410,,,0,0
4406,11,Π/Π,возврат долга за поставку сырья из прибыли,[4265]·[4117] / [4410],0;0,4265;4117,0,4410,,,0,0
4407,11,Π/Π,возврат долга за поставку сырья из прибыли,[4275]·[4117] / [4410],0;0,4275;4117,0,4410,,,0,0
4408,11,Π/Π,возврат долга за поставку сырья из прибыли,[4117]·[4285] / [4410],0;0,4117;4285,0,4410,,,0,0
4410,14,clip Σ,сумма всех долгов за поставку сырья,"clip(1·[4215] + 1·[4225] + 1·[4235] + 1·[4245] + 1·[4255] + 1·[4265] + 1·[4275] + 1·[4285], 0.001, 1e+08)",0.001,0,1e+08,0,1;1;1;1;1;1;1;1,4215;4225;4235;4245;4255;4265;4275;4285,0,0
4411,11,Π/Π,возврат долга за поставку сырья из прибыли,[4421]·[4441] / [4420],0;0,4421;4441,0,4420,,,0,0
4412,11,Π/Π,возврат долга за поставку сырья из прибыли,[4422]·[4441] / [4420],0;0,4422;4441,0,4420,,,0,0
4413,11,Π/Π,возврат долга за поставку сырья из прибыли,[4423]·[4441] / [4420],0;0,4423;4441,0,4420,,,0,0
4414,11,Π/Π,возврат долга за поставку сырья из прибыли,[4424]·[4441] / [4420],0;0,4424;4441,0,4420,,,0,0
4415,11,Π/Π,возврат долга за поставку сырья из прибыли,[4425]·[4441] / [4420],0;0,4425;4441,0,4420,,,0,0
4416,11,Π/Π,возврат долга за поставку сырья из прибыли,[4426]·[4441] / [4420],0;0,4426;4441,0,4420,,,0,0
4417,11,Π/Π,возврат долга за поставку сырья из прибыли,[4427]·[4441] / [4420],0;0,4427;4441,0,4420,,,0,0
4418,11,Π/Π,возврат долга за поставку сырья из прибыли,[4428]·[4441] / [4420],0;0,4428;4441,0,4420,,,0,0
4420,14,clip Σ,сумма всех долгов за поставку сырья,"clip(1·[4421] + 1·[4422] + 1·[4423] + 1·[4424] + 1·[4425] + 1·[4426] + 1·[4427] + 1·[4428], 0.001, 1e+08)",0.001,0,1e+08,0,1;1;1;1;1;1;1;1,4421;4422;4423;4424;4425;4426;4427;4428,0,0
4421,14,clip Σ,потребность в оборотном кредите,"clip(1·[4215] + -1·[1299], 0, 1e+06)",0,0,1e+06,0,1;-1,4215;1299,0,0
4422,14,clip Σ,потребность в оборотном кредите,"clip(1·[4225] + -1·[7299], 0, 1e+06)",0,0,1e+06,0,1;-1,4225;7299,0,0
4423,14,clip Σ,потребность в оборотном кредите,"clip(1·[4235] + -1·[9299], 0, 1e+06)",0,0,1e+06,0,1;-1,4235;9299,0,0
4424,14,clip Σ,потребность в оборотном кредите,"clip(1·[4245] + -1·[10299], 0, 1e+06)",0,0,1e+06,0,1;-1,4245;10299,0,0
4425,14,clip Σ,потребность в оборотном кредите,"clip(1·[4255] + -1·[8299], 0, 1e+06)",0,0,1e+06,0,1;-1,4255;8299,0,0
4426,14,clip Σ,потребность в оборотном кредите,"clip(1·[4265] + -1·[13299], 0, 1e+06)",0,0,1e+06,0,1;-1,4265;13299,0,0
4427,14,clip Σ,потребность в оборотном кредите,"clip(1·[4275] + -1·[12299], 0, 1e+06)",0,0,1e+06,0,1;-1,4275;12299,0,0
4428,14,clip Σ,потребность в оборотном кредите,"clip(-1·[4299] + 1·[4285], 0, 1e+06)",0,0,1e+06,0,-1;1,4299;4285,0,0
4438,14,clip Σ,сигнал о прекращении поставок сырья в результате задолженности его оплаты,"clip(-8·[4285] + 10·[4299], 0, 1)",0,0,1,0,-8;10,4285;4299,0,0
4441,7,min,поток кредита из банка,"min([4452], [4445])",0;0,4452;4445,,,,,0,0
4442,5,∫ с пределами,текущий кредитный долг банку,"∫(1·[4441] + -1·[1097] + 1·[4443]) dt, x0=1, pa1=0, hi=1e+07",1;0,0;0,1e+07,0,1;-1;1,4441;1097;4443,0,0
4443,9,Π,поток процентов за выданный оборотный кредит,[4442]·[47],0;0,4442;47,,,,,0,0
4444,14,clip Σ,сигнал о возможности кредитования банком оборотных средств,"clip(-0.1·[4442] + 0.1·[4448], 0, 1)",0,0,1,0,-0.1;0.1,4442;4448,0,0
4445,9,Π,поток кредита оборотных средств выдаваемых банком,[4452]·[4444]·[4446],0;0;0,4452;4444;4446,,,,,0,0
4446,14,clip Σ,сигнал о том что норма прибыли больше ставки кредита,"clip(1·[4450], 0, 1)",0,0,1,0,1,4450,0,0
4447,1,Σ,формирование сигнала о возможности кредитования,1·1 + 1·[4450],,,,,1;1,const;4450,0,0
4448,9,Π,формиросание сигнала о возможности кредитования,[4449]·[4447],0;0,4449;4447,,,,,0,0
4449,2,уставка·Σ,коэф ликвидности основных фондов для возможности банковского кредитования,0.1·(0.1·[4063]),0.1,4449,,,0.1,4063,0,1
4450,2,уставка·Σ,учет превышения нормы проб над ставкой кредита для эффективности кредитования,3·(1·[4451]),3,0,,,1,4451,0,0
4451,11,Π/Π,превышение нормы прибыли стаки кркдита,[4058] / [47],0,4058,0,47,,,0,0
4452,9,Π,потребность в оборотном кредите,[4420]·[199],0;0,4420;199,,,,,0,0
4461,9,Π,сигнал о прекращении поставок сырья при неоплате ранее поставленного,[88]·[4303],0;0,88;4303,,,,,0,0
4462,9,Π,сигнал о прекращении поставок сырья при неоплате ранее поставленного,[88]·[4308],0;0,88;4308,,,,,0,0
4463,9,Π,сигнал о прекращении поставок сырья при неоплате ранее поставленного,[88]·[4313],0;0,88;4313,,,,,0,0
4464,9,Π,сигнал о прекращении поставок сырья при неоплате ранее поставленного,[88]·[4318],0;0,88;4318,,,,,0,0
4465,9,Π,сигнал о прекращении поставок сырья при неоплате ранее поставленного,[88]·[4323],0;0,88;4323,,,,,0,0
4466,9,Π,сигнал о прекращении поставок сырья при неоплате ранее поставленного,[88]·[4328],0;0,88;4328,,,,,0,0
4467,9,Π,сигнал о прекращении поставок сырья при неоплате ранее поставленного,[88]·[4333],0;0,88;4333,,,,,0,0
4468,9,Π,сигнал о прекращении поставок сырья при неоплате ранее поставленного,[4438]·[88],0;0,4438;88,,,,,0,0
4471,1,Σ,включ сигнала о небходимости прекращения поставок сырья при отсутств их оплаты,1·[4461] + 1·[189],,,,,1;1,4461;189,0,0
4472,1,Σ,включ сигнала о небходимости прекращения поставок сырья при отсутств их оплаты,1·[4462] + 1·[189],,,,,1;1,4462;189,0,0
4473,1,Σ,включ сигнала о небходимости прекращения поставок сырья при отсутств их оплаты,1·[4463] + 1·[189],,,,,1;1,4463;189,0,0
4474,1,Σ,включ сигнала о небходимости прекращения поставок сырья при отсутств их оплаты,1·[4464] + 1·[189],,,,,1;1,4464;189,0,0
4475,1,Σ,включ сигнала о небходимости прекращения поставок сырья при отсутств их оплаты,1·[4465] + 1·[189],,,,,1;1,4465;189,0,0
4476,1,Σ,включ сигнала о небходимости прекращения поставок сырья при отсутств их оплаты,1·[4466] + 1·[189],,,,,1;1,4466;189,0,0
4477,1,Σ,включ сигнала о небходимости прекращения поставок сырья при отсутств их оплаты,1·[4467] + 1·[189],,,,,1;1,4467;189,0,0
4478,1,Σ,включ сигнала о небходимости прекращения поставок сырья при отсутств их оплаты,1·[4468] + 1·[189],,,,,1;1,4468;189,0,0
4802,2,уставка·Σ,доход,1·(0.7162·[4026]),1,4802,,,0.7162,4026,0,1
4803,9,Π,сумма подоходн налога из соц группы,[4804]·[4811],0;0,4804;4811,,,,,0,0
4804,9,Π,масса подоходного налога,[4802]·[22],0;0,4802;22,,,,,0,0
4805,4,1/(Tp+1)·g,чистый доход,"clip(1·(1·[4802] + -1·[4806] + -1·[4804]), 0.1, 1)",1,0,1;0.1,0;0,1;-1;-1,4802;4806;4804,10.896,0
4806,9,Π,другие платежи,[4802]·[21],0;0,4802;21,,,,,0,0
4807,9,Π,другие платежи,[4806]·[4811],0;0,4806;4811,,,,,0,0
4808,9,Π,спрос соц группы на услуги,[4874]·[4811],0;0,4874;4811,,,,,0,0
4809,9,Π,спрос на ТНП в социальной группе,[4860]·[4811],0;0,4860;4811,,,,,0,0
4810,9,Π,спрос на стоящ жилье в соц группе,[4844]·[4811],0;0,4844;4811,,,,,0,0
4811,2,уставка·Σ,количество человек в соц группе,1·(1·[4012]),1,4811,,,1,4012,0,1
4812,9,Π,формир фин возмож,[4828]·[4828],0;0,4828;4828,,,,,0,0
4814,10,Σ·[ref],формир финан возм,(2.3·[4812])·[4815],0,4815,,,2.3,4812,0,0
4815,5,∫ с пределами,денежные накопления,"∫(1·[4816] + -1·[4814] + -1·[4870]) dt, x0=1, pa1=0.001, hi=100000",1;0.001,0;0,100000,0,1;-1;-1,4816;4814;4870,4.01726,0
4816,11,Π/Π,формир денежн накоплений,[4838]·[4838]·[4805] / [4819]·[4819],0;0;0,4838;4838;4805,0;0,4819;4819,,,0,0
4817,11,Π/Π,формир соц напряженности,[4815] / [4818],0,4815,0,4818,,,0,0
4818,4,1/(Tp+1)·g,финансовые возможности,"clip(1·(1·[4805] + 1·[4814] + -1·[4816]), 0.1, 1)",1,0,1;0.1,0;0,1;1;-1,4805;4814;4816,10.3785,0
4819,1,Σ,формирование денежн накоплений,1·1 + 1·[4838],,,,,1;1,const;4838,0,0
4820,1,Σ,расходы на ТНП Услуги и Досуг,1·[4818] + -1·[4821],,,,,1;-1,4818;4821,0,0
4821,9,Π,расходы на ПП и Жилье,[4831]·[4818],0;0,4831;4818,,,,,0,0
4822,12,Π/Σ,расходы на ПП,[4828]·[4821] / (1·[4828] + 1·[4836]),0;0,4828;4821,,,1;1,4828;4836,0,0
4823,14,clip Σ,расходы на жилье,"clip(1·[4821] + -1·[4822] + -1·[70], 0.01, 1e+07)",0.01,0,1e+07,0,1;-1;-1,4821;4822;70,0,0
4824,2,уставка·Σ,масштабир цены ПП в соц гр,0.08·(1·[4197]),0.08,0,,,1,4197,0,0
4825,12,Π/Σ,формир доли на ПП,[4824] / (0.001·1 + 0.2·[4822]),0,4824,,,0.001;0.2,const;4822,0,0
4826,11,Π/Π,спрос соц группы на ПП,[4811]·[4822] / [4824],0;0,4811;4822,0,4824,,,0,0
4827,12,Π/Σ,формир доли на ПП,[4825] / (1·[4825] + 1·[4822]),0,4825,,,1;1,4825;4822,0,0
4828,4,1/(Tp+1)·g,формир доли на ПП,"clip(1·(1·[4827]), 0.1, 1)",1,0,1;0.1,0;0,1,4827,0.354311,0
4829,14,clip Σ,,"clip(1·1 + -4·[4832], 0, 1)",0,0,1,0,1;-4,const;4832,0,0
4830,11,Π/Π,спрос на ПП,[4822] / [4824],0,4822,0,4824,,,0,0
4831,14,clip Σ,формир доли на ПП и Жил,"clip(1·[4828] + 1·[4836], 0, 1)",0,0,1,0,1;1,4828;4836,0,0
4832,14,clip Σ,формир доли на Жил,"clip(-0.5·1 + 1·[4828], 0, 100)",0,0,100,0,-0.5;1,const;4828,0,0
4833,1,Σ,формир доли на Жил,1·1 + 1·[4832],,,,,1;1,const;4832,0,0
4834,23,?23,формир доли на Жил,?23(1·[4833]; 10),10,0,,,1,4833,0,0
4835,11,Π/Π,доля на жилье,[4857] / [4834],0,4857,0,4834,,,0,0
4836,12,Π/Σ,доля на Жил,[4835] / (1·1 + 5·[4835]),0,4835,,,1;5,const;4835,0,0
4837,14,clip Σ,всего расходов на ТНП и др,"clip(1·[4820] + -1·[4856], 0, 1000)",0,0,1000,0,1;-1,4820;4856,0,0
4838,1,Σ,уровень жизни,1·1 + -1·[4828],,,,,1;-1,const;4828,0,0
4839,12,Π/Σ,натуральный спрос на покупку жилья (удовлетворенный),[4844] / (0.01·1 + 1·[4842]),0,4844,,,0.01;1,const;4842,0,0
4840,2,уставка·Σ,коэф перевода года в мес,1·(1·[4823]),1,0,,,1,4823,0,0
4841,11,Π/Π,спрос на строит жилья,[4840]·[4840] / [4842]·[4842],0;0,4840;4840,0;0,4842;4842,,,0,0
4842,2,уставка·Σ,цена строящ жилья,1·(1·[3120]),1,0,,,1,3120,0,0
4843,12,Π/Σ,доля на покупку жилья,[4848]·[4849]·[4841]·[4829] / (0.1·1 + 1·[4841]),0;0;0;0,4848;4849;4841;4829,,,0.1;1,const;4841,0,0
4844,9,Π,расходы на покупку жилья,[4823]·[4843],0;0,4823;4843,,,,,0,0
4845,14,clip Σ,расходы на наем жилья,"clip(1·[4823] + -1·[4844], 0, 1e+07)",0,0,1e+07,0,1;-1,4823;4844,0,0
4846,12,Π/Σ,формиров доли расходов на покупку жилья,[4853] / (1·[4842] + 1·[4853]),0,4853,,,1;1,4842;4853,0,0
4847,12,Π/Σ,формир доли расходов на покупку жилья,[4853] / (20·[4892]),0,4853,,,20,4892,0,0
4848,4,1/(Tp+1)·g,формир доли расх на жилье,"clip(1·(1·[4846]), 0.1, 1)",1,0,1;0.1,0;0,1,4846,0.353724,0
4849,4,1/(Tp+1)·g,формир доли расх на жилье,"clip(1·(1·[4847]), 0.1, 1)",1,0,1;0.1,0;0,1,4847,1,0
4850,9,Π,спрос на досуг в соц группы,[4811]·[4866]·[4837],0;0;0,4811;4866;4837,,,,,0,0
4851,5,∫ с пределами,куплено всего жилья,"∫(1·[4839] + -0.01·[4854]) dt, x0=1, pa1=0, hi=10000",1;0,0;0,10000,0,1;-0.01,4839;4854,11.1923,0
4852,12,Π/Σ,всего нанято жилья,[4845] / (0.1·[4853]),0,4845,,,0.1,4853,0,0
4853,2,уставка·Σ,цена найма жилья,1·(1·[3]),1,0,,,1,3,0,0
4854,12,Π/Σ,коэф амортизац купленного жилья,[4851] / (1·1 + 1.5·[4874]),0,4851,,,1;1.5,const;4874,0,0
4855,4,1/(Tp+1)·g,всего имеется жилья,"clip(2·(2·[4852] + 1·[4851]), 0.01, 1)",2,0,1;0.01,0;0,2;1,4852;4851,43.1413,0
4856,9,Π,поток уплаты налога за купленное жилье,[4851]·[4892],0;0,4851;4892,,,,,0,0
4857,11,Π/Π,отношение нормы жилья к имеещемуся,[4893] / [4855],0,4893,0,4855,,,0,0
4858,12,Π/Σ,качество жизни,[4866]·[400] / (1·[4857] + 1·[4828]),0;0,4866;400,,,1;1,4857;4828,0,0
4859,2,уставка·Σ,масшт спроса на аренду жилья для весов ценн в расходах,0.1·(1·[4852]),0.1,0,,,1,4852,0,0
4860,11,Π/Π,поток покупок ТНП,[4864]·[4837] / [4873]·[5150],0;0,4864;4837,0;0,4873;5150,,,0,0
4861,5,∫ с пределами,накоплено купленных ТНП,"∫(1·[4860] + -1·[4862]) dt, x0=0.5, pa1=1, hi=10000",0.5;1,0;0,10000,0,1;-1,4860;4862,27.1387,0
4862,12,Π/Σ,амортизация ТНП,[4861] / (10·1 + 20·[4874]),0,4861,,,10;20,const;4874,0,0
4863,2,уставка·Σ,всего имущества (ТНП+Жил),0.03·(1·[4861] + 1·[4855]),0.03,0,,,1;1,4861;4855,0,0
4864,12,Π/Σ,треб ТНП,[4855] / (0.01·1 + 0.4·[4861]),0,4855,,,0.01;0.4,const;4861,0,0
4865,12,Π/Σ,треб услуг,[4863] / (1·1 + 1·[4863]),0,4863,,,1;1,const;4863,0,0
4866,11,Π/Π,формир спроса на досуг,[4875]·[4837] / [4873]·[4]·[4]·[4],0;0,4875;4837,0;0;0;0,4873;4;4;4,,,0,0
4867,9,Π,объем потребляемых благ в соц сфере для формиров натуральн потребности в эл-эн,[4873]·[4811],0;0,4873;4811,,,,,0,0
4868,1,Σ,всего расходы на личное жилье (его приобретение и налог при его содержании),1·[1856] + 1·[1844],,,,,1;1,1856;1844,0,0
4870,14,clip Σ,уровень денежн нак при котором нчинается активное приобрет жилья,"clip(-3.5·1 + 1·[4815], 0, 1e+08)",0,0,1e+08,0,-3.5;1,const;4815,0,0
4871,2,уставка·Σ,Цдосуга,1.25·(1·1),1.25,0,,,1,const,0,0
4873,4,1/(Tp+1)·g,сумма потребностей в усл+досуге+ТНП,"clip(1·(1·[4864] + 1·[4865] + 1·[4875]), 0.01, 1)",1,0,1;0.01,0;0,1;1;1,4864;4865;4875,8.78235,0
4874,11,Π/Π,спрос на услуги,[4865]·[4837] / [5]·[4873],0;0,4865;4837,0;0,5;4873,,,0,0
4875,12,Π/Σ,поток услуг освобождающий время на досуг,[4874]·[4888] / (0.1·1 + 1·[4874]),0;0,4874;4888,,,0.1;1,const;4874,0,0
4876,11,Π/Π,вес цены блага в расходах соц группы,[4866]·[4]·[4] / [4818],0;0;0,4866;4;4,0,4818,,,0,0
4877,11,Π/Π,вес цены блага в расходах соц группы,[4874]·[5]·[5] / [4818],0;0;0,4874;5;5,0,4818,,,0,0
4878,11,Π/Π,вес цены блага в расходах соц группы,[4860]·[5150]·[5150] / [4818],0;0;0,4860;5150;5150,0,4818,,,0,0
4879,11,Π/Π,вес цены блага в расходах соц группы,[4859]·[3]·[3] / [4818],0;0;0,4859;3;3,0,4818,,,0,0
4880,11,Π/Π,вес цены блага в расходах соц группы,[4841]·[4842]·[4842] / [4818],0;0;0,4841;4842;4842,0,4818,,,0,0
4881,11,Π/Π,вес цены блага в расходах соц группы,[4826]·[4824]·[4824] / [4818]·[4811],0;0;0,4826;4824;4824,0;0,4818;4811,,,0,0
4885,12,Π/Σ,индекс социальной напряженности,[4887]·[4886] / (1·1 + 0.5·[4887]),0;0,4887;4886,,,1;0.5,const;4887,0,0
4886,1,Σ,формир потребн в досуге от соц напряж,1·1 + 2·[4005],,,,,1;2,const;4005,0,0
4887,12,Π/Σ,треб досуга,[1] / (5·[4858] + 1·[4817]),0,1,,,5;1,4858;4817,0,0
4888,4,1/(Tp+1)·g,треб досуга,"clip(1·(1·[4863] + 1·[4815]), 0.1, 1)",1,0,1;0.1,0;0,1;1,4863;4815,6.12572,0
4889,9,Π,накоплено денег в соц группе для возможной покупки дол,[4870]·[4811],0;0,4870;4811,,,,,0,0
4890,9,Π,уровень денежн накоплений насел при котором начинают покупать дол,[4815],0,4815,,,,,0,0
4891,1,Σ,сумма абсол знач весов цен благ соц гр,1·[4876] + 1·[4877] + 1·[4878] + 1·[4879] + 1·[4880] + 1·[4881],,,,,1;1;1;1;1;1,4876;4877;4878;4879;4880;4881,0,0
4892,2,уставка·Σ,ставка налога на жилье,1·(1·[7]),1,0,,,1,7,0,0
4893,2,уставка·Σ,норма жилья,10·(1·1),10,4893,,,1,const,0,1
4894,11,Π/Π,относит вес цены на ПП,[4881] / [4891],0,4881,0,4891,,,0,0
4895,11,Π/Π,относительный вес цены куплен жилья,[4880] / [4891],0,4880,0,4891,,,0,0
4896,11,Π/Π,относительный вес цены досуга,[4876] / [4891],0,4876,0,4891,,,0,0
4897,11,Π/Π,относительный вес цены услуг,[4877] / [4891],0,4877,0,4891,,,0,0
4898,11,Π/Π,относительный вес цены ТНП,[4878] / [4891],0,4878,0,4891,,,0,0
4899,11,Π/Π,относительный вес цены аренд жилья,[4879] / [4891],0,4879,0,4891,,,0,0
5001,14,clip Σ,реальн произв продукции,"clip(1·[5011], 0.2, 1.11111e+06)",0.2,0,1.11111e+06,0,1,5011,0,0
5002,4,1/(Tp+1)·g,потенц произв продукции,"clip(1·(1·[5011]), 0.1, 1)",1,0,1;0.1,0;0,1,5011,0.99957,0
5003,7,min,огранич в произв продукции,"min([5213], [5223], [5233], [5243], [5253], [5263], [5273], [5283], [5203])",0;0;0;0;0;0;0;0;0,5213;5223;5233;5243;5253;5263;5273;5283;5203,,,,,0,0
5004,14,clip Σ,производство продукции,"clip(1·[5017], 0.001, 10000)",0.001,0,10000,0,1,5017,0,0
5005,12,Π/Σ,степень безработицы в секторе,[232]·[5030] / (1e-05·1 + 1·[5009]),0;0,232;5030,,,1e-05;1,const;5009,0,0
5006,9,Π,МЗ от импорта,[5206]·[501],0;0,5206;501,,,,,0,0
5007,7,min,всего реализовано продукции,"min([5001], [5004])",0;0,5001;5004,,,,,0,0
5008,4,1/(Tp+1)·g,материальные затраты,"clip(1·(1.4742·[5018]), 0.02, 1)",1,0,1;0.02,0;0,1.4742,5018,615.679,0
5009,10,Σ·[ref],требуется труда с учетом сменности и потребн в продукции,(1·[5093])·[5025],0,5025,,,1,5093,0,0
5010,12,Π/Σ,цена рыночная,[5116] / (0.2·1 + 0.8·[5004]),0,5116,,,0.2;0.8,const;5004,0,0
5011,10,Σ·[ref],потенциальное производство продукции,(0.2·[5080])·[5029],0,5029,,,0.2,5080,0,0
5012,2,уставка·Σ,подано труда,5.5·(1·1),5.5,5012,,,1,const,0,1
5013,11,Π/Π,расходы сект на Фп,[5365]·[5066] / [5072],0;0,5365;5066,0,5072,,,0,0
5014,11,Π/Π,расходы сект на Фа,[5365]·[5068] / [5072],0;0,5365;5068,0,5072,,,0,0
5015,11,Π/Π,количество прибыли для импортного оборудования,[5365]·[5075] / [5072],0;0,5365;5075,0,5072,,,0,0
5016,2,уставка·Σ,общее предложение труда в секторе производства,2·(1·[5012] + 1·[235]),2,0,,,1;1,5012;235,0,0
5017,4,1/(Tp+1)·g,,"clip(1·(1·[5011]), 0.02, 1)",1,0,1;0.02,0;0,1,5011,1,0
5018,1,Σ,сумма номинальных материальных затрат,1·[5006] + 1·[5217] + 1·[5227] + 1·[5237] + 1·[5247] + 1·[5257] + 1·[5267] + 1·[5277],,,,,1;1;1;1;1;1;1;1,5006;5217;5227;5237;5247;5257;5267;5277,0,0
5019,9,Π,цена оптовая ТНП,[5037]·[5105],0;0,5037;5105,,,,,0,0
5020,2,уставка·Σ,ставка зарплаты,0.5·(1·1),0.5,5020,,,1,const,0,1
5021,1,Σ,условно средняя цена поставляемых новых фондов для их развития,0.5·[2039] + 0.5·[3039],,,,,0.5;0.5,2039;3039,0,0
5025,5,∫ с пределами,К сменности,"∫(1·[5076] + -1·[5004]) dt, x0=1, pa1=0.2, hi=2.5",1;0.2,0;0,2.5,0,1;-1,5076;5004,0.999,0
5026,13,Σ/Π,доход на одного в соц группе ТНП,(1·[5052] + 1·[5032]) / [5029],,,0,5029,1;1,5052;5032,0,0
5027,9,Π,выручка ТНП,[5116]·[5039],0;0,5116;5039,,,,,0,0
5029,7,min,используется труда,"min([5016], [5009])",0;0,5016;5009,,,,,0,0
5030,14,clip Σ,безработица,"clip(1·[5012] + -1·[5029], 0, 100000)",0,0,100000,0,1;-1,5012;5029,0,0
5031,10,Σ·[ref],индексация зарплаты,(12·1)·[5020],0,5020,,,12,const,0,0
5032,9,Π,поток зарплаты,[5029]·[5031],0;0,5029;5031,,,,,0,0
5033,1,Σ,общие затраты,1·[5008] + 1·[5051] + 1·[5032],,,,,1;1;1,5008;5051;5032,0,0
5034,1,Σ,все затраты,1·[5033] + 1·[5055],,,,,1;1,5033;5055,0,0
5035,13,Σ/Π,себестоимость,(1·[5034]) / [5004],,,0,5004,1,5034,0,0
5036,9,Π,формирование цены,[5035]·[5112]·[5113],0;0;0,5035;5112;5113,,,,,0,0
5037,4,1/(Tp+1)·g,цена без НДС,"clip(0.6785·(1·[5038] + 1·[5036]), 0.02, 1)",0.6785,0,1;0.02,0;0,1;1,5038;5036,658.707,0
5038,9,Π,формирование рыночной цены (с учетом ее доли в общей цене),[5035]·[5112]·[5114],0;0;0,5035;5112;5114,,,,,0,0
5039,4,1/(Tp+1)·g,цена с НДС,"clip(1·(1·[5019]), 0.02, 1)",1,0,1;0.02,0;0,1,5019,669.394,0
5040,9,Π,выручка без НДС,[5037]·[5007],0;0,5037;5007,,,,,0,0
5041,4,1/(Tp+1)·g,сумма выручек внутренней и экспортной,"clip(1.68·(1·[5027]), 0.01, 1)",1.68,0,1;0.01,0;0,1,5027,1124.07,0
5042,2,уставка·Σ,ма выручек внутренней и экспортной,1·(1·[5041]),1,0,,,1,5041,0,0
5043,14,clip Σ,добавленная стоимость,"clip(1·[5042] + -1·[5008], 0, 10000)",0,0,10000,0,1;-1,5042;5008,0,0
5044,14,clip Σ,балансовая прибыль,"clip(1·[5043] + -1·[5050] + -1·[5047] + -1·[5097] + -1·[5054] + -1·[5032] + -1·[5048] + -1·[5073] + -1·[5137], 0, 10000)",0,0,10000,0,1;-1;-1;-1;-1;-1;-1;-1;-1,5043;5050;5047;5097;5054;5032;5048;5073;5137,0,0
5045,1,Σ,чистая прибыль,1·[5044] + -1·[5049],,,,,1;-1,5044;5049,0,0
5046,2,уставка·Σ,стоимость вводимых основных фондов,0.4683·(1·[5078] + 1·[5079] + 1·[5181]),0.4683,0,,,1;1;1,5078;5079;5181,0,0
5047,9,Π,поток НДС,[5043]·[24],0;0,5043;24,,,,,0,0
5048,9,Π,поток налога с выручки,[5042]·[23],0;0,5042;23,,,,,0,0
5049,9,Π,поток налога на прибыль,[25]·[5044],0;0,25;5044,,,,,0,0
5050,9,Π,поток налога на фонды,[5063]·[26],0;0,5063;26,,,,,0,0
5051,9,Π,амортизация в себестоимости,[5063]·[5064],0;0,5063;5064,,,,,0,0
5052,12,Π/Σ,доля прибыли в потребление,[5074]·[5045] / (5·1 + 1·[5074]),0;0,5074;5045,,,5;1,const;5074,0,0
5053,4,1/(Tp+1)·g,ФОТ,"clip(1·(1·[5052] + 1·[5032]), 0.1, 1)",1,0,1;0.1,0;0,1;1,5052;5032,35.7221,0
5054,9,Π,налог на ФОТ,[5053]·[28],0;0,5053;28,,,,,0,0
5055,1,Σ,сумма налогов,1·[5054] + 1·[5050] + 1·[5048],,,,,1;1;1,5054;5050;5048,0,0
5056,4,1/(Tp+1)·g,инвестируемая прибыль,"clip(1·(1·[5045] + -1·[5052]), 0.02, 1)",1,0,1;0.02,0;0,1;-1,5045;5052,143.793,0
5057,12,Π/Σ,норма прибыли,[5045] / (0.001·1 + 1·[5049] + 1·[5034]),0,5045,,,0.001;1;1,const;5049;5034,0,0
5058,4,1/(Tp+1)·g,степень финансовых возможностей,"clip(1·(1·[5057]), 0.1, 1)",1,0,1;0.1,0;0,1,5057,0.171331,0
5059,14,clip Σ,индекс финансовых возможностей,"clip(20·[5058], 0, 1)",0,0,1,0,20,5058,0,0
5060,14,clip Σ,степень недостаточности финансов,"clip(1·1 + -1·[5059], 0, 1)",0,0,1,0,1;-1,const;5059,0,0
5061,14,clip Σ,норма выплаты амортизации,"clip(1·[5056], 0, 1)",0,0,1,0,1,5056,0,0
5062,9,Π,реальный поток амортизации,[5061]·[5063]·[5064],0;0;0,5061;5063;5064,,,,,0,0
5063,5,∫ с пределами,стоимость производственных фондов,"∫(1·[5046] + -1·[5073]) dt, x0=0.1, pa1=0, hi=10000",0.1;0,0;0,10000,0,1;-1,5046;5073,449.985,0
5064,2,уставка·Σ,коэффициент амортизации,20·(0.01·1),20,5064,,,0.01,const,0,1
5065,2,уставка·Σ,всего инвестиций,1.027·(1·[5056] + 1·[5086] + 1·[5073]),1.027,0,,,1;1;1,5056;5086;5073,0,0
5066,2,уставка·Σ,доля строит в инвестициях,1·(1·1),1,5066,,,1,const,0,1
5067,11,Π/Π,расходы прибыли в строит,[5365]·[5066] / [5072]·[3039],0;0,5365;5066,0;0,5072;3039,,,0,0
5068,2,уставка·Σ,доля машиностроен в инвестиц,2.5·(1·1),2.5,5068,,,1,const,0,1
5069,11,Π/Π,расходы прибыли в машин,[5068]·[5365] / [2039]·[5072],0;0,5068;5365,0;0,2039;5072,,,0,0
5070,2,уставка·Σ,доля НИОКР в инвестиц,0.5·(1·1),0.5,5070,,,1,const,0,1
5071,2,уставка·Σ,доля депозита в инвестиц,0.5·(1·1),0.5,5071,,,1,const,0,1
5072,1,Σ,сумма долей распределения прибыли,1·[5066] + 1·[5068] + 1·[5070] + 1·[5071] + 1·[5075],,,,,1;1;1;1;1,5066;5068;5070;5071;5075,0,0
5073,7,min,реальные амортизационные выплаты,"min([5062], [5056])",0;0,5062;5056,,,,,0,0
5074,14,clip Σ,формирование доли прибыли в потребление,"clip(-5·1 + 1·[5058], 0.2, 100)",0.2,0,100,0,-5;1,const;5058,0,0
5075,2,уставка·Σ,доля прибыли для импорта Фа,0.5·(1·1),0.5,5075,,,1,const,0,1
5076,9,Π,,[5003]·[5116],0;0,5003;5116,,,,,0,0
5077,12,Π/Σ,отношение суммы налогов к добавленной стоимости,[5055] / (0.001·1 + 1·[5043]),0,5055,,,0.001;1,const;5043,0,0
5078,9,Π,стоимость вводимых  Фа,[2039]·[2125],0;0,2039;2125,,,,,0,0
5079,9,Π,стоимость вводимых  Фп,[3039]·[3125],0;0,3039;3125,,,,,0,0
5080,5,∫ с пределами,производительность труда,"∫(1·[6108] + 0·[5080]) dt, x0=1, pa1=0.2, hi=1e+06",1;0.2,0;0,1e+06,0,1;0,6108;5080,1.00056,0
5081,11,Π/Π,расходы прибыли в НИОКР,[5365]·[5070] / [5072],0;0,5365;5070,0,5072,,,0,0
5082,11,Π/Π,расходы прибыли в депозиты,[5365]·[5071] / [5072],0;0,5365;5071,0,5072,,,0,0
5083,3,∫,накопленный депозит,"∫(1·[5082] + 1·[5085] + -1·[5086]) dt, x0=0.001",0.001,0,,,1;1;-1,5082;5085;5086,12.7953,0
5084,14,clip Σ,степень возможностей депозита,"clip(100·[5083], 0, 1)",0,0,1,0,100,5083,0,0
5085,9,Π,самовозрастание депозита,[5083]·[230],0;0,5083;230,,,,,0,0
5086,9,Π,поток инвестиций из депозита,[5362]·[5084],0;0,5362;5084,,,,,0,0
5088,2,уставка·Σ,формир потока амортизац Фа,0.05658·(100·[2125] + 1·[785]),0.05658,0,,,100;1,2125;785,0,0
5089,5,∫ с пределами,6оличество Фа,"∫(1·[5088] + -1·[5090]) dt, x0=0.01, pa1=0.01, hi=10000",0.01;0.01,0;0,10000,0,1;-1,5088;5090,4.99997,0
5090,9,Π,реальная амортизация Фа,[5064]·[5004]·[5089],0;0;0,5064;5004;5089,,,,,0,0
5091,9,Π,поток амортизации Фп,[5064]·[5092],0;0,5064;5092,,,,,0,0
5092,5,∫ с пределами,количество Фп,"∫(12.987·[3125] + -1·[5091]) dt, x0=0.01, pa1=0.01, hi=10000",0.01;0.01,0;0,10000,0,12.987;-1,3125;5091,5,0
5093,12,Π/Σ,количество рабочих мест,[5092]·[5089] / (0.5·[5092] + 0.5·[5089]),0;0,5092;5089,,,0.5;0.5,5092;5089,0,0
5094,4,1/(Tp+1)·g,продукция для реализации,"clip(1·(1·[5007]), 0.1, 1)",1,0,1;0.1,0;0,1,5007,0.999551,0
5095,4,1/(Tp+1)·g,формиров возврата кредитов,"clip(1·(1·[5044]), 0.1, 1)",1,0,1;0.1,0;0,1,5044,213.638,0
5096,7,min,формиров возврата кредитов,"min([5095], [5442])",0;0,5095;5442,,,,,0,0
5097,2,уставка·Σ,темп возврата кредитов,0·(1·[5096]),0,5097,,,1,5096,0,1
5099,2,уставка·Σ,,1·(1·1),1,5099,,,1,const,0,1
5100,10,Σ·[ref],сумма инвестиционных средств для изменения производительности фондов,(0.02973·[5081] + 0.02973·[785])·[880],0,880,,,0.02973;0.02973,5081;785,0,0
5101,1,Σ,алгоритм НДС,1·1 + -1·[24],,,,,1;-1,const;24,0,0
5102,11,Π/Π,алгоритм НДС,[5104]·[24] / [5101]·[5103],0;0,5104;24,0;0,5101;5103,,,0,0
5103,14,clip Σ,формирование НДС,"clip(1·[5040], 0.01, 10000)",0.01,0,10000,0,1,5040,0,0
5104,14,clip Σ,алгоритм НДС,"clip(1·[5040] + -1·[5008], 0, 10000)",0,0,10000,0,1;-1,5040;5008,0,0
5105,1,Σ,алгоритм НДС,1·1 + 1·[5102],,,,,1;1,const;5102,0,0
5106,1,Σ,+/- потока основных активных фондов,1·[2125] + -0.061·[5090],,,,,1;-0.061,2125;5090,0,0
5107,1,Σ,+/- потока основных пассивных фондов,1·[3125] + -0.06·[5091],,,,,1;-0.06,3125;5091,0,0
5108,14,clip Σ,,"clip(1·[5100] + -1·[5080], 0, 100000)",0,0,100000,0,1;-1,5100;5080,0,0
5112,2,уставка·Σ,норматив прибыли монополиста,1.2·(1·1),1.2,5112,,,1,const,0,1
5113,2,уставка·Σ,степень монополизма,0·(1·1),0,5113,,,1,const,0,1
5114,10,Σ·[ref],монопольная цена с ее долей,(1·1 + -1·[5113])·[5010],0,5010,,,1;-1,const;5113,0,0
5116,4,1/(Tp+1)·g,6умма спросов,"clip(1·(0.1945·[5119]), 0.02, 1)",1,0,1;0.02,0;0,0.1945,5119,0.999542,0
5117,1,Σ,суммарный поток денег возврата долгов поставщикам сырья,1·[5137] + 1·[5367],,,,,1;1,5137;5367,0,0
5119,4,1/(Tp+1)·g,сумма спросов на ТНПиз бюдж и торг,"clip(1·(1·[265] + 1·[295]), 0.02, 1)",1,0,1;0.02,0;0,1;1,265;295,5.13902,0
5121,1,Σ,,0.001·[4168],,,,,0.001,4168,0,0
5122,1,Σ,,0.001·[11168],,,,,0.001,11168,0,0
5123,1,Σ,,0.001·[5168],,,,,0.001,5168,0,0
5137,9,Π,поток возврата долгов проставщикам,[5138]·[99],0;0,5138;99,,,,,0,0
5138,2,уставка·Σ,коэф уменьшения возврата долгов поставщикам сырья,0·(1·[5139]),0,5138,,,1,5139,0,1
5139,7,min,требуемый поток возврата долгов поставщикам сырья,"min([5095], [5410])",0;0,5095;5410,,,,,0,0
5140,2,уставка·Σ,объем предложен натур ТНП из производства,1·(1·1),1,5140,,,1,const,0,1
5150,2,уставка·Σ,масштабирование цены ТНП для сф потребл,0.001·(1·[5168]),0.001,0,,,1,5168,0,0
5155,2,уставка·Σ,выручка ТНП от продаж в бюджет,1·(1·[265]),1,0,,,1,265,0,0
5156,4,1/(Tp+1)·g,,"clip(1·(1·[5191]), 0.02, 1)",1,0,1;0.02,0;0,1,5191,1.57901,0
5157,10,Σ·[ref],формир опт цены на ТНП на розн рынке,(1·1 + -1·[5159])·[5039],0,5039,,,1;-1,const;5159,0,0
5158,4,1/(Tp+1)·g,оптов цена ТНП на розн рынке,"clip(1·(1·[5157] + 1·[5160]), 0.1, 1)",1,0,1;0.1,0;0,1;1,5157;5160,841.895,0
5159,12,Π/Σ,индекс желательности импорта ТНП прод для рынка,[5039] / (1·[5039] + 1·[5187]),0,5039,,,1;1,5039;5187,0,0
5160,9,Π,оптов цена на ТНП импортн прод,[5159]·[5175],0;0,5159;5175,,,,,0,0
5161,2,уставка·Σ,цена ТНП продукции за рубежом в дол,12·(1·1),12,5161,,,1,const,0,1
5162,9,Π,МЗ ТНП прод в розн торг с учетом тог наценки,[5158]·[5179]·[5156],0;0;0,5158;5179;5156,,,,,0,0
5163,14,clip Σ,формир НДС1 ТНП на розн рынке,"clip(1·[5162] + -1·[5196], 0, 1e+07)",0,0,1e+07,0,1;-1,5162;5196,0,0
5164,14,clip Σ,формир НДС1 в розн торг ТНП прод,"clip(1·[5162], 0.001, 1e+06)",0.001,0,1e+06,0,1,5162,0,0
5165,11,Π/Π,формир НДС1 в розн торг ТНП прод,[5163]·[5170] / [5164]·[5169],0;0,5163;5170,0;0,5164;5169,,,0,0
5166,9,Π,розн цена ТНП,[5158]·[5167]·[5179],0;0;0,5158;5167;5179,,,,,0,0
5167,1,Σ,формир НДС1 в розн торговле ТНП прод,1·1 + 1·[5165],,,,,1;1,const;5165,0,0
5168,1,Σ,средн рыночн цена ТНП продукции,0.9534·[5166],,,,,0.9534,5166,0,0
5169,1,Σ,НДС2 в розн торг ТНП продукц,1·1 + -1·[5170],,,,,1;-1,const;5170,0,0
5170,2,уставка·Σ,ставка НДС2 в розн торг ТНП прод,1·(1·[29]),1,5170,,,1,29,0,1
5171,2,уставка·Σ,цена импортн ТНП прод в дол,1·(25·1),1,5171,,,25,const,0,1
5172,2,уставка·Σ,курс рубль/дол,25·(1·1),25,5172,,,1,const,0,1
5173,2,уставка·Σ,ставка тамож пошлин на ТНП продукц,20·(0.01·1),20,5173,,,0.01,const,0,1
5174,1,Σ,тамож пошл на импортн ТНП продукц,1·1 + 1·[5173],,,,,1;1,const;5173,0,0
5175,9,Π,доход на одного продавца в розн торговле ТНП прод,[4172]·[5171]·[5174]·[5188],0;0;0;0,4172;5171;5174;5188,,,,,0,0
5176,9,Π,выручка за ТНП прод на розничн рынке,[5168]·[5191],0;0,5168;5191,,,,,0,0
5177,1,Σ,доход в розничн продажи ТНП продукции,-1·[5183] + 1·[5178],,,,,-1;1,5183;5178,0,0
5178,1,Σ,формир дохода от розн прод ТНП прод,1·[5176] + -1·[5196],,,,,1;-1,5176;5196,0,0
5179,1,Σ,торг наценка на ТНП прод в розн торг,1·1 + 1·[5180],,,,,1;1,const;5180,0,0
5180,2,уставка·Σ,торг наценка на ТНП прод,0.25·(1·1),0.25,5180,,,1,const,0,1
5181,9,Π,,[5015]·[527],0;0,5015;527,,,,,0,0
5182,9,Π,масса других налогов в розн торговле ТНП прод,[27]·[5177],0;0,27;5177,,,,,0,0
5183,9,Π,масса налога НДС в розн торг ТНП продукции,[5178]·[5170],0;0,5178;5170,,,,,0,0
5184,1,Σ,чистая приб от розничн прод ТНП продукции,1·[5177] + -1·[5182],,,,,1;-1,5177;5182,0,0
5185,2,уставка·Σ,индекс кач импортных ТНП,4·(1·1),4,5185,,,1,const,0,1
5186,2,уставка·Σ,индекс кач отечеств ТНП,1·(1·1),1,5186,,,1,const,0,1
5187,11,Π/Π,отнош импорт цены ТНП к ее качеству по отношен к кач отеч прод ТНП,[5175]·[5186] / [5185],0;0,5175;5186,0,5185,,,0,0
5188,1,Σ,НДС2 в роз прод ТНП,1·1 + 1·[5170],,,,,1;1,const;5170,0,0
5189,1,Σ,НДС из торговли,1·[4183] + 1·[5183] + 1·[11183],,,,,1;1;1,4183;5183;11183,0,0
5191,1,Σ,общий спрос на ТНП,0.0063·[202],,,,,0.0063,202,0,0
5192,9,Π,спрос на импортн ТНП,[5191]·[5159]·[527],0;0;0,5191;5159;527,,,,,0,0
5193,4,1/(Tp+1)·g,спрос на отеч ТНП,"clip(1·(1·[5191] + -1·[5192]), 0.1, 1)",1,0,1;0.1,0;0,1;-1,5191;5192,0.397186,0
5194,14,clip Σ,спрос на отеч ТНП,"clip(1·[5193], 0, 100000)",0,0,100000,0,1,5193,0,0
5195,10,Σ·[ref],стоимость (МЗ) отеч ТНП на розн рынке,(1·[5194])·[5039],0,5039,,,1,5194,0,0
5196,4,1/(Tp+1)·g,стоим продаж всех    ТНП на розн рынке,"clip(1·(1·[5195] + 1·[5198]), 0.1, 1)",1,0,1;0.1,0;0,1;1,5195;5198,478.576,0
5198,9,Π,тамож сбор с импортн продукции ТНП поставляемой в розничную продажу,[5175]·[5192]·[5173],0;0;0,5175;5192;5173,,,,,0,0
5201,2,уставка·Σ,К импорта в сектор,5·(0.01·1),5,5201,,,0.01,const,0,1
5202,9,Π,спрос сектора на валюту для импорта сырья,[5007]·[5201]·[405]·[465],0;0;0;0,5007;5201;405;465,,,,,0,0
5203,14,clip Σ,степень наличия исходн импортного сырья для производства,"clip(10·[5204], 0, 1)",0,0,1,0,10,5204,0,0
5204,5,∫ с пределами,накоплено импортного сырья в секторе,"∫(1·[5209] + -1·[5210]) dt, x0=1, pa1=0.01, hi=1e+07",1;0.01,0;0,1e+07,0,1;-1,5209;5210,2.82753,0
5205,9,Π,заявка на дол для сырья с учетом фин возможностей,[5202]·[5059],0;0,5202;5059,,,,,0,0
5206,7,min,реадьно полученные дол для импорта сырья,"min([5207], [5202])",0;0,5207;5202,,,,,0,0
5207,9,Π,степень удовлетворения в дол для закупки сырья,[527]·[5205],0;0,527;5205,,,,,0,0
5208,9,Π,поток тарифа в бюджет за импорт сырья,[5206]·[445],0;0,5206;445,,,,,0,0
5209,13,Σ/Π,поток закупленного импортного сырья,(1·[5206] + -1·[5208]) / [405],,,0,405,1;-1,5206;5208,0,0
5210,9,Π,поток расхода импортного сырья,[5201]·[5007],0;0,5201;5007,,,,,0,0
5211,2,уставка·Σ,К сырья в сектор,0.01·(1·1),0.01,5211,,,1,const,0,1
5212,11,Π/Π,спрос сектора на исходный продукт,[5011]·[5211]·[5471] / [5219]·[5219]·[5219],0;0;0,5011;5211;5471,0;0;0,5219;5219;5219,,,0,0
5213,14,clip Σ,степень наличия исходн продуктов для производства,"clip(5·[5214], 0, 1)",0,0,1,0,5,5214,0,0
5214,11,Π/Π,степень наличия исходных продуктов,[5219] / [5004],0,5219,0,5004,,,0,0
5215,5,∫ с пределами,сумма долга поставщику исх прод,"∫(1·[5218] + -1·[5401] + -1·[5411]) dt, x0=1, pa1=0, hi=1e+07",1;0,0;0,1e+07,0,1;-1;-1,5218;5401;5411,0,0
5216,1,Σ,реалбные текущие мат затраты на оплату конкретн исх прод,1·[5217] + -1·[5218],,,,,1;-1,5217;5218,0,0
5217,9,Π,требуемые текущие мат затраты по конкретн поставке,[5292]·[1039],0;0,5292;1039,,,,,0,0
5218,9,Π,степень недостаточности финансовых средств,[5217]·[5060],0;0,5217;5060,,,,,0,0
5219,5,∫ с пределами,склад исходной продукции,"∫(-1·[5220] + 1·[5292]) dt, x0=50, pa1=0.001, hi=1e+06",50;0.001,0;0,1e+06,0,-1;1,5220;5292,1.00001,0
5220,9,Π,поток расходов исходного продукта,[5211]·[5007],0;0,5211;5007,,,,,0,0
5221,2,уставка·Σ,К угля в сектор,0.04·(1·1),0.04,5221,,,1,const,0,1
5222,11,Π/Π,спрос сектора на исходный продукт,[5011]·[5221]·[5472] / [5229]·[5229]·[5229],0;0;0,5011;5221;5472,0;0;0,5229;5229;5229,,,0,0
5223,14,clip Σ,степень наличия исходн продуктов для производства,"clip(5·[5224], 0, 1)",0,0,1,0,5,5224,0,0
5224,11,Π/Π,степень наличия исходных продуктов,[5229] / [5004],0,5229,0,5004,,,0,0
5225,5,∫ с пределами,3,"∫(1·[5228] + -1·[5402] + -1·[5412]) dt, x0=1, pa1=0, hi=1e+07",1;0,0;0,1e+07,0,1;-1;-1,5228;5402;5412,0,0
5226,1,Σ,реалбные текущие мат затраты на оплату конкретн исх прод,1·[5227] + -1·[5228],,,,,1;-1,5227;5228,0,0
5227,9,Π,требуемые текущие мат затраты по конкретн поставке,[5293]·[7039],0;0,5293;7039,,,,,0,0
5228,9,Π,степень недостаточности финансовых средств,[5227]·[5060],0;0,5227;5060,,,,,0,0
5229,5,∫ с пределами,склад исходной продукции,"∫(-1·[5230] + 1·[5293]) dt, x0=50, pa1=0.001, hi=1e+06",50;0.001,0;0,1e+06,0,-1;1,5230;5293,0.999991,0
5230,9,Π,поток расходов исходного продукта,[5221]·[5007],0;0,5221;5007,,,,,0,0
5231,2,уставка·Σ,К газа в сектор,0.15·(1·1),0.15,5231,,,1,const,0,1
5232,12,Π/Σ,спрос сектора на исходный продукт,[5011]·[5231]·[5473] / (0.001·1 + 1·[5234]),0;0;0,5011;5231;5473,,,0.001;1,const;5234,0,0
5233,14,clip Σ,степень наличия исходн продуктов для производства,"clip(5·[5234], 0, 1)",0,0,1,0,5,5234,0,0
5234,4,1/(Tp+1)·g,степень наличия исходных продуктов,"clip(1·(1·[5239]), 0.1, 1)",1,0,1;0.1,0;0,1,5239,0.999513,0
5235,5,∫ с пределами,сумма долга поставщику исх прод,"∫(1·[5238] + -1·[5403] + -1·[5413]) dt, x0=1, pa1=0, hi=1e+07",1;0,0;0,1e+07,0,1;-1;-1,5238;5403;5413,0,0
5236,1,Σ,реалбные текущие мат затраты на оплату конкретн исх прод,1·[5237] + -1·[5238],,,,,1;-1,5237;5238,0,0
5237,9,Π,требуемые текущие мат затраты по конкретн поставке,[5294]·[9039],0;0,5294;9039,,,,,0,0
5238,9,Π,степень недостаточности финансовых средств,[5237]·[5060],0;0,5237;5060,,,,,0,0
5239,12,Π/Σ,склад исходной продукции,[5294] / (1e-07·1 + 1·[5240]),0,5294,,,1e-07;1,const;5240,0,0
5240,9,Π,поток расходов исходного продукта,[5231]·[5007],0;0,5231;5007,,,,,0,0
5241,2,уставка·Σ,К электр в сектор,0.05·(1·1),0.05,5241,,,1,const,0,1
5242,12,Π/Σ,спрос сектора на исходный продукт,[5011]·[5241]·[5474] / (0.001·1 + 1·[5244]),0;0;0,5011;5241;5474,,,0.001;1,const;5244,0,0
5243,14,clip Σ,степень наличия исходн продуктов для производства,"clip(5·[5244], 0, 1)",0,0,1,0,5,5244,0,0
5244,4,1/(Tp+1)·g,степень наличия исходных продуктов,"clip(1·(1·[5249]), 0.1, 1)",1,0,1;0.1,0;0,1,5249,0.999462,0
5245,5,∫ с пределами,сумма долга поставщику исх прод,"∫(1·[5248] + -1·[5404] + -1·[5414]) dt, x0=1, pa1=0, hi=1e+07",1;0,0;0,1e+07,0,1;-1;-1,5248;5404;5414,0,0
5246,1,Σ,реалбные текущие мат затраты на оплату конкретн исх прод,1·[5247] + -1·[5248],,,,,1;-1,5247;5248,0,0
5247,9,Π,требуемые текущие мат затраты по конкретн поставке,[5295]·[10039],0;0,5295;10039,,,,,0,0
5248,9,Π,степень недостаточности финансовых средств,[5247]·[5060],0;0,5247;5060,,,,,0,0
5249,12,Π/Σ,склад исходной продукции,[5295] / (1e-07·1 + 1·[5250]),0,5295,,,1e-07;1,const;5250,0,0
5250,9,Π,поток расходов исходного продукта,[5241]·[5007],0;0,5241;5007,,,,,0,0
5251,2,уставка·Σ,К нефти в сектор,0.17·(1·1),0.17,5251,,,1,const,0,1
5252,11,Π/Π,спрос сектора на исходный продукт,[5011]·[5251]·[5475] / [5259]·[5259]·[5259],0;0;0,5011;5251;5475,0;0;0,5259;5259;5259,,,0,0
5253,14,clip Σ,степень наличия исходн продуктов для производства,"clip(5·[5254], 0, 1)",0,0,1,0,5,5254,0,0
5254,11,Π/Π,степень наличия исходных продуктов,[5259] / [5004],0,5259,0,5004,,,0,0
5255,5,∫ с пределами,сумма долга поставщику исх прод,"∫(1·[5258] + -1·[5405] + -1·[5415]) dt, x0=1, pa1=0, hi=1e+07",1;0,0;0,1e+07,0,1;-1;-1,5258;5405;5415,0,0
5256,1,Σ,реалбные текущие мат затраты на оплату конкретн исх прод,1·[5257] + -1·[5258],,,,,1;-1,5257;5258,0,0
5257,9,Π,требуемые текущие мат затраты по конкретн поставке,[5296]·[8039],0;0,5296;8039,,,,,0,0
5258,9,Π,степень недостаточности финансовых средств,[5257]·[5060],0;0,5257;5060,,,,,0,0
5259,5,∫ с пределами,склад исходной продукции,"∫(-1·[5260] + 1·[5296]) dt, x0=50, pa1=0.001, hi=1e+06",50;0.001,0;0,1e+06,0,-1;1,5260;5296,1.00001,0
5260,9,Π,поток расходов исходного продукта,[5251]·[5007],0;0,5251;5007,,,,,0,0
5261,2,уставка·Σ,К прочих в сектор,0.01·(1·1),0.01,5261,,,1,const,0,1
5262,11,Π/Π,спрос сектора на исходный продукт,[5011]·[5261]·[5476] / [5269]·[5269]·[5269],0;0;0,5011;5261;5476,0;0;0,5269;5269;5269,,,0,0
5263,14,clip Σ,степень наличия исходн продуктов для производства,"clip(5·[5264], 0, 1)",0,0,1,0,5,5264,0,0
5264,11,Π/Π,степень наличия исходных продуктов,[5269] / [5004],0,5269,0,5004,,,0,0
5265,5,∫ с пределами,сумма долга поставщику исх прод,"∫(1·[5268] + -1·[5406] + -1·[5416]) dt, x0=1, pa1=0, hi=1e+07",1;0,0;0,1e+07,0,1;-1;-1,5268;5406;5416,0,0
5266,1,Σ,реалбные текущие мат затраты на оплату конкретн исх прод,1·[5267] + -1·[5268],,,,,1;-1,5267;5268,0,0
5267,9,Π,требуемые текущие мат затраты по конкретн поставке,[5297]·[13039],0;0,5297;13039,,,,,0,0
5268,9,Π,степень недостаточности финансовых средств,[5267]·[5060],0;0,5267;5060,,,,,0,0
5269,5,∫ с пределами,склад исходной продукции,"∫(-1·[5270] + 1·[5297]) dt, x0=50, pa1=0.001, hi=1e+06",50;0.001,0;0,1e+06,0,-1;1,5270;5297,1.00002,0
5270,9,Π,поток расходов исходного продукта,[5261]·[5007],0;0,5261;5007,,,,,0,0
5271,2,уставка·Σ,К импорта в сектор,0.02·(1·1),0.02,5271,,,1,const,0,1
5272,12,Π/Σ,спрос сектора на исходный продукт,[5011]·[5271]·[5477] / (0.001·1 + 1·[5274]),0;0;0,5011;5271;5477,,,0.001;1,const;5274,0,0
5273,14,clip Σ,степень наличия исходн продуктов для производства,"clip(5·[5274], 0, 1)",0,0,1,0,5,5274,0,0
5274,4,1/(Tp+1)·g,степень наличия исходных продуктов,"clip(1·(1·[5279]), 0.1, 1)",1,0,1;0.1,0;0,1,5279,0.999511,0
5275,5,∫ с пределами,сумма долга поставщику исх прод,"∫(1·[5278] + -1·[5407] + -1·[5417]) dt, x0=1, pa1=0, hi=1e+07",1;0,0;0,1e+07,0,1;-1;-1,5278;5407;5417,0,0
5276,1,Σ,реалбные текущие мат затраты на оплату конкретн исх прод,1·[5277] + -1·[5278],,,,,1;-1,5277;5278,0,0
5277,9,Π,требуемые текущие мат затраты по конкретн поставке,[5298]·[12039],0;0,5298;12039,,,,,0,0
5278,9,Π,степень недостаточности финансовых средств,[5277]·[5060],0;0,5277;5060,,,,,0,0
5279,12,Π/Σ,склад исходной продукции,[5298] / (1e-07·1 + 1·[5280]),0,5298,,,1e-07;1,const;5280,0,0
5280,9,Π,поток расходов исходного продукта,[5271]·[5007],0;0,5271;5007,,,,,0,0
5281,2,уставка·Σ,коэф ресурсопотребления из с-х в ТНП,0.1·(1·1),0.1,5281,,,1,const,0,1
5282,12,Π/Σ,спрос на с-х в ТНП,[5011]·[5281]·[5478] / (0.0001·1 + 1·[5289]),0;0;0,5011;5281;5478,,,0.0001;1,const;5289,0,0
5283,14,clip Σ,степень удовл ресурсом из с-х,"clip(5·[5284], 0, 1)",0,0,1,0,5,5284,0,0
5284,11,Π/Π,степень удовл ресурсом из с-х,[5289] / [5004],0,5289,0,5004,,,0,0
5285,5,∫ с пределами,сумма долга за поставлен ресурс,"∫(1·[5288]) dt, x0=1, pa1=0, hi=1e+07",1;0,0;0,1e+07,0,1,5288,0,0
5286,1,Σ,реально уплачиваемые матер затраты за с-х поставки,1·[5287] + -1·[5288],,,,,1;-1,5287;5288,0,0
5287,9,Π,стоимость поставок из с-х,[4039]·[5282],0;0,4039;5282,,,,,0,0
5288,9,Π,поток долга поставщикам,[5060]·[5287],0;0,5060;5287,,,,,0,0
5289,5,∫ с пределами,на складе сырья с-х прод для с-х произв,"∫(1·[5282] + -1·[5290]) dt, x0=1, pa1=0.0001, hi=1e+06",1;0.0001,0;0,1e+06,0,1;-1,5282;5290,1.00001,0
5290,9,Π,расход запасов на складе при произв продукции,[5281]·[5007],0;0,5281;5007,,,,,0,0
5292,1,Σ,,1·[1125],,,,,1,1125,0,0
5293,1,Σ,,1·[7125],,,,,1,7125,0,0
5294,1,Σ,,1·[9125],,,,,1,9125,0,0
5295,1,Σ,,1·[10125],,,,,1,10125,0,0
5296,1,Σ,,1·[8125],,,,,1,8125,0,0
5297,1,Σ,,1·[13125],,,,,1,13125,0,0
5298,1,Σ,,1·[12125],,,,,1,12125,0,0
5301,14,clip Σ,формир отключ поставок сырья при длительной их неоплате,"clip(1·[5217], 0.0001, 1e+07)",0.0001,0,1e+07,0,1,5217,0,0
5302,11,Π/Π,формир отключ поставок сырья при длительной их неоплате,[5215] / [5301],0,5215,0,5301,,,0,0
5303,15,ключ,формир отключ поставок сырья при длительной их неоплате,(-1·[5302] + 1·[1400]) > 0 ? [1] : 0,,,0,1,-1;1,5302;1400,0,0
5306,14,clip Σ,формир отключ поставок сырья при длительной их неоплате,"clip(1·[1227], 0.0001, 1e+07)",0.0001,0,1e+07,0,1,1227,0,0
5307,11,Π/Π,формир отключ поставок сырья при длительной их неоплате,[5225] / [5306],0,5225,0,5306,,,0,0
5308,15,ключ,формир отключ поставок сырья при длительной их неоплате,(-1·[5307] + 1·[7400]) > 0 ? [1] : 0,,,0,1,-1;1,5307;7400,0,0
5311,14,clip Σ,формир отключ поставок сырья при длительной их неоплате,"clip(1·[1237], 0.0001, 1e+07)",0.0001,0,1e+07,0,1,1237,0,0
5312,11,Π/Π,формир отключ поставок сырья при длительной их неоплате,[5235] / [5311],0,5235,0,5311,,,0,0
5313,15,ключ,формир отключ поставок сырья при длительной их неоплате,(-1·[5312] + 1·[9400]) > 0 ? [1] : 0,,,0,1,-1;1,5312;9400,0,0
5316,14,clip Σ,формир отключ поставок сырья при длительной их неоплате,"clip(1·[1247], 0.0001, 1e+07)",0.0001,0,1e+07,0,1,1247,0,0
5317,11,Π/Π,формир отключ поставок сырья при длительной их неоплате,[5245] / [5316],0,5245,0,5316,,,0,0
5318,15,ключ,формир отключ поставок сырья при длительной их неоплате,(-1·[5317] + 1·[10400]) > 0 ? [1] : 0,,,0,1,-1;1,5317;10400,0,0
5321,14,clip Σ,формир отключ поставок сырья при длительной их неоплате,"clip(1·[1257], 0.0001, 1e+07)",0.0001,0,1e+07,0,1,1257,0,0
5322,11,Π/Π,формир отключ поставок сырья при длительной их неоплате,[5255] / [5321],0,5255,0,5321,,,0,0
5323,15,ключ,формир отключ поставок сырья при длительной их неоплате,(-1·[5322] + 1·[8400]) > 0 ? [1] : 0,,,0,1,-1;1,5322;8400,0,0
5326,14,clip Σ,формир отключ поставок сырья при длительной их неоплате,"clip(1·[1267], 0.0001, 1e+07)",0.0001,0,1e+07,0,1,1267,0,0
5327,11,Π/Π,формир отключ поставок сырья при длительной их неоплате,[5265] / [5326],0,5265,0,5326,,,0,0
5328,15,ключ,формир отключ поставок сырья при длительной их неоплате,(-1·[5327] + 1·[13400]) > 0 ? [1] : 0,,,0,1,-1;1,5327;13400,0,0
5331,14,clip Σ,формир отключ поставок сырья при длительной их неоплате,"clip(1·[1277], 0.0001, 1e+07)",0.0001,0,1e+07,0,1,1277,0,0
5332,11,Π/Π,формир отключ поставок сырья при длительной их неоплате,[5275] / [5331],0,5275,0,5331,,,0,0
5333,15,ключ,формир отключ поставок сырья при длительной их неоплате,(-1·[5332] + 1·[12400]) > 0 ? [1] : 0,,,0,1,-1;1,5332;12400,0,0
5362,14,clip Σ,подключение депозитов для погашения долгов поставщикам сырья,"clip(-1·1 + 1·[5410], 0, 100000)",0,0,100000,0,-1;1,const;5410,0,0
5363,2,уставка·Σ,предельная величина максим долга при котором прекращаются инвестиц расходы,5·(1·1),5,5363,,,1,const,0,1
5364,8,max,выбор максимального долга за сырье,"max([5215], [5225], [5235], [5245], [5255], [5265], [5275], [5285])",0;0;0;0;0;0;0;0,5215;5225;5235;5245;5255;5265;5275;5285,,,,,0,0
5365,15,ключ,выключение инвестиций при необходимости платить долги поставщикам сырья,(1·[5363] + -1·[5364]) > 0 ? [5065] : 0,,,0,5065,1;-1,5363;5364,0,0
5366,15,ключ,выключ инвестиций в оплату долгов поставщикам сырья,(-1·[5363] + 1·[5364]) > 0 ? [5065] : 0,,,0,5065,-1;1,5363;5364,0,0
5367,1,Σ,поток денег из депозита и инвестиций для погашения долга поставщикам сырья,1·[5366] + 1·[5086],,,,,1;1,5366;5086,0,0
5401,11,Π/Π,возврат долга за поставку сырья из прибыли,[5215]·[5117] / [5410],0;0,5215;5117,0,5410,,,0,0
5402,11,Π/Π,возврат долга за поставку сырья из прибыли,[5225]·[5117] / [5410],0;0,5225;5117,0,5410,,,0,0
5403,11,Π/Π,5озврат долга за поставку сырья из прибыли,[5235]·[5117] / [5410],0;0,5235;5117,0,5410,,,0,0
5404,11,Π/Π,возврат долга за поставку сырья из прибыли,[5245]·[5117] / [5410],0;0,5245;5117,0,5410,,,0,0
5405,11,Π/Π,возврат долга за поставку сырья из прибыли,[5255]·[5117] / [5410],0;0,5255;5117,0,5410,,,0,0
5406,11,Π/Π,возврат долга за поставку сырья из прибыли,[5265]·[5117] / [5410],0;0,5265;5117,0,5410,,,0,0
5407,11,Π/Π,возврат долга за поставку сырья из прибыли,[5275]·[5117] / [5410],0;0,5275;5117,0,5410,,,0,0
5408,11,Π/Π,возврат долга за поставку сырья из прибыли,[5117]·[5285] / [5410],0;0,5117;5285,0,5410,,,0,0
5410,14,clip Σ,сумма всех долгов за поставку сырья,"clip(1·[5215] + 1·[5225] + 1·[5235] + 1·[5245] + 1·[5255] + 1·[5265] + 1·[5275] + 1·[5285], 0.001, 1e+08)",0.001,0,1e+08,0,1;1;1;1;1;1;1;1,5215;5225;5235;5245;5255;5265;5275;5285,0,0
5411,11,Π/Π,возврат долга за поставку сырья из прибыли,[5421]·[5441] / [5420],0;0,5421;5441,0,5420,,,0,0
5412,11,Π/Π,возврат долга за поставку сырья из прибыли,[5422]·[5441] / [5420],0;0,5422;5441,0,5420,,,0,0
5413,11,Π/Π,возврат долга за поставку сырья из прибыли,[5423]·[5441] / [5420],0;0,5423;5441,0,5420,,,0,0
5414,11,Π/Π,возврат долга за поставку сырья из прибыли,[5424]·[5441] / [5420],0;0,5424;5441,0,5420,,,0,0
5415,11,Π/Π,возврат долга за поставку сырья из прибыли,[5425]·[5441] / [5420],0;0,5425;5441,0,5420,,,0,0
5416,11,Π/Π,возврат долга за поставку сырья из прибыли,[5426]·[5441] / [5420],0;0,5426;5441,0,5420,,,0,0
5417,11,Π/Π,возврат долга за поставку сырья из прибыли,[5427]·[5441] / [5420],0;0,5427;5441,0,5420,,,0,0
5418,11,Π/Π,возврат долга за поставку сырья из прибыли,[5428]·[5441] / [5420],0;0,5428;5441,0,5420,,,0,0
5420,14,clip Σ,сумма всех долгов за поставку сырья,"clip(1·[5421] + 1·[5422] + 1·[5423] + 1·[5424] + 1·[5425] + 1·[5426] + 1·[5427] + 1·[5428], 0.001, 1e+08)",0.001,0,1e+08,0,1;1;1;1;1;1;1;1,5421;5422;5423;5424;5425;5426;5427;5428,0,0
5421,14,clip Σ,потребность в оборотном кредите,"clip(1·[5215] + -1·[1299], 0, 1e+06)",0,0,1e+06,0,1;-1,5215;1299,0,0
5422,14,clip Σ,потребность в оборотном кредите,"clip(1·[5225] + -1·[7299], 0, 1e+06)",0,0,1e+06,0,1;-1,5225;7299,0,0
5423,14,clip Σ,потребность в оборотном кредите,"clip(1·[5235] + -1·[9299], 0, 1e+06)",0,0,1e+06,0,1;-1,5235;9299,0,0
5424,14,clip Σ,потребность в оборотном кредите,"clip(1·[5245] + -1·[10299], 0, 1e+06)",0,0,1e+06,0,1;-1,5245;10299,0,0
5425,14,clip Σ,потребность в оборотном кредите,"clip(1·[5255] + -1·[8299], 0, 1e+06)",0,0,1e+06,0,1;-1,5255;8299,0,0
5426,14,clip Σ,потребность в оборотном кредите,"clip(1·[5265] + -1·[13299], 0, 1e+06)",0,0,1e+06,0,1;-1,5265;13299,0,0
5427,14,clip Σ,потребность в оборотном кредите,"clip(1·[5275] + -1·[12299], 0, 1e+06)",0,0,1e+06,0,1;-1,5275;12299,0,0
5428,14,clip Σ,потребность в оборотном кредите,"clip(-1·[4299] + 1·[5285], 0, 1e+06)",0,0,1e+06,0,-1;1,4299;5285,0,0
5438,14,clip Σ,сигнал о прекращении поставок сырья в результате задолженности его оплаты,"clip(-8·[5285] + 10·[4299], 0, 1)",0,0,1,0,-8;10,5285;4299,0,0
5441,7,min,поток кредита из банка,"min([5452], [5445])",0;0,5452;5445,,,,,0,0
5442,5,∫ с пределами,текущий кредитный долг банку,"∫(1·[5441] + -1·[1097] + 1·[5443]) dt, x0=1, pa1=0, hi=1e+07",1;0,0;0,1e+07,0,1;-1;1,5441;1097;5443,0,0
5443,9,Π,поток процентов за выданный оборотный кредит,[5442]·[47],0;0,5442;47,,,,,0,0
5444,14,clip Σ,сигнал о возможности кредитования банком оборотных средств,"clip(-0.1·[5442] + 0.1·[5448], 0, 1)",0,0,1,0,-0.1;0.1,5442;5448,0,0
5445,9,Π,поток кредита оборотных средств выдаваемых банком,[5452]·[5444]·[5446],0;0;0,5452;5444;5446,,,,,0,0
5446,14,clip Σ,сигнал о том что норма прибыли больше ставки кредита,"clip(1·[5450], 0, 1)",0,0,1,0,1,5450,0,0
5447,1,Σ,формирование сигнала о возможности кредитования,1·1 + 1·[5450],,,,,1;1,const;5450,0,0
5448,9,Π,формиросание сигнала о возможности кредитования,[5449]·[5447],0;0,5449;5447,,,,,0,0
5449,2,уставка·Σ,коэф ликвидности основных фондов для возможности банковского кредитования,0.1·(0.1·[5063]),0.1,5449,,,0.1,5063,0,1
5450,2,уставка·Σ,учет превышения нормы проб над ставкой кредита для эффективности кредитования,5·(1·[5451]),5,0,,,1,5451,0,0
5451,11,Π/Π,превышение нормы прибыли стаки кркдита,[5058] / [47],0,5058,0,47,,,0,0
5452,9,Π,потребность в оборотном кредите,[5420]·[199],0;0,5420;199,,,,,0,0
5461,9,Π,сигнал о прекращении поставок сырья при неоплате ранее поставленного,[88]·[5303],0;0,88;5303,,,,,0,0
5462,9,Π,сигнал о прекращении поставок сырья при неоплате ранее поставленного,[88]·[5308],0;0,88;5308,,,,,0,0
5463,9,Π,сигнал о прекращении поставок сырья при неоплате ранее поставленного,[88]·[5313],0;0,88;5313,,,,,0,0
5464,9,Π,сигнал о прекращении поставок сырья при неоплате ранее поставленного,[88]·[5318],0;0,88;5318,,,,,0,0
5465,9,Π,сигнал о прекращении поставок сырья при неоплате ранее поставленного,[88]·[5323],0;0,88;5323,,,,,0,0
5466,9,Π,сигнал о прекращении поставок сырья при неоплате ранее поставленного,[88]·[5328],0;0,88;5328,,,,,0,0
5467,9,Π,сигнал о прекращении поставок сырья при неоплате ранее поставленного,[88]·[5333],0;0,88;5333,,,,,0,0
5468,9,Π,сигнал о прекращении поставок сырья при неоплате ранее поставленного,[5438]·[88],0;0,5438;88,,,,,0,0
5471,1,Σ,включ сигнала о небходимости прекращения поставок сырья при отсутств их оплаты,1·[5461] + 1·[189],,,,,1;1,5461;189,0,0
5472,1,Σ,включ сигнала о небходимости прекращения поставок сырья при отсутств их оплаты,1·[5462] + 1·[189],,,,,1;1,5462;189,0,0
5473,1,Σ,включ сигнала о небходимости прекращения поставок сырья при отсутств их оплаты,1·[5463] + 1·[189],,,,,1;1,5463;189,0,0
5474,1,Σ,включ сигнала о небходимости прекращения поставок сырья при отсутств их оплаты,1·[5464] + 1·[189],,,,,1;1,5464;189,0,0
5475,1,Σ,включ сигнала о небходимости прекращения поставок сырья при отсутств их оплаты,1·[5465] + 1·[189],,,,,1;1,5465;189,0,0
5476,1,Σ,включ сигнала о небходимости прекращения поставок сырья при отсутств их оплаты,1·[5466] + 1·[189],,,,,1;1,5466;189,0,0
5477,1,Σ,включ сигнала о небходимости прекращения поставок сырья при отсутств их оплаты,1·[5467] + 1·[189],,,,,1;1,5467;189,0,0
5478,1,Σ,включ сигнала о небходимости прекращения поставок сырья при отсутств их оплаты,1·[5468] + 1·[189],,,,,1;1,5468;189,0,0
5802,2,уставка·Σ,доход,1·(0.97·[5026]),1,5802,,,0.97,5026,0,1
5803,9,Π,сумма подоходн налога из соц группы,[5804]·[5811],0;0,5804;5811,,,,,0,0
5804,9,Π,масса подоходного налога,[5802]·[22],0;0,5802;22,,,,,0,0
5805,4,1/(Tp+1)·g,чистый доход,"clip(1·(1·[5802] + -1·[5806] + -1·[5804]), 0.1, 1)",1,0,1;0.1,0;0,1;-1;-1,5802;5806;5804,5.75767,0
5806,9,Π,другие платежи,[5802]·[21],0;0,5802;21,,,,,0,0
5807,9,Π,другие платежи,[5806]·[5811],0;0,5806;5811,,,,,0,0
5808,9,Π,спрос соц группы на услуги,[5874]·[5811],0;0,5874;5811,,,,,0,0
5809,9,Π,спрос на ТНП в социальной группе,[5860]·[5811],0;0,5860;5811,,,,,0,0
5810,9,Π,спрос на стоящ жилье в соц группе,[5844]·[5811],0;0,5844;5811,,,,,0,0
5811,2,уставка·Σ,количество человек в соц группе,1·(1·[5012]),1,5811,,,1,5012,0,1
5812,9,Π,формир фин возмож,[5828]·[5828],0;0,5828;5828,,,,,0,0
5814,10,Σ·[ref],формир финан возм,(2.3·[5812])·[5815],0,5815,,,2.3,5812,0,0
5815,5,∫ с пределами,денежные накопления,"∫(1·[5816] + -1·[5814] + -1·[5870]) dt, x0=1, pa1=0.001, hi=100000",1;0.001,0;0,100000,0,1;-1;-1,5816;5814;5870,1.21945,0
5816,11,Π/Π,формир денежн накоплений,[5838]·[5838]·[5805] / [5819]·[5819],0;0;0,5838;5838;5805,0;0,5819;5819,,,0,0
5817,11,Π/Π,формир соц напряженности,[5815] / [5818],0,5815,0,5818,,,0,0
5818,4,1/(Tp+1)·g,финансовые возможности,"clip(1·(1·[5805] + 1·[5814] + -1·[5816]), 0.1, 1)",1,0,1;0.1,0;0,1;1;-1,5805;5814;5816,5.75752,0
5819,1,Σ,формирование денежн накоплений,1·1 + 1·[5838],,,,,1;1,const;5838,0,0
5820,1,Σ,расходы на ТНП Услуги и Досуг,1·[5818] + -1·[5821],,,,,1;-1,5818;5821,0,0
5821,9,Π,расходы на ПП и Жилье,[5831]·[5818],0;0,5831;5818,,,,,0,0
5822,12,Π/Σ,расходы на ПП,[5828]·[5821] / (1·[5828] + 1·[5836]),0;0,5828;5821,,,1;1,5828;5836,0,0
5823,14,clip Σ,расходы на жилье,"clip(1·[5821] + -1·[5822] + -1·[70], 0.01, 1e+07)",0.01,0,1e+07,0,1;-1;-1,5821;5822;70,0,0
5824,2,уставка·Σ,масштабир цены ПП в соц гр,0.08·(1·[4197]),0.08,0,,,1,4197,0,0
5825,12,Π/Σ,формир доли на ПП,[5824] / (0.001·1 + 0.2·[5822]),0,5824,,,0.001;0.2,const;5822,0,0
5826,11,Π/Π,спрос соц группы на ПП,[5811]·[5822] / [5824],0;0,5811;5822,0,5824,,,0,0
5827,12,Π/Σ,формир доли на ПП,[5825] / (1·[5825] + 1·[5822]),0,5825,,,1;1,5825;5822,0,0
5828,4,1/(Tp+1)·g,формир доли на ПП,"clip(1·(1·[5827]), 0.1, 1)",1,0,1;0.1,0;0,1,5827,0.486227,0
5829,14,clip Σ,,"clip(1·1 + -4·[5832], 0, 1)",0,0,1,0,1;-4,const;5832,0,0
5830,11,Π/Π,спрос на ПП,[5822] / [5824],0,5822,0,5824,,,0,0
5831,14,clip Σ,формир доли на ПП и Жил,"clip(1·[5828] + 1·[5836], 0, 1)",0,0,1,0,1;1,5828;5836,0,0
5832,14,clip Σ,формир доли на Жил,"clip(-0.5·1 + 1·[5828], 0, 100)",0,0,100,0,-0.5;1,const;5828,0,0
5833,1,Σ,формир доли на Жил,1·1 + 1·[5832],,,,,1;1,const;5832,0,0
5834,23,?23,формир доли на Жил,?23(1·[5833]; 10),10,0,,,1,5833,0,0
5835,11,Π/Π,доля на жилье,[5857] / [5834],0,5857,0,5834,,,0,0
5836,12,Π/Σ,доля на Жил,[5835] / (1·1 + 5·[5835]),0,5835,,,1;5,const;5835,0,0
5837,14,clip Σ,всего расходов на ТНП и др,"clip(1·[5820] + -1·[5856], 0, 1000)",0,0,1000,0,1;-1,5820;5856,0,0
5838,1,Σ,уровень жизни,1·1 + -1·[5828],,,,,1;-1,const;5828,0,0
5839,12,Π/Σ,натуральный спрос на покупку жилья (удовлетворенный),[5844] / (0.01·1 + 1·[5842]),0,5844,,,0.01;1,const;5842,0,0
5840,2,уставка·Σ,коэф перевода года в мес,1·(1·[5823]),1,0,,,1,5823,0,0
5841,11,Π/Π,спрос на строит жилья,[5840]·[5840] / [5842]·[5842],0;0,5840;5840,0;0,5842;5842,,,0,0
5842,2,уставка·Σ,цена строящ жилья,1·(1·[3120]),1,0,,,1,3120,0,0
5843,12,Π/Σ,доля на покупку жилья,[5848]·[5849]·[5841]·[5829] / (0.1·1 + 1·[5841]),0;0;0;0,5848;5849;5841;5829,,,0.1;1,const;5841,0,0
5844,9,Π,расходы на покупку жилья,[5823]·[5843],0;0,5823;5843,,,,,0,0
5845,14,clip Σ,расходы на наем жилья,"clip(1·[5823] + -1·[5844], 0, 1e+07)",0,0,1e+07,0,1;-1,5823;5844,0,0
5846,12,Π/Σ,формиров доли расходов на покупку жилья,[5853] / (1·[5842] + 1·[5853]),0,5853,,,1;1,5842;5853,0,0
5847,12,Π/Σ,формир доли расходов на покупку жилья,[5853] / (20·[5892]),0,5853,,,20,5892,0,0
5848,4,1/(Tp+1)·g,формир доли расх на жилье,"clip(1·(1·[5846]), 0.1, 1)",1,0,1;0.1,0;0,1,5846,0.353724,0
5849,4,1/(Tp+1)·g,формир доли расх на жилье,"clip(1·(1·[5847]), 0.1, 1)",1,0,1;0.1,0;0,1,5847,1,0
5850,9,Π,спрос на досуг в соц группы,[5811]·[5866]·[5837],0;0;0,5811;5866;5837,,,,,0,0
5851,5,∫ с пределами,куплено всего жилья,"∫(1·[5839] + -0.01·[5854]) dt, x0=1, pa1=0, hi=10000",1;0,0;0,10000,0,1;-0.01,5839;5854,3.16307,0
5852,12,Π/Σ,всего нанято жилья,[5845] / (0.1·[5853]),0,5845,,,0.1,5853,0,0
5853,2,уставка·Σ,цена найма жилья,1·(1·[3]),1,0,,,1,3,0,0
5854,12,Π/Σ,коэф амортизац купленного жилья,[5851] / (1·1 + 1.5·[5874]),0,5851,,,1;1.5,const;5874,0,0
5855,4,1/(Tp+1)·g,всего имеется жилья,"clip(2·(2·[5852] + 1·[5851]), 0.01, 1)",2,0,1;0.01,0;0,2;1,5852;5851,19.3529,0
5856,9,Π,поток уплаты налога за купленное жилье,[5851]·[5892],0;0,5851;5892,,,,,0,0
5857,11,Π/Π,отношение нормы жилья к имеещемуся,[5893] / [5855],0,5893,0,5855,,,0,0
5858,12,Π/Σ,качество жизни,[5866]·[400] / (0.4·[5857] + 0.4·[5828]),0;0,5866;400,,,0.4;0.4,5857;5828,0,0
5859,2,уставка·Σ,масшт спроса на аренду жилья для весов ценн в расходах,0.1·(1·[5852]),0.1,0,,,1,5852,0,0
5860,11,Π/Π,поток покупок ТНП,[5864]·[5837] / [5873]·[5150],0;0,5864;5837,0;0,5873;5150,,,0,0
5861,5,∫ с пределами,накоплено купленных ТНП,"∫(1·[5860] + -1·[5862]) dt, x0=0.5, pa1=1, hi=10000",0.5;1,0;0,10000,0,1;-1,5860;5862,13.7163,0
5862,12,Π/Σ,амортизация ТНП,[5861] / (10·1 + 20·[5874]),0,5861,,,10;20,const;5874,0,0
5863,2,уставка·Σ,всего имущества (ТНП+Жил),0.03·(1·[5861] + 1·[5855]),0.03,0,,,1;1,5861;5855,0,0
5864,12,Π/Σ,треб ТНП,[5855] / (0.01·1 + 0.4·[5861]),0,5855,,,0.01;0.4,const;5861,0,0
5865,12,Π/Σ,треб услуг,[5863] / (1·1 + 1·[5863]),0,5863,,,1;1,const;5863,0,0
5866,11,Π/Π,формир спроса на досуг,[5875]·[5837] / [5873]·[4]·[4]·[4],0;0,5875;5837,0;0;0;0,5873;4;4;4,,,0,0
5867,9,Π,объем потребляемых благ в соц сфере для формиров натуральн потребности в эл-эн,[5873]·[5811],0;0,5873;5811,,,,,0,0
5868,1,Σ,всего расходы на личное жилье (его приобретение и налог при его содержании),1·[1856] + 1·[1844],,,,,1;1,1856;1844,0,0
5870,14,clip Σ,уровень денежн нак при котором нчинается активное приобрет жилья,"clip(-3.5·1 + 1·[5815], 0, 1e+08)",0,0,1e+08,0,-3.5;1,const;5815,0,0
5871,2,уставка·Σ,Цдосуга,1.25·(1·1),1.25,0,,,1,const,0,0
5873,4,1/(Tp+1)·g,сумма потребностей в усл+досуге+ТНП,"clip(1·(1·[5864] + 1·[5865] + 1·[5875]), 0.01, 1)",1,0,1;0.01,0;0,1;1;1,5864;5865;5875,5.13604,0
5874,11,Π/Π,спрос на услуги,[5865]·[5837] / [5]·[5873],0;0,5865;5837,0;0,5;5873,,,0,0
5875,12,Π/Σ,поток услуг освобождающий время на досуг,[5874]·[5888] / (0.1·1 + 1·[5874]),0;0,5874;5888,,,0.1;1,const;5874,0,0
5876,11,Π/Π,вес цены блага в расходах соц группы,[5866]·[4]·[4] / [5818],0;0;0,5866;4;4,0,5818,,,0,0
5877,11,Π/Π,вес цены блага в расходах соц группы,[5874]·[5]·[5] / [5818],0;0;0,5874;5;5,0,5818,,,0,0
5878,11,Π/Π,вес цены блага в расходах соц группы,[5860]·[5150]·[5150] / [5818],0;0;0,5860;5150;5150,0,5818,,,0,0
5879,11,Π/Π,вес цены блага в расходах соц группы,[5859]·[3]·[3] / [5818],0;0;0,5859;3;3,0,5818,,,0,0
5880,11,Π/Π,вес цены блага в расходах соц группы,[5841]·[5842]·[5842] / [5818],0;0;0,5841;5842;5842,0,5818,,,0,0
5881,11,Π/Π,вес цены блага в расходах соц группы,[5826]·[5824]·[5824] / [5818]·[5811],0;0;0,5826;5824;5824,0;0,5818;5811,,,0,0
5885,12,Π/Σ,индекс социальной напряженности,[5887]·[5886] / (1·1 + 0.5·[5887]),0;0,5887;5886,,,1;0.5,const;5887,0,0
5886,1,Σ,формир потребн в досуге от соц напряж,1·1 + 1·[5005],,,,,1;1,const;5005,0,0
5887,12,Π/Σ,треб досуга,[1] / (15·[5858] + 1·[5817]),0,1,,,15;1,5858;5817,0,0
5888,4,1/(Tp+1)·g,треб досуга,"clip(1·(1·[5863] + 1·[5815]), 0.1, 1)",1,0,1;0.1,0;0,1;1,5863;5815,2.21155,0
5889,9,Π,накоплено денег в соц группе для возможной покупки дол,[5870]·[5811],0;0,5870;5811,,,,,0,0
5890,9,Π,уровень денежн накоплений насел при котором начинают покупать дол,[5815],0,5815,,,,,0,0
5891,1,Σ,сумма абсол знач весов цен благ соц гр,1·[5876] + 1·[5877] + 1·[5878] + 1·[5879] + 1·[5880] + 1·[5881],,,,,1;1;1;1;1;1,5876;5877;5878;5879;5880;5881,0,0
5892,2,уставка·Σ,ставка налога на жилье,1·(1·[7]),1,0,,,1,7,0,0
5893,2,уставка·Σ,норма жилья,10·(1·1),10,5893,,,1,const,0,1
5894,11,Π/Π,относит вес цены на ПП,[5881] / [5891],0,5881,0,5891,,,0,0
5895,11,Π/Π,относительный вес цены куплен жилья,[5880] / [5891],0,5880,0,5891,,,0,0
5896,11,Π/Π,относительный вес цены досуга,[5876] / [5891],0,5876,0,5891,,,0,0
5897,11,Π/Π,относительный вес цены услуг,[5877] / [5891],0,5877,0,5891,,,0,0
5898,11,Π/Π,относительный вес цены ТНП,[5878] / [5891],0,5878,0,5891,,,0,0
5899,11,Π/Π,относительный вес цены аренд жилья,[5879] / [5891],0,5879,0,5891,,,0,0
6001,14,clip Σ,реальн произв продукции,"clip(1·[6011], 0.2, 1.11111e+06)",0.2,0,1.11111e+06,0,1,6011,0,0
6002,4,1/(Tp+1)·g,потенц произв продукции,"clip(1·(1·[6011]), 0.1, 1)",1,0,1;0.1,0;0,1,6011,0.992065,0
6003,7,min,огранич в произв продукции,"min([6213], [6223], [6233], [6243], [6253], [6263], [6263], [6203])",0;0;0;0;0;0;0;0,6213;6223;6233;6243;6253;6263;6263;6203,,,,,0,0
6004,14,clip Σ,производство продукции,"clip(1·[6017], 0.001, 10000)",0.001,0,10000,0,1,6017,0,0
6005,12,Π/Σ,степень безработицы в секторе,[232]·[6030] / (0.0001·1 + 1·[6009]),0;0,232;6030,,,0.0001;1,const;6009,0,0
6006,9,Π,МЗ от импорта,[6206]·[501],0;0,6206;501,,,,,0,0
6007,7,min,всего реализовано продукции,"min([6001], [6004])",0;0,6001;6004,,,,,0,0
6008,4,1/(Tp+1)·g,материальные затраты,"clip(1·(1.6827·[6018]), 0.02, 1)",1,0,1;0.02,0;0,1.6827,6018,362.765,0
6009,10,Σ·[ref],требуется труда с учетом сменности и потребн в продукции,(0.1·[6093])·[6025],0,6025,,,0.1,6093,0,0
6010,12,Π/Σ,цена рыночная,[6116] / (0.2·1 + 0.8·[6004]),0,6116,,,0.2;0.8,const;6004,0,0
6011,10,Σ·[ref],потенциальное производство продукции,(0.1·[6080])·[6029],0,6029,,,0.1,6080,0,0
6012,2,уставка·Σ,подано труда,13·(1·1),13,6012,,,1,const,0,1
6013,11,Π/Π,расходы сект на Фп,[6365]·[6066] / [6072],0;0,6365;6066,0,6072,,,0,0
6014,11,Π/Π,расходы сект на Фа,[6365]·[6068] / [6072],0;0,6365;6068,0,6072,,,0,0
6015,11,Π/Π,количество прибыли для импортного оборудования,[6365]·[6075] / [6072],0;0,6365;6075,0,6072,,,0,0
6016,2,уставка·Σ,общее предложение труда в секторе производства,2·(1·[6012] + 1·[235]),2,0,,,1;1,6012;235,0,0
6017,4,1/(Tp+1)·g,,"clip(1·(1·[6011]), 0.02, 1)",1,0,1;0.02,0;0,1,6011,1,0
6018,1,Σ,сумма номинальных материальных затрат,1·[6006] + 1·[6217] + 1·[6227] + 1·[6237] + 1·[6247] + 1·[6257] + 1·[6267] + 1·[6277],,,,,1;1;1;1;1;1;1;1,6006;6217;6227;6237;6247;6257;6267;6277,0,0
6019,9,Π,цена ВПК,[6037]·[6105],0;0,6037;6105,,,,,0,0
6020,2,уставка·Σ,ставка зарплаты,1·(1·1),1,6020,,,1,const,0,1
6021,1,Σ,условно средняя цена поставляемых новых фондов для их развития,0.5·[2039] + 0.5·[3039],,,,,0.5;0.5,2039;3039,0,0
6025,5,∫ с пределами,К сменности,"∫(1·[6076] + -1·[6004]) dt, x0=1, pa1=0.5, hi=2.5",1;0.5,0;0,2.5,0,1;-1,6076;6004,0.99144,0
6026,13,Σ/Π,доход на одного в соц группе ВПК,(1·[6052] + 1·[6032]) / [6029],,,0,6029,1;1,6052;6032,0,0
6027,2,уставка·Σ,,0.7378·(1·[366] + 1·[6167]),0.7378,0,,,1;1,366;6167,0,0
6029,7,min,используется труда,"min([6016], [6009])",0;0,6016;6009,,,,,0,0
6030,14,clip Σ,безработица,"clip(0.8·[6012] + -1·[6029], 0, 100000)",0,0,100000,0,0.8;-1,6012;6029,0,0
6031,10,Σ·[ref],индексация зарплаты,(12·1)·[6020],0,6020,,,12,const,0,0
6032,9,Π,поток зарплаты,[6029]·[6031],0;0,6029;6031,,,,,0,0
6033,1,Σ,общие затраты,1·[6008] + 1·[6051] + 1·[6032],,,,,1;1;1,6008;6051;6032,0,0
6034,1,Σ,все затраты,1·[6033] + 1·[6055],,,,,1;1,6033;6055,0,0
6035,13,Σ/Π,себестоимость,(1·[6034]) / [6004],,,0,6004,1,6034,0,0
6036,9,Π,формирование цены,[6112]·[6113]·[6035],0;0;0,6112;6113;6035,,,,,0,0
6037,4,1/(Tp+1)·g,цена без НДС,"clip(0.6913·(1·[6038] + 1·[6036]), 0.02, 1)",0.6913,0,1;0.02,0;0,1;1,6038;6036,747.791,0
6038,9,Π,формирование рыночной цены (с учетом ее доли в общей цене),[6035]·[6112]·[6114],0;0;0,6035;6112;6114,,,,,0,0
6039,4,1/(Tp+1)·g,цена с НДС,"clip(1·(1·[6019]), 0.02, 1)",1,0,1;0.02,0;0,1,6019,843.32,0
6040,9,Π,выручка без НДС,[6037]·[6007],0;0,6037;6007,,,,,0,0
6041,4,1/(Tp+1)·g,сумма выручек внутренней и экспортной,"clip(1·(1·[6027]), 0.02, 1)",1,0,1;0.02,0;0,1,6027,1069.14,0
6042,2,уставка·Σ,сумма выручек внутренней и экспортной,1·(0.5·[6041] + 0.5·[6027]),1,0,,,0.5;0.5,6041;6027,0,0
6043,14,clip Σ,добавленная стоимость,"clip(1·[6042] + -1·[6008], 0, 10000)",0,0,10000,0,1;-1,6042;6008,0,0
6044,14,clip Σ,балансовая прибыль,"clip(1·[6043] + -1·[6050] + -1·[6047] + -1·[6097] + -1·[6054] + -1·[6032] + -1·[6048] + -1·[6073] + -1·[6137], 0, 10000)",0,0,10000,0,1;-1;-1;-1;-1;-1;-1;-1;-1,6043;6050;6047;6097;6054;6032;6048;6073;6137,0,0
6045,1,Σ,чистая прибыль,1·[6044] + -1·[6049],,,,,1;-1,6044;6049,0,0
6046,2,уставка·Σ,стоимость вводимых основных фондов,0.29·(1·[6078] + 1·[6079] + 1·[6200]),0.29,0,,,1;1;1,6078;6079;6200,0,0
6047,9,Π,поток НДС,[6043]·[24],0;0,6043;24,,,,,0,0
6048,9,Π,поток налога с выручки,[6042]·[23],0;0,6042;23,,,,,0,0
6049,9,Π,поток налога на прибыль,[25]·[6044],0;0,25;6044,,,,,0,0
6050,9,Π,поток налога на фонды,[6063]·[26],0;0,6063;26,,,,,0,0
6051,9,Π,амортизация в себестоимости,[6063]·[6064],0;0,6063;6064,,,,,0,0
6052,12,Π/Σ,доля прибыли в потребление,[6074]·[6045] / (5·1 + 1·[6074]),0;0,6074;6045,,,5;1,const;6074,0,0
6053,4,1/(Tp+1)·g,ФОТ,"clip(1·(1·[6052] + 1·[6032]), 0.1, 1)",1,0,1;0.1,0;0,1;1,6052;6032,228.724,0
6054,9,Π,налог на ФОТ,[6053]·[28],0;0,6053;28,,,,,0,0
6055,1,Σ,сумма налогов,1·[6054] + 1·[6050] + 1·[6048],,,,,1;1;1,6054;6050;6048,0,0
6056,4,1/(Tp+1)·g,инвестируемая прибыль,"clip(1·(1·[6045] + -1·[6052]), 0.01, 1)",1,0,1;0.01,0;0,1;-1,6045;6052,48.0964,0
6057,12,Π/Σ,норма прибыли,[6045] / (0.001·1 + 1·[6049] + 1·[6034]),0,6045,,,0.001;1;1,const;6049;6034,0,0
6058,4,1/(Tp+1)·g,степень финансовых возможностей,"clip(1·(1·[6057]), 0.1, 1)",1,0,1;0.1,0;0,1,6057,0.164088,0
6059,14,clip Σ,индекс финансовых возможностей,"clip(20·[6058], 0, 1)",0,0,1,0,20,6058,0,0
6060,14,clip Σ,степень недостаточности финансов,"clip(1·1 + -1·[6059], 0, 1)",0,0,1,0,1;-1,const;6059,0,0
6061,14,clip Σ,норма выплаты амортизации,"clip(1·[6056], 0, 1)",0,0,1,0,1,6056,0,0
6062,9,Π,реальный поток амортизации,[6061]·[6063]·[6064],0;0;0,6061;6063;6064,,,,,0,0
6063,5,∫ с пределами,стоимость производственных фондов,"∫(1·[6046] + -1·[6073]) dt, x0=0.1, pa1=0, hi=10000",0.1;0,0;0,10000,0,1;-1,6046;6073,1199.94,0
6064,2,уставка·Σ,коэффициент амортизации,20·(0.01·1),20,6064,,,0.01,const,0,1
6065,2,уставка·Σ,всего инвестиций,2.15·(1·[6056] + 1·[6086] + 1·[6073]),2.15,0,,,1;1;1,6056;6086;6073,0,0
6066,2,уставка·Σ,доля строит в инвестициях,1·(1·1),1,6066,,,1,const,0,1
6067,11,Π/Π,расходы прибыли в строит,[6365]·[6066] / [6072]·[3039],0;0,6365;6066,0;0,6072;3039,,,0,0
6068,2,уставка·Σ,доля машиностроен в инвестиц,2.5·(1·1),2.5,6068,,,1,const,0,1
6069,11,Π/Π,расходы прибыли в машин,[6068]·[6365] / [2039]·[6072],0;0,6068;6365,0;0,2039;6072,,,0,0
6070,2,уставка·Σ,доля НИОКР в инвестиц,0.5·(1·1),0.5,6070,,,1,const,0,1
6071,2,уставка·Σ,доля депозита в инвестиц,0.5·(1·1),0.5,6071,,,1,const,0,1
6072,1,Σ,сумма долей распределения прибыли,1·[6066] + 1·[6068] + 1·[6070] + 1·[6071] + 1·[6075],,,,,1;1;1;1;1,6066;6068;6070;6071;6075,0,0
6073,7,min,реальные амортизационные выплаты,"min([6062], [6056])",0;0,6062;6056,,,,,0,0
6074,14,clip Σ,формирование доли прибыли в потребление,"clip(-5·1 + 100·[6058], 0.2, 100)",0.2,0,100,0,-5;100,const;6058,0,0
6075,2,уставка·Σ,доля прибыли для импорта Фа,0.5·(1·1),0.5,6075,,,1,const,0,1
6076,9,Π,,[6003]·[6116],0;0,6003;6116,,,,,0,0
6077,12,Π/Σ,отношение суммы налогов к добавленной стоимости,[6055] / (0.001·1 + 1·[6043]),0,6055,,,0.001;1,const;6043,0,0
6078,9,Π,стоимость вводимых  Фа,[2039]·[2126],0;0,2039;2126,,,,,0,0
6079,9,Π,стоимость вводимых  Фп,[3039]·[3126],0;0,3039;3126,,,,,0,0
6080,5,∫ с пределами,производительность труда,"∫(1·[6108] + 0·[6080]) dt, x0=1, pa1=0.2, hi=100000",1;0.2,0;0,100000,0,1;0,6108;6080,1.00056,0
6081,11,Π/Π,расходы прибыли в НИОКР,[6365]·[6070] / [6072],0;0,6365;6070,0,6072,,,0,0
6082,11,Π/Π,расходы прибыли в депозиты,[6365]·[6071] / [6072],0;0,6365;6071,0,6072,,,0,0
6083,3,∫,накопленный депозит,"∫(1·[6082] + 1·[6085] + -1·[6086]) dt, x0=0.001",0.001,0,,,1;1;-1,6082;6085;6086,12.8552,0
6084,14,clip Σ,степень возможностей депозита,"clip(100·[6083], 0, 1)",0,0,1,0,100,6083,0,0
6085,9,Π,самовозрастание депозита,[6083]·[230],0;0,6083;230,,,,,0,0
6086,9,Π,поток инвестиций из депозита,[6362]·[6084],0;0,6362;6084,,,,,0,0
6088,2,уставка·Σ,формир потока амортизац Фа,1.3158·(100·[2126] + 1·[824]),1.3158,0,,,100;1,2126;824,0,0
6089,5,∫ с пределами,количество Фа,"∫(1·[6088] + -1·[6090]) dt, x0=0.01, pa1=0.01, hi=10000",0.01;0.01,0;0,10000,0,1;-1,6088;6090,100.006,0
6090,9,Π,реальная амортизация Фа,[6064]·[6004]·[6089],0;0;0,6064;6004;6089,,,,,0,0
6091,9,Π,поток амортизации Фп,[6064]·[6092],0;0,6064;6092,,,,,0,0
6092,5,∫ с пределами,количество Фп,"∫(303.03·[3126] + -1·[6091]) dt, x0=0.01, pa1=0.01, hi=10000",0.01;0.01,0;0,10000,0,303.03;-1,3126;6091,100.006,0
6093,12,Π/Σ,количество рабочих мест,[6092]·[6089] / (0.5·[6092] + 0.5·[6089]),0;0,6092;6089,,,0.5;0.5,6092;6089,0,0
6094,4,1/(Tp+1)·g,продукция для реализации,"clip(1·(1·[6007]), 0.1, 1)",1,0,1;0.1,0;0,1,6007,0.992051,0
6095,4,1/(Tp+1)·g,формиров возврата кредитов,"clip(1·(1·[6044]), 0.1, 1)",1,0,1;0.1,0;0,1,6044,225.485,0
6096,7,min,формиров возврата кредитов,"min([6095], [6442])",0;0,6095;6442,,,,,0,0
6097,2,уставка·Σ,темп возврата кредитов,0·(1·[6096]),0,6097,,,1,6096,0,1
6099,2,уставка·Σ,1,1·(1·1),1,6099,,,1,const,0,1
6100,10,Σ·[ref],сумма инвестиционных средств для изменения производительности фондов,(0.03445·[6081] + 0.03445·[824])·[880],0,880,,,0.03445;0.03445,6081;824,0,0
6101,1,Σ,алгоритм НДС,1·1 + -1·[24],,,,,1;-1,const;24,0,0
6102,11,Π/Π,алгоритм НДС,[6104]·[24] / [6101]·[6103],0;0,6104;24,0;0,6101;6103,,,0,0
6103,14,clip Σ,формирование НДС,"clip(1·[6040], 0.01, 10000)",0.01,0,10000,0,1,6040,0,0
6104,14,clip Σ,алгоритм НДС,"clip(1·[6040] + -1·[6008], 0, 10000)",0,0,10000,0,1;-1,6040;6008,0,0
6105,1,Σ,алгоритм НДС,1·1 + 1·[6102],,,,,1;1,const;6102,0,0
6106,1,Σ,+/- потока основных активных фондов,1·[2126] + -0.00325·[6090],,,,,1;-0.00325,2126;6090,0,0
6107,1,Σ,+/- потока основных пассивных фондов,1·[3126] + -0.003·[6091],,,,,1;-0.003,3126;6091,0,0
6108,14,clip Σ,,"clip(1·[6100] + -1·[6080], 0, 1e+06)",0,0,1e+06,0,1;-1,6100;6080,0,0
6112,2,уставка·Σ,норматив прибыли монополиста,1.2·(1·1),1.2,6112,,,1,const,0,1
6113,2,уставка·Σ,степень монополизма,1·(1·1),1,6113,,,1,const,0,1
6114,10,Σ·[ref],монопольная цена с ее долей,(1·1 + -1·[6113])·[6010],0,6010,,,1;-1,const;6113,0,0
6116,4,1/(Tp+1)·g,7умма спросов,"clip(1·(0.4798·[6119]), 0.02, 1)",1,0,1;0.02,0;0,0.4798,6119,0.992049,0
6117,1,Σ,суммарный поток денег возврата долгов поставщикам сырья,1·[6137] + 1·[6367],,,,,1;1,6137;6367,0,0
6119,4,1/(Tp+1)·g,сумма спросов,"clip(1·(1·[6154] + 1·[266]), 0.02, 1)",1,0,1;0.02,0;0,1;1,6154;266,2.06763,0
6121,11,Π/Π,доля продукции ВПК в сырье,[6094] / [6001],0,6094,0,6001,,,0,0
6122,11,Π/Π,доля продукции ВПК в машин,[6094] / [6001],0,6094,0,6001,,,0,0
6123,11,Π/Π,доля продукции ВПК  в строит,[6094] / [6001],0,6094,0,6001,,,0,0
6124,11,Π/Π,доля продукции ВПК в с-х,[6094] / [6001],0,6094,0,6001,,,0,0
6125,11,Π/Π,доля продукции ВПК в ТНП,[6094] / [6001],0,6094,0,6001,,,0,0
6126,11,Π/Π,доля продукции ВПК в ВПК,[6094] / [6001],0,6094,0,6001,,,0,0
6127,11,Π/Π,доля продукции ВПК в уголь,[6094] / [6001],0,6094,0,6001,,,0,0
6128,11,Π/Π,доля продукции ВПК в нефть,[6094] / [6001],0,6094,0,6001,,,0,0
6129,11,Π/Π,доля продукции ВПК в газпром,[6094] / [6001],0,6094,0,6001,,,0,0
6130,11,Π/Π,доля продукции ВПК в эл-энерг,[6094] / [6001],0,6094,0,6001,,,0,0
6131,11,Π/Π,доля продукции ВПК в пищев пром,[6094] / [6001],0,6094,0,6001,,,0,0
6132,11,Π/Π,доля продукции ВПК в транспорт,[6094] / [6001],0,6094,0,6001,,,0,0
6133,11,Π/Π,доля ВПК в проч,[6094] / [6001],0,6094,0,6001,,,0,0
6134,11,Π/Π,доля ВПК на экспорт,[6094] / [6001],0,6094,0,6001,,,0,0
6135,11,Π/Π,доля ВПК в бюджет,[6094] / [6001],0,6094,0,6001,,,0,0
6136,11,Π/Π,доля ВПК в торг,[6094] / [6001],0,6094,0,6001,,,0,0
6137,9,Π,поток возврата долгов проставщикам,[6138]·[99],0;0,6138;99,,,,,0,0
6138,2,уставка·Σ,коэф уменьшения возврата долгов поставщикам сырья,0·(1·[6139]),0,6138,,,1,6139,0,1
6139,7,min,требуемый поток возврата долгов поставщикам сырья,"min([6095], [6410])",0;0,6095;6410,,,,,0,0
6154,4,1/(Tp+1)·g,экспорт из ВПК,"clip(1·(1·[6161]), 0.1, 1)",1,0,1;0.1,0;0,1,6161,0.4,0
6160,2,уставка·Σ,экспортная цена в дол,1·(65·1),1,6160,,,65,const,0,1
6161,7,min,заявка на экспорт в секторе сырья,"min([6171], [6163], [6162])",0;0;0,6171;6163;6162,,,,,0,0
6162,15,ключ,ограничение экспортаот низкой цены экспорта,(-1·1 + 1·[6164]) > 0 ? [1] : 0,,,0,1,-1;1,const;6164,0,0
6163,2,уставка·Σ,квота экспорта на сырье,50·(0.01·1),50,6163,,,0.01,const,0,1
6164,11,Π/Π,доля экспорта сырья,[6165] / [6039]·[6166],0,6165,0;0,6039;6166,,,0,0
6165,9,Π,цена экспорта сырья в рубл,[6160]·[501],0;0,6160;501,,,,,0,0
6166,1,Σ,таможенный тариф на ВПК,1·1 + 1·[324],,,,,1;1,const;324,0,0
6167,10,Σ·[ref],экспортная выручка в рублевом выражении,(1.333·[6170])·[501],0,501,,,1.333,6170,0,0
6168,9,Π,объем уплаты тарифа,[6169]·[324],0;0,6169;324,,,,,0,0
6169,9,Π,экспортная выручка в долл,[6160]·[6134],0;0,6160;6134,,,,,0,0
6170,10,Σ·[ref],предлож долл от экспортной выручки на бирже,(1.25·[6176])·[530],0,530,,,1.25,6176,0,0
6171,2,уставка·Σ,,40·(0.01·1),40,6171,,,0.01,const,0,1
6173,1,Σ,остаток экспортн выр в дол после продажи необх доли выручки на бирже,1.25·[6176] + -1·[6170],,,,,1.25;-1,6176;6170,0,0
6174,5,∫ с пределами,дол накопления в секторе,"∫(1·[6173] + -1·[6199]) dt, x0=1, pa1=0, hi=1e+06",1;0,0;0,1e+06,0,1;-1,6173;6199,3486.71,0
6175,9,Π,дол из чистой прибыли на закупку Фа,[6015]·[527],0;0,6015;527,,,,,0,0
6176,1,Σ,экспортн выр после уплаты таможенных сборов,1·[6169] + -1·[6168],,,,,1;-1,6169;6168,0,0
6179,4,1/(Tp+1)·g,,"clip(1·(1·[6187]), 5, 1)",1,0,1;5,0;0,1,6187,0.499926,0
6180,5,∫ с пределами,имеется вооружений в ВС,"∫(0.12516·[6183] + -0.1·[6180]) dt, x0=0.2, pa1=0, hi=1000",0.2;0,0;0,1000,0,0.12516;-0.1,6183;6180,0.999608,0
6181,2,уставка·Σ,доля бюджета ВПК в НИОКР,20·(0.01·[66]),20,6181,,,0.01,66,0,1
6182,1,Σ,доля бюдж ВПК в промышленность,1·[66] + -1·[6181],,,,,1;-1,66;6181,0,0
6183,12,Π/Σ,количество произведенных вооружений,[6182]·[6004] / (0.001·1 + 1·[66]),0;0,6182;6004,,,0.001;1,const;66,0,0
6184,9,Π,агрегированное качество вооружений,[6181]·[1000],0;0,6181;1000,,,,,0,0
6185,17,1/(Tp+1),лаг разработки вооружений,"1/(Tp+1)(1·[6184]), T=0.337, x0=1",1,0,0.337,0,1,6184,0,0
6186,4,1/(Tp+1)·g,окончание разработки вооружений,"clip(1·(0.9·1 + 0.2967·[6185]), 2, 1)",1,0,1;2,0;0,0.9;0.2967,const;6185,0.999337,0
6187,2,уставка·Σ,доля индекса человекоемкости в качестве вооружкний,50·(0.01·[6186]),50,6187,,,0.01,6186,0,1
6188,1,Σ,индекс боеспособности вооружения,1·[6186] + -1·[6179],,,,,1;-1,6186;6179,0,0
6189,10,Σ·[ref],качество всех вооружений в ВС,(2·[6188])·[6180],0,6180,,,2,6188,0,0
6190,9,Π,военный потенциал,[6189]·[6191],0;0,6189;6191,,,,,0,0
6191,7,min,задействовано персонала,"min([6192], [6193])",0;0,6192;6193,,,,,0,0
6192,10,Σ·[ref],потребность в персонале ВС,(0.3·1 + 1.4·[6179])·[6180],0,6180,,,0.3;1.4,const;6179,0,0
6193,1,Σ,имеется персонала,1·[6196] + 1·[6194],,,,,1;1,6196;6194,0,0
6194,2,уставка·Σ,,1·(0.6584·[17676]),1,0,,,0.6584,17676,0,0
6196,2,уставка·Σ,норматив количества офицеров в ВС от общего количества военных,0.015·(1·[15211]),0.015,6196,,,1,15211,0,1
6197,9,Π,расх на импортн Фа  в рублевом выражении,[6199]·[501],0;0,6199;501,,,,,0,0
6198,2,уставка·Σ,степень интенс расхода накопления инвалюты для импорта Фа,0.4·(1·[6174]),0.4,6198,,,1,6174,0,1
6199,15,ключ,вкл инвал накоплений для импорта Фа,(1·[6075] + -10·[6015]) > 0 ? [6198] : 0,,,0,6198,1;-10,6075;6015,0,0
6200,1,Σ,суммарные рубли за куплен импортн Фа,1·[6175] + 1·[6197],,,,,1;1,6175;6197,0,0
6201,2,уставка·Σ,К импорта в сектор,0·(0.01·1),0,6201,,,0.01,const,0,1
6202,9,Π,спрос сектора на валюту для импорта сырья,[6007]·[6201]·[406]·[466],0;0;0;0,6007;6201;406;466,,,,,0,0
6203,14,clip Σ,степень наличия исходн импортного сырья для производства,"clip(10·[6204], 0, 1)",0,0,1,0,10,6204,0,0
6204,5,∫ с пределами,накоплено импортного сырья в секторе,"∫(1·[6209] + -1·[6210]) dt, x0=1, pa1=0.01, hi=1e+07",1;0.01,0;0,1e+07,0,1;-1,6209;6210,2,0
6205,9,Π,заявка на дол для сырья с учетом фин возможностей,[6202]·[6059],0;0,6202;6059,,,,,0,0
6206,7,min,реадьно полученные дол для импорта сырья,"min([6207], [6202])",0;0,6207;6202,,,,,0,0
6207,9,Π,степень удовлетворения в дол для закупки сырья,[527]·[6205],0;0,527;6205,,,,,0,0
6208,9,Π,поток тарифа в бюджет за импорт сырья,[6206]·[446],0;0,6206;446,,,,,0,0
6209,13,Σ/Π,поток закупленного импортного сырья,(1·[6206] + -1·[6208]) / [406],,,0,406,1;-1,6206;6208,0,0
6210,9,Π,поток расхода импортного сырья,[6201]·[6007],0;0,6201;6007,,,,,0,0
6211,2,уставка·Σ,К сырья в сектор,0.05·(1·1),0.05,6211,,,1,const,0,1
6212,11,Π/Π,спрос сектора на исходный продукт,[6011]·[6211]·[6471] / [6219]·[6219]·[6219],0;0;0,6011;6211;6471,0;0;0,6219;6219;6219,,,0,0
6213,14,clip Σ,степень наличия исходн продуктов для производства,"clip(5·[6214], 0, 1)",0,0,1,0,5,6214,0,0
6214,11,Π/Π,степень наличия исходных продуктов,[6219] / [6004],0,6219,0,6004,,,0,0
6215,5,∫ с пределами,сумма долга поставщику исх прод,"∫(1·[6218] + -1·[6401] + -1·[6411]) dt, x0=1, pa1=0, hi=1e+07",1;0,0;0,1e+07,0,1;-1;-1,6218;6401;6411,0,0
6216,1,Σ,реалбные текущие мат затраты на оплату конкретн исх прод,1·[6217] + -1·[6218],,,,,1;-1,6217;6218,0,0
6217,9,Π,требуемые текущие мат затраты по конкретн поставке,[6292]·[1039],0;0,6292;1039,,,,,0,0
6218,9,Π,степень недостаточности финансовых средств,[6217]·[6060],0;0,6217;6060,,,,,0,0
6219,5,∫ с пределами,склад исходной продукции,"∫(-1·[6220] + 1·[6292]) dt, x0=50, pa1=0.001, hi=1e+06",50;0.001,0;0,1e+06,0,-1;1,6220;6292,1.00001,0
6220,9,Π,поток расходов исходного продукта,[6211]·[6007],0;0,6211;6007,,,,,0,0
6221,2,уставка·Σ,К угля в сектор,0.02·(1·1),0.02,6221,,,1,const,0,1
6222,11,Π/Π,спрос сектора на исходный продукт,[6011]·[6221]·[6472] / [6229]·[6229]·[6229],0;0;0,6011;6221;6472,0;0;0,6229;6229;6229,,,0,0
6223,14,clip Σ,степень наличия исходн продуктов для производства,"clip(5·[6224], 0, 1)",0,0,1,0,5,6224,0,0
6224,11,Π/Π,степень наличия исходных продуктов,[6229] / [6004],0,6229,0,6004,,,0,0
6225,5,∫ с пределами,сумма долга поставщику исх прод,"∫(1·[6228] + -1·[6402] + -1·[6412]) dt, x0=1, pa1=0, hi=1e+07",1;0,0;0,1e+07,0,1;-1;-1,6228;6402;6412,0,0
6226,1,Σ,реалбные текущие мат затраты на оплату конкретн исх прод,1·[6227] + -1·[6228],,,,,1;-1,6227;6228,0,0
6227,9,Π,требуемые текущие мат затраты по конкретн поставке,[6293]·[7039],0;0,6293;7039,,,,,0,0
6228,9,Π,степень недостаточности финансовых средств,[6227]·[6060],0;0,6227;6060,,,,,0,0
6229,5,∫ с пределами,склад исходной продукции,"∫(-1·[6230] + 1·[6293]) dt, x0=50, pa1=0.001, hi=1e+06",50;0.001,0;0,1e+06,0,-1;1,6230;6293,0.999998,0
6230,9,Π,поток расходов исходного продукта,[6221]·[6007],0;0,6221;6007,,,,,0,0
6231,2,уставка·Σ,К газа в сектор,0.02·(1·1),0.02,6231,,,1,const,0,1
6232,12,Π/Σ,спрос сектора на исходный продукт,[6011]·[6231]·[6473] / (0.001·1 + 1·[6234]),0;0;0,6011;6231;6473,,,0.001;1,const;6234,0,0
6233,14,clip Σ,степень наличия исходн продуктов для производства,"clip(5·[6234], 0, 1)",0,0,1,0,5,6234,0,0
6234,4,1/(Tp+1)·g,степень наличия исходных продуктов,"clip(1·(1·[6239]), 0.1, 1)",1,0,1;0.1,0;0,1,6239,0.999504,0
6235,5,∫ с пределами,сумма долга поставщику исх прод,"∫(1·[6238] + -1·[6403] + -1·[6413]) dt, x0=1, pa1=0, hi=1e+07",1;0,0;0,1e+07,0,1;-1;-1,6238;6403;6413,0,0
6236,1,Σ,реалбные текущие мат затраты на оплату конкретн исх прод,1·[6237] + -1·[6238],,,,,1;-1,6237;6238,0,0
6237,9,Π,требуемые текущие мат затраты по конкретн поставке,[6294]·[9039],0;0,6294;9039,,,,,0,0
6238,9,Π,степень недостаточности финансовых средств,[6237]·[6060],0;0,6237;6060,,,,,0,0
6239,12,Π/Σ,склад исходной продукции,[6294] / (1e-07·1 + 1·[6240]),0,6294,,,1e-07;1,const;6240,0,0
6240,9,Π,поток расходов исходного продукта,[6231]·[6007],0;0,6231;6007,,,,,0,0
6241,2,уставка·Σ,К электрич сектор,0.05·(1·1),0.05,6241,,,1,const,0,1
6242,12,Π/Σ,спрос сектора на исходный продукт,[6011]·[6241]·[6474] / (0.001·1 + 1·[6244]),0;0;0,6011;6241;6474,,,0.001;1,const;6244,0,0
6243,14,clip Σ,степень наличия исходн продуктов для производства,"clip(5·[6244], 0, 1)",0,0,1,0,5,6244,0,0
6244,4,1/(Tp+1)·g,степень наличия исходных продуктов,"clip(1·(1·[6249]), 0.1, 1)",1,0,1;0.1,0;0,1,6249,0.999455,0
6245,5,∫ с пределами,сумма долга поставщику исх прод,"∫(1·[6248] + -1·[6404] + -1·[6414]) dt, x0=1, pa1=0, hi=1e+07",1;0,0;0,1e+07,0,1;-1;-1,6248;6404;6414,0,0
6246,1,Σ,реалбные текущие мат затраты на оплату конкретн исх прод,1·[6247] + -1·[6248],,,,,1;-1,6247;6248,0,0
6247,9,Π,требуемые текущие мат затраты по конкретн поставке,[6295]·[10039],0;0,6295;10039,,,,,0,0
6248,9,Π,степень недостаточности финансовых средств,[6247]·[6060],0;0,6247;6060,,,,,0,0
6249,12,Π/Σ,склад исходной продукции,[6295] / (1e-07·1 + 1·[6250]),0,6295,,,1e-07;1,const;6250,0,0
6250,9,Π,поток расходов исходного продукта,[6241]·[6007],0;0,6241;6007,,,,,0,0
6251,2,уставка·Σ,К нефти в сектор,0.02·(1·1),0.02,6251,,,1,const,0,1
6252,11,Π/Π,спрос сектора на исходный продукт,[6011]·[6251]·[6475] / [6259]·[6259]·[6259],0;0;0,6011;6251;6475,0;0;0,6259;6259;6259,,,0,0
6253,14,clip Σ,степень наличия исходн продуктов для производства,"clip(5·[6254], 0, 1)",0,0,1,0,5,6254,0,0
6254,11,Π/Π,степень наличия исходных продуктов,[6259] / [6004],0,6259,0,6004,,,0,0
6255,5,∫ с пределами,сумма долга поставщику исх прод,"∫(1·[6258] + -1·[6405] + -1·[6415]) dt, x0=1, pa1=0, hi=1e+07",1;0,0;0,1e+07,0,1;-1;-1,6258;6405;6415,0,0
6256,1,Σ,реалбные текущие мат затраты на оплату конкретн исх прод,1·[6257] + -1·[6258],,,,,1;-1,6257;6258,0,0
6257,9,Π,требуемые текущие мат затраты по конкретн поставке,[6296]·[8039],0;0,6296;8039,,,,,0,0
6258,9,Π,степень недостаточности финансовых средств,[6257]·[6060],0;0,6257;6060,,,,,0,0
6259,5,∫ с пределами,склад исходной продукции,"∫(-1·[6260] + 1·[6296]) dt, x0=50, pa1=0.001, hi=1e+06",50;0.001,0;0,1e+06,0,-1;1,6260;6296,1.00001,0
6260,9,Π,поток расходов исходного продукта,[6251]·[6007],0;0,6251;6007,,,,,0,0
6261,2,уставка·Σ,К прочих в сектор,0.15·(1·1),0.15,6261,,,1,const,0,1
6262,11,Π/Π,спрос сектора на исходный продукт,[6011]·[6261]·[6476] / [6269]·[6269]·[6269],0;0;0,6011;6261;6476,0;0;0,6269;6269;6269,,,0,0
6263,14,clip Σ,степень наличия исходн продуктов для производства,"clip(5·[6264], 0, 1)",0,0,1,0,5,6264,0,0
6264,11,Π/Π,степень наличия исходных продуктов,[6269] / [6004],0,6269,0,6004,,,0,0
6265,5,∫ с пределами,сумма долга поставщику исх прод,"∫(1·[6268] + -1·[6406] + -1·[6416]) dt, x0=1, pa1=0, hi=1e+07",1;0,0;0,1e+07,0,1;-1;-1,6268;6406;6416,0,0
6266,1,Σ,реалбные текущие мат затраты на оплату конкретн исх прод,1·[6267] + -1·[6268],,,,,1;-1,6267;6268,0,0
6267,9,Π,требуемые текущие мат затраты по конкретн поставке,[6297]·[13039],0;0,6297;13039,,,,,0,0
6268,9,Π,степень недостаточности финансовых средств,[6267]·[6060],0;0,6267;6060,,,,,0,0
6269,5,∫ с пределами,склад исходной продукции,"∫(-1·[6270] + 1·[6297]) dt, x0=50, pa1=0.001, hi=1e+06",50;0.001,0;0,1e+06,0,-1;1,6270;6297,1.00001,0
6270,9,Π,поток расходов исходного продукта,[6261]·[6007],0;0,6261;6007,,,,,0,0
6271,2,уставка·Σ,К трансп в сектор,0.02·(1·1),0.02,6271,,,1,const,0,1
6272,12,Π/Σ,спрос сектора на исходный продукт,[6011]·[6271]·[6477] / (0.001·1 + 1·[6274]),0;0;0,6011;6271;6477,,,0.001;1,const;6274,0,0
6273,14,clip Σ,степень наличия исходн продуктов для производства,"clip(5·[6274], 0, 1)",0,0,1,0,5,6274,0,0
6274,4,1/(Tp+1)·g,степень наличия исходных продуктов,"clip(1·(1·[6279]), 0.1, 1)",1,0,1;0.1,0;0,1,6279,0.999505,0
6275,5,∫ с пределами,сумма долга поставщику исх прод,"∫(1·[6278] + -1·[6407] + -1·[6417]) dt, x0=1, pa1=0, hi=1e+07",1;0,0;0,1e+07,0,1;-1;-1,6278;6407;6417,0,0
6276,1,Σ,реалбные текущие мат затраты на оплату конкретн исх прод,1·[6277] + -1·[6278],,,,,1;-1,6277;6278,0,0
6277,9,Π,требуемые текущие мат затраты по конкретн поставке,[6298]·[12039],0;0,6298;12039,,,,,0,0
6278,9,Π,степень недостаточности финансовых средств,[6277]·[6060],0;0,6277;6060,,,,,0,0
6279,12,Π/Σ,склад исходной продукции,[6298] / (1e-07·1 + 1·[6280]),0,6298,,,1e-07;1,const;6280,0,0
6280,9,Π,поток расходов исходного продукта,[6271]·[6007],0;0,6271;6007,,,,,0,0
6285,2,уставка·Σ,,0·(1·1),0,6285,,,1,const,0,1
6290,2,уставка·Σ,,0.01·(1·1),0.01,0,,,1,const,0,0
6292,1,Σ,,1·[1126],,,,,1,1126,0,0
6293,1,Σ,,1·[7126],,,,,1,7126,0,0
6294,1,Σ,,1·[9126],,,,,1,9126,0,0
6295,1,Σ,,1·[10126],,,,,1,10126,0,0
6296,1,Σ,,1·[8126],,,,,1,8126,0,0
6297,1,Σ,,1·[13126],,,,,1,13126,0,0
6298,1,Σ,,1·[12126],,,,,1,12126,0,0
6301,14,clip Σ,формир отключ поставок сырья при длительной их неоплате,"clip(1·[6217], 0.0001, 1e+07)",0.0001,0,1e+07,0,1,6217,0,0
6302,11,Π/Π,формир отключ поставок сырья при длительной их неоплате,[6215] / [6301],0,6215,0,6301,,,0,0
6303,15,ключ,формир отключ поставок сырья при длительной их неоплате,(-1·[6302] + 1·[1400]) > 0 ? [1] : 0,,,0,1,-1;1,6302;1400,0,0
6306,14,clip Σ,формир отключ поставок сырья при длительной их неоплате,"clip(1·[1227], 0.0001, 1e+07)",0.0001,0,1e+07,0,1,1227,0,0
6307,11,Π/Π,формир отключ поставок сырья при длительной их неоплате,[6225] / [6306],0,6225,0,6306,,,0,0
6308,15,ключ,формир отключ поставок сырья при длительной их неоплате,(-1·[6307] + 1·[7400]) > 0 ? [1] : 0,,,0,1,-1;1,6307;7400,0,0
6311,14,clip Σ,формир отключ поставок сырья при длительной их неоплате,"clip(1·[1237], 0.0001, 1e+07)",0.0001,0,1e+07,0,1,1237,0,0
6312,11,Π/Π,формир отключ поставок сырья при длительной их неоплате,[6235] / [6311],0,6235,0,6311,,,0,0
6313,15,ключ,формир отключ поставок сырья при длительной их неоплате,(-1·[6312] + 1·[9400]) > 0 ? [1] : 0,,,0,1,-1;1,6312;9400,0,0
6316,14,clip Σ,формир отключ поставок сырья при длительной их неоплате,"clip(1·[1247], 0.0001, 1e+07)",0.0001,0,1e+07,0,1,1247,0,0
6317,11,Π/Π,формир отключ поставок сырья при длительной их неоплате,[6245] / [6316],0,6245,0,6316,,,0,0
6318,15,ключ,формир отключ поставок сырья при длительной их неоплате,(-1·[6317] + 1·[10400]) > 0 ? [1] : 0,,,0,1,-1;1,6317;10400,0,0
6321,14,clip Σ,формир отключ поставок сырья при длительной их неоплате,"clip(1·[1257], 0.0001, 1e+07)",0.0001,0,1e+07,0,1,1257,0,0
6322,11,Π/Π,формир отключ поставок сырья при длительной их неоплате,[6255] / [6321],0,6255,0,6321,,,0,0
6323,15,ключ,формир отключ поставок сырья при длительной их неоплате,(-1·[6322] + 1·[8400]) > 0 ? [1] : 0,,,0,1,-1;1,6322;8400,0,0
6326,14,clip Σ,формир отключ поставок сырья при длительной их неоплате,"clip(1·[1267], 0.0001, 1e+07)",0.0001,0,1e+07,0,1,1267,0,0
6327,11,Π/Π,формир отключ поставок сырья при длительной их неоплате,[6265] / [6326],0,6265,0,6326,,,0,0
6328,15,ключ,формир отключ поставок сырья при длительной их неоплате,(-1·[6327] + 1·[13400]) > 0 ? [1] : 0,,,0,1,-1;1,6327;13400,0,0
6331,14,clip Σ,формир отключ поставок сырья при длительной их неоплате,"clip(1·[1277], 0.0001, 1e+07)",0.0001,0,1e+07,0,1,1277,0,0
6332,11,Π/Π,формир отключ поставок сырья при длительной их неоплате,[6275] / [6331],0,6275,0,6331,,,0,0
6333,15,ключ,формир отключ поставок сырья при длительной их неоплате,(-1·[6332] + 1·[12400]) > 0 ? [1] : 0,,,0,1,-1;1,6332;12400,0,0
6362,14,clip Σ,подключение депозитов для погашения долгов поставщикам сырья,"clip(-1·1 + 1·[6410], 0, 1e+06)",0,0,1e+06,0,-1;1,const;6410,0,0
6363,2,уставка·Σ,предельная величина максим долга при котором прекращаются инвестиц расходы,5·(1·1),5,6363,,,1,const,0,1
6364,8,max,выбор максимального долга за сырье,"max([6215], [6225], [6235], [6245], [6255], [6265], [6275], [6285])",0;0;0;0;0;0;0;0,6215;6225;6235;6245;6255;6265;6275;6285,,,,,0,0
6365,15,ключ,выключение инвестиций при необходимости платить долги поставщикам сырья,(1·[6363] + -1·[6364]) > 0 ? [6065] : 0,,,0,6065,1;-1,6363;6364,0,0
6366,15,ключ,выключ инвестиций в оплату долгов поставщикам сырья,(-1·[6363] + 1·[6364]) > 0 ? [6065] : 0,,,0,6065,-1;1,6363;6364,0,0
6367,1,Σ,поток денег из депозита и инвестиций для погашения долга поставщикам сырья,1·[6366] + 1·[6086],,,,,1;1,6366;6086,0,0
6401,11,Π/Π,возврат долга за поставку сырья из прибыли,[6215]·[6117] / [6410],0;0,6215;6117,0,6410,,,0,0
6402,11,Π/Π,возврат долга за поставку сырья из прибыли,[6225]·[6117] / [6410],0;0,6225;6117,0,6410,,,0,0
6403,11,Π/Π,возврат долга за поставку сырья из прибыли,[6235]·[6117] / [6410],0;0,6235;6117,0,6410,,,0,0
6404,11,Π/Π,возврат долга за поставку сырья из прибыли,[6245]·[6117] / [6410],0;0,6245;6117,0,6410,,,0,0
6405,11,Π/Π,возврат долга за поставку сырья из прибыли,[6255]·[6117] / [6410],0;0,6255;6117,0,6410,,,0,0
6406,11,Π/Π,возврат долга за поставку сырья из прибыли,[6265]·[6117] / [6410],0;0,6265;6117,0,6410,,,0,0
6407,11,Π/Π,возврат долга за поставку сырья из прибыли,[6275]·[6117] / [6410],0;0,6275;6117,0,6410,,,0,0
6410,14,clip Σ,сумма всех долгов за поставку сырья,"clip(1·[6215] + 1·[6225] + 1·[6235] + 1·[6245] + 1·[6255] + 1·[6265] + 1·[6275], 0.001, 1e+08)",0.001,0,1e+08,0,1;1;1;1;1;1;1,6215;6225;6235;6245;6255;6265;6275,0,0
6411,11,Π/Π,возврат долга за поставку сырья из прибыли,[6421]·[6441] / [6420],0;0,6421;6441,0,6420,,,0,0
6412,11,Π/Π,возврат долга за поставку сырья из прибыли,[6422]·[6441] / [6420],0;0,6422;6441,0,6420,,,0,0
6413,11,Π/Π,возврат долга за поставку сырья из прибыли,[6423]·[6441] / [6420],0;0,6423;6441,0,6420,,,0,0
6414,11,Π/Π,возврат долга за поставку сырья из прибыли,[6424]·[6441] / [6420],0;0,6424;6441,0,6420,,,0,0
6415,11,Π/Π,возврат долга за поставку сырья из прибыли,[6425]·[6441] / [6420],0;0,6425;6441,0,6420,,,0,0
6416,11,Π/Π,возврат долга за поставку сырья из прибыли,[6426]·[6441] / [6420],0;0,6426;6441,0,6420,,,0,0
6417,11,Π/Π,возврат долга за поставку сырья из прибыли,[6427]·[6441] / [6420],0;0,6427;6441,0,6420,,,0,0
6420,14,clip Σ,сумма всех долгов за поставку сырья,"clip(1·[6421] + 1·[6422] + 1·[6423] + 1·[6424] + 1·[6425] + 1·[6426] + 1·[6427], 0.001, 1e+08)",0.001,0,1e+08,0,1;1;1;1;1;1;1,6421;6422;6423;6424;6425;6426;6427,0,0
6421,14,clip Σ,потребность в оборотном кредите,"clip(1·[6215] + -1·[1299], 0, 1e+06)",0,0,1e+06,0,1;-1,6215;1299,0,0
6422,14,clip Σ,потребность в оборотном кредите,"clip(1·[6225] + -1·[7299], 0, 1e+06)",0,0,1e+06,0,1;-1,6225;7299,0,0
6423,14,clip Σ,потребность в оборотном кредите,"clip(1·[6235] + -1·[9299], 0, 1e+06)",0,0,1e+06,0,1;-1,6235;9299,0,0
6424,14,clip Σ,потребность в оборотном кредите,"clip(1·[6245] + -1·[10299], 0, 1e+06)",0,0,1e+06,0,1;-1,6245;10299,0,0
6425,14,clip Σ,потребность в оборотном кредите,"clip(1·[6255] + -1·[8299], 0, 1e+06)",0,0,1e+06,0,1;-1,6255;8299,0,0
6426,14,clip Σ,потребность в оборотном кредите,"clip(1·[6265] + -1·[13299], 0, 1e+06)",0,0,1e+06,0,1;-1,6265;13299,0,0
6427,14,clip Σ,потребность в оборотном кредите,"clip(1·[6275] + -1·[12299], 0, 1e+06)",0,0,1e+06,0,1;-1,6275;12299,0,0
6441,7,min,поток кредита из банка,"min([6452], [6445])",0;0,6452;6445,,,,,0,0
6442,5,∫ с пределами,текущий кредитный долг банку,"∫(1·[6441] + -1·[1097] + 1·[6443]) dt, x0=1, pa1=0, hi=1e+07",1;0,0;0,1e+07,0,1;-1;1,6441;1097;6443,0,0
6443,9,Π,поток процентов за выданный оборотный кредит,[6442]·[47],0;0,6442;47,,,,,0,0
6444,14,clip Σ,сигнал о возможности кредитования банком оборотных средств,"clip(-0.1·[6442] + 0.1·[6448], 0, 1)",0,0,1,0,-0.1;0.1,6442;6448,0,0
6445,9,Π,поток кредита оборотных средств выдаваемых банком,[6452]·[6444]·[6446],0;0;0,6452;6444;6446,,,,,0,0
6446,14,clip Σ,сигнал о том что норма прибыли больше ставки кредита,"clip(1·[6450], 0, 1)",0,0,1,0,1,6450,0,0
6447,1,Σ,формирование сигнала о возможности кредитования,1·1 + 1·[6450],,,,,1;1,const;6450,0,0
6448,9,Π,формиросание сигнала о возможности кредитования,[6449]·[6447],0;0,6449;6447,,,,,0,0
6449,2,уставка·Σ,коэф ликвидности основных фондов для возможности банковского кредитования,0.1·(0.1·[6063]),0.1,6449,,,0.1,6063,0,1
6450,2,уставка·Σ,учет превышения нормы проб над ставкой кредита для эффективности кредитования,3·(1·[6451]),3,0,,,1,6451,0,0
6451,11,Π/Π,превышение нормы прибыли стаки кркдита,[6058] / [47],0,6058,0,47,,,0,0
6452,9,Π,потребность в оборотном кредите,[6420]·[199],0;0,6420;199,,,,,0,0
6461,9,Π,сигнал о прекращении поставок сырья при неоплате ранее поставленного,[88]·[6303],0;0,88;6303,,,,,0,0
6462,9,Π,сигнал о прекращении поставок сырья при неоплате ранее поставленного,[88]·[6308],0;0,88;6308,,,,,0,0
6463,9,Π,сигнал о прекращении поставок сырья при неоплате ранее поставленного,[88]·[6313],0;0,88;6313,,,,,0,0
6464,9,Π,сигнал о прекращении поставок сырья при неоплате ранее поставленного,[88]·[6318],0;0,88;6318,,,,,0,0
6465,9,Π,сигнал о прекращении поставок сырья при неоплате ранее поставленного,[88]·[6323],0;0,88;6323,,,,,0,0
6466,9,Π,сигнал о прекращении поставок сырья при неоплате ранее поставленного,[88]·[6328],0;0,88;6328,,,,,0,0
6467,9,Π,сигнал о прекращении поставок сырья при неоплате ранее поставленного,[88]·[6333],0;0,88;6333,,,,,0,0
6471,1,Σ,включ сигнала о небходимости прекращения поставок сырья при отсутств их оплаты,1·[6461] + 1·[189],,,,,1;1,6461;189,0,0
6472,1,Σ,включ сигнала о небходимости прекращения поставок сырья при отсутств их оплаты,1·[6462] + 1·[189],,,,,1;1,6462;189,0,0
6473,1,Σ,включ сигнала о небходимости прекращения поставок сырья при отсутств их оплаты,1·[6463] + 1·[189],,,,,1;1,6463;189,0,0
6474,1,Σ,включ сигнала о небходимости прекращения поставок сырья при отсутств их оплаты,1·[6464] + 1·[189],,,,,1;1,6464;189,0,0
6475,1,Σ,включ сигнала о небходимости прекращения поставок сырья при отсутств их оплаты,1·[6465] + 1·[189],,,,,1;1,6465;189,0,0
6476,1,Σ,включ сигнала о небходимости прекращения поставок сырья при отсутств их оплаты,1·[6466] + 1·[189],,,,,1;1,6466;189,0,0
6477,1,Σ,включ сигнала о небходимости прекращения поставок сырья при отсутств их оплаты,1·[6467] + 1·[189],,,,,1;1,6467;189,0,0
6802,2,уставка·Σ,доход,1·(0.2767·[6026]),1,6802,,,0.2767,6026,0,1
6803,9,Π,сумма подоходн налога из соц группы,[6804]·[6811],0;0,6804;6811,,,,,0,0
6804,9,Π,масса подоходного налога,[6802]·[22],0;0,6802;22,,,,,0,0
6805,4,1/(Tp+1)·g,чистый доход,"clip(1·(1·[6802] + -1·[6806] + -1·[6804]), 0.1, 1)",1,0,1;0.1,0;0,1;-1;-1,6802;6806;6804,5.29788,0
6806,9,Π,другие платежи,[6802]·[21],0;0,6802;21,,,,,0,0
6807,9,Π,другие платежи,[6806]·[6811],0;0,6806;6811,,,,,0,0
6808,9,Π,спрос соц группы на услуги,[6874]·[6811],0;0,6874;6811,,,,,0,0
6809,9,Π,спрос на ТНП в социальной группе,[6860]·[6811],0;0,6860;6811,,,,,0,0
6810,9,Π,спрос на стоящ жилье в соц группе,[6844]·[6811],0;0,6844;6811,,,,,0,0
6811,2,уставка·Σ,количество человек в соц группе,1·(1·[6012]),1,6811,,,1,6012,0,1
6812,9,Π,формир фин возмож,[6828]·[6828],0;0,6828;6828,,,,,0,0
6814,10,Σ·[ref],формир финан возм,(2.3·[6812])·[6815],0,6815,,,2.3,6812,0,0
6815,5,∫ с пределами,денежные накопления,"∫(1·[6816] + -1·[6814] + -1·[6870]) dt, x0=1, pa1=0.001, hi=100000",1;0.001,0;0,100000,0,1;-1;-1,6816;6814;6870,0.9699,0
6816,11,Π/Π,формир денежн накоплений,[6838]·[6838]·[6805] / [6819]·[6819],0;0;0,6838;6838;6805,0;0,6819;6819,,,0,0
6817,11,Π/Π,формир соц напряженности,[6815] / [6818],0,6815,0,6818,,,0,0
6818,4,1/(Tp+1)·g,финансовые возможности,"clip(1·(1·[6805] + 1·[6814] + -1·[6816]), 0.1, 1)",1,0,1;0.1,0;0,1;1;-1,6805;6814;6816,5.29393,0
6819,1,Σ,формирование денежн накоплений,1·1 + 1·[6838],,,,,1;1,const;6838,0,0
6820,1,Σ,расходы на ТНП Услуги и Досуг,1·[6818] + -1·[6821],,,,,1;-1,6818;6821,0,0
6821,9,Π,расходы на ПП и Жилье,[6831]·[6818],0;0,6831;6818,,,,,0,0
6822,12,Π/Σ,расходы на ПП,[6828]·[6821] / (1·[6828] + 1·[6836]),0;0,6828;6821,,,1;1,6828;6836,0,0
6823,14,clip Σ,расходы на жилье,"clip(1·[6821] + -1·[6822] + -1·[70], 0.01, 1e+07)",0.01,0,1e+07,0,1;-1;-1,6821;6822;70,0,0
6824,2,уставка·Σ,масштабир цены ПП в соц гр,0.08·(1·[4197]),0.08,0,,,1,4197,0,0
6825,12,Π/Σ,формир доли на ПП,[6824] / (0.001·1 + 0.2·[6822]),0,6824,,,0.001;0.2,const;6822,0,0
6826,11,Π/Π,спрос соц группы на ПП,[6811]·[6822] / [6824],0;0,6811;6822,0,6824,,,0,0
6827,12,Π/Σ,формир доли на ПП,[6825] / (1·[6825] + 1·[6822]),0,6825,,,1;1,6825;6822,0,0
6828,4,1/(Tp+1)·g,формир доли на ПП,"clip(1·(1·[6827]), 0.1, 1)",1,0,1;0.1,0;0,1,6827,0.507137,0
6829,14,clip Σ,,"clip(1·1 + -4·[6832], 0, 1)",0,0,1,0,1;-4,const;6832,0,0
6830,11,Π/Π,спрос на ПП,[6822] / [6824],0,6822,0,6824,,,0,0
6831,14,clip Σ,формир доли на ПП и Жил,"clip(1·[6828] + 1·[6836], 0, 1)",0,0,1,0,1;1,6828;6836,0,0
6832,14,clip Σ,формир доли на Жил,"clip(-0.5·1 + 1·[6828], 0, 100)",0,0,100,0,-0.5;1,const;6828,0,0
6833,1,Σ,формир доли на Жил,1·1 + 1·[6832],,,,,1;1,const;6832,0,0
6834,23,?23,формир доли на Жил,?23(1·[6833]; 10),10,0,,,1,6833,0,0
6835,11,Π/Π,доля на жилье,[6857] / [6834],0,6857,0,6834,,,0,0
6836,12,Π/Σ,доля на Жил,[6835] / (1·1 + 5·[6835]),0,6835,,,1;5,const;6835,0,0
6837,14,clip Σ,всего расходов на ТНП и др,"clip(1·[6820] + -1·[6856], 0, 1000)",0,0,1000,0,1;-1,6820;6856,0,0
6838,1,Σ,уровень жизни,1·1 + -1·[6828],,,,,1;-1,const;6828,0,0
6839,12,Π/Σ,натуральный спрос на покупку жилья (удовлетворенный),[6844] / (0.01·1 + 1·[6842]),0,6844,,,0.01;1,const;6842,0,0
6840,2,уставка·Σ,коэф перевода года в мес,1·(1·[6823]),1,0,,,1,6823,0,0
6841,11,Π/Π,спрос на строит жилья,[6840]·[6840] / [6842]·[6842],0;0,6840;6840,0;0,6842;6842,,,0,0
6842,2,уставка·Σ,цена строящ жилья,1·(1·[3120]),1,0,,,1,3120,0,0
6843,12,Π/Σ,доля на покупку жилья,[6848]·[6849]·[6841]·[6829] / (0.1·1 + 1·[6841]),0;0;0;0,6848;6849;6841;6829,,,0.1;1,const;6841,0,0
6844,9,Π,расходы на покупку жилья,[6823]·[6843],0;0,6823;6843,,,,,0,0
6845,14,clip Σ,расходы на наем жилья,"clip(1·[6823] + -1·[6844], 0, 1e+07)",0,0,1e+07,0,1;-1,6823;6844,0,0
6846,12,Π/Σ,формиров доли расходов на покупку жилья,[6853] / (1·[6842] + 1·[6853]),0,6853,,,1;1,6842;6853,0,0
6847,12,Π/Σ,формир доли расходов на покупку жилья,[6853] / (20·[6892]),0,6853,,,20,6892,0,0
6848,4,1/(Tp+1)·g,формир доли расх на жилье,"clip(1·(1·[6846]), 0.1, 1)",1,0,1;0.1,0;0,1,6846,0.353724,0
6849,4,1/(Tp+1)·g,формир доли расх на жилье,"clip(1·(1·[6847]), 0.1, 1)",1,0,1;0.1,0;0,1,6847,1,0
6850,9,Π,спрос на досуг в соц группы,[6811]·[6866]·[6837],0;0;0,6811;6866;6837,,,,,0,0
6851,5,∫ с пределами,куплено всего жилья,"∫(1·[6839] + -0.01·[6854]) dt, x0=1, pa1=0, hi=10000",1;0,0;0,10000,0,1;-0.01,6839;6854,1.30036,0
6852,12,Π/Σ,всего нанято жилья,[6845] / (0.1·[6853]),0,6845,,,0.1,6853,0,0
6853,2,уставка·Σ,цена найма жилья,1·(1·[3]),1,0,,,1,3,0,0
6854,12,Π/Σ,коэф амортизац купленного жилья,[6851] / (1·1 + 1.5·[6874]),0,6851,,,1;1.5,const;6874,0,0
6855,4,1/(Tp+1)·g,всего имеется жилья,"clip(2·(2·[6852] + 1·[6851]), 0.01, 1)",2,0,1;0.01,0;0,2;1,6852;6851,14.8286,0
6856,9,Π,поток уплаты налога за купленное жилье,[6851]·[6892],0;0,6851;6892,,,,,0,0
6857,11,Π/Π,отношение нормы жилья к имеещемуся,[6893] / [6855],0,6893,0,6855,,,0,0
6858,12,Π/Σ,качество жизни,[6866]·[400] / (0.4·[6857] + 0.4·[6828]),0;0,6866;400,,,0.4;0.4,6857;6828,0,0
6859,2,уставка·Σ,масшт спроса на аренду жилья для весов ценн в расходах,0.1·(1·[6852]),0.1,0,,,1,6852,0,0
6860,11,Π/Π,поток покупок ТНП,[6864]·[6837] / [6873]·[5150],0;0,6864;6837,0;0,6873;5150,,,0,0
6861,5,∫ с пределами,накоплено купленных ТНП,"∫(1·[6860] + -1·[6862]) dt, x0=0.5, pa1=1, hi=10000",0.5;1,0;0,10000,0,1;-1,6860;6862,11.8964,0
6862,12,Π/Σ,амортизация ТНП,[6861] / (10·1 + 20·[6874]),0,6861,,,10;20,const;6874,0,0
6863,2,уставка·Σ,всего имущества (ТНП+Жил),0.03·(1·[6861] + 1·[6855]),0.03,0,,,1;1,6861;6855,0,0
6864,12,Π/Σ,треб ТНП,[6855] / (0.01·1 + 0.4·[6861]),0,6855,,,0.01;0.4,const;6861,0,0
6865,12,Π/Σ,треб услуг,[6863] / (1·1 + 1·[6863]),0,6863,,,1;1,const;6863,0,0
6866,11,Π/Π,формир спроса на досуг,[6875]·[6837] / [6873]·[4]·[4]·[4],0;0,6875;6837,0;0;0;0,6873;4;4;4,,,0,0
6867,9,Π,объем потребляемых благ в соц сфере для формиров натуральн потребности в эл-эн,[6873]·[6811],0;0,6873;6811,,,,,0,0
6868,1,Σ,всего расходы на личное жилье (его приобретение и налог при его содержании),1·[1856] + 1·[1844],,,,,1;1,1856;1844,0,0
6870,14,clip Σ,уровень денежн нак при котором нчинается активное приобрет жилья,"clip(-3.5·1 + 1·[6815], 0, 1e+08)",0,0,1e+08,0,-3.5;1,const;6815,0,0
6871,2,уставка·Σ,Цдосуга,1.25·(1·1),1.25,0,,,1,const,0,0
6873,4,1/(Tp+1)·g,сумма потребностей в усл+досуге+ТНП,"clip(1·(1·[6864] + 1·[6865] + 1·[6875]), 0.01, 1)",1,0,1;0.01,0;0,1;1;1,6864;6865;6875,4.41205,0
6874,11,Π/Π,спрос на услуги,[6865]·[6837] / [5]·[6873],0;0,6865;6837,0;0,5;6873,,,0,0
6875,12,Π/Σ,поток услуг освобождающий время на досуг,[6874]·[6888] / (0.1·1 + 1·[6874]),0;0,6874;6888,,,0.1;1,const;6874,0,0
6876,11,Π/Π,вес цены блага в расходах соц группы,[6866]·[4]·[4] / [6818],0;0;0,6866;4;4,0,6818,,,0,0
6877,11,Π/Π,вес цены блага в расходах соц группы,[6874]·[5]·[5] / [6818],0;0;0,6874;5;5,0,6818,,,0,0
6878,11,Π/Π,вес цены блага в расходах соц группы,[6860]·[5150]·[5150] / [6818],0;0;0,6860;5150;5150,0,6818,,,0,0
6879,11,Π/Π,вес цены блага в расходах соц группы,[6859]·[3]·[3] / [6818],0;0;0,6859;3;3,0,6818,,,0,0
6880,11,Π/Π,вес цены блага в расходах соц группы,[6841]·[6842]·[6842] / [6818],0;0;0,6841;6842;6842,0,6818,,,0,0
6881,11,Π/Π,вес цены блага в расходах соц группы,[6826]·[6824]·[6824] / [6818]·[6811],0;0;0,6826;6824;6824,0;0,6818;6811,,,0,0
6885,12,Π/Σ,индекс социальной напряженности,[6887]·[6886] / (1·1 + 0.5·[6887]),0;0,6887;6886,,,1;0.5,const;6887,0,0
6886,1,Σ,формир потребн в досуге от соц напряж,1·1 + 2·[6005],,,,,1;2,const;6005,0,0
6887,12,Π/Σ,треб досуга,[1] / (15·[6858] + 1·[6817]),0,1,,,15;1,6858;6817,0,0
6888,4,1/(Tp+1)·g,треб досуга,"clip(1·(1·[6863] + 1·[6815]), 0.1, 1)",1,0,1;0.1,0;0,1;1,6863;6815,1.77115,0
6889,9,Π,накоплено денег в соц группе для возможной покупки дол,[6870]·[6811],0;0,6870;6811,,,,,0,0
6890,9,Π,уровень денежн накоплений насел при котором начинают покупать дол,[6815],0,6815,,,,,0,0
6891,1,Σ,сумма абсол знач весов цен благ соц гр,1·[6876] + 1·[6877] + 1·[6878] + 1·[6879] + 1·[6880] + 1·[6881],,,,,1;1;1;1;1;1,6876;6877;6878;6879;6880;6881,0,0
6892,2,уставка·Σ,ставка налога на жилье,1·(1·[7]),1,0,,,1,7,0,0
6893,2,уставка·Σ,норма жилья,10·(1·1),10,6893,,,1,const,0,1
6894,11,Π/Π,относит вес цены на ПП,[6881] / [6891],0,6881,0,6891,,,0,0
6895,11,Π/Π,относительный вес цены куплен жилья,[6880] / [6891],0,6880,0,6891,,,0,0
6896,11,Π/Π,относительный вес цены досуга,[6876] / [6891],0,6876,0,6891,,,0,0
6897,11,Π/Π,относительный вес цены услуг,[6877] / [6891],0,6877,0,6891,,,0,0
6898,11,Π/Π,относительный вес цены ТНП,[6878] / [6891],0,6878,0,6891,,,0,0
6899,11,Π/Π,относительный вес цены аренд жилья,[6879] / [6891],0,6879,0,6891,,,0,0
7001,14,clip Σ,реальн произв продукции,"clip(1·[7011], 0.2, 1.11111e+06)",0.2,0,1.11111e+06,0,1,7011,0,0
7002,4,1/(Tp+1)·g,потенц произв продукции,"clip(1·(1·[7011]), 0.1, 1)",1,0,1;0.1,0;0,1,7011,0.998303,0
7003,7,min,огранич в произв продукции,"min([7213], [7223], [7243], [7253], [7263], [7273], [7203])",0;0;0;0;0;0;0,7213;7223;7243;7253;7263;7273;7203,,,,,0,0
7004,14,clip Σ,производство продукции,"clip(1·[7017], 0.001, 10000)",0.001,0,10000,0,1,7017,0,0
7005,12,Π/Σ,степень безработицы в секторе,[232]·[7030] / (1e-05·1 + 1·[7009]),0;0,232;7030,,,1e-05;1,const;7009,0,0
7006,9,Π,МЗ от импорта,[7206]·[501],0;0,7206;501,,,,,0,0
7007,7,min,всего реализовано продукции,"min([7001], [7004])",0;0,7001;7004,,,,,0,0
7008,4,1/(Tp+1)·g,материальные затраты,"clip(1·(1.4658·[7018]), 0.02, 1)",1,0,1;0.02,0;0,1.4658,7018,446.202,0
7009,10,Σ·[ref],требуется труда с учетом сменности и потребн в продукции,(0.1·[7093])·[7025],0,7025,,,0.1,7093,0,0
7010,12,Π/Σ,цена рыночная,[7116] / (0.2·1 + 0.8·[7004]),0,7116,,,0.2;0.8,const;7004,0,0
7011,10,Σ·[ref],потенциальное производство продукции,(0.5·[7080])·[7029],0,7029,,,0.5,7080,0,0
7012,2,уставка·Σ,подано труда,3·(1·1),3,7012,,,1,const,0,1
7013,11,Π/Π,расходы сект на Фп,[7365]·[7066] / [7072],0;0,7365;7066,0,7072,,,0,0
7014,11,Π/Π,расходы сект на Фа,[7365]·[7068] / [7072],0;0,7365;7068,0,7072,,,0,0
7015,11,Π/Π,количество прибыли для импортного оборудования,[7365]·[7075] / [7072],0;0,7365;7075,0,7072,,,0,0
7016,2,уставка·Σ,общее предложение труда в секторе производства,2·(1·[7012] + 1·[235]),2,0,,,1;1,7012;235,0,0
7017,4,1/(Tp+1)·g,,"clip(1·(1·[7011]), 0.02, 1)",1,0,1;0.02,0;0,1,7011,1,0
7018,1,Σ,сумма номинальных материальных затрат,1·[7006] + 1·[7217] + 1·[7227] + 1·[7237] + 1·[7247] + 1·[7257] + 1·[7267] + 1·[7277],,,,,1;1;1;1;1;1;1;1,7006;7217;7227;7237;7247;7257;7267;7277,0,0
7019,9,Π,цена сырья,[7037]·[7105],0;0,7037;7105,,,,,0,0
7020,2,уставка·Σ,ставка зарплаты,1·(1·1),1,7020,,,1,const,0,1
7021,1,Σ,условно средняя цена поставляемых новых фондов для их развития,0.5·[2039] + 0.5·[3039],,,,,0.5;0.5,2039;3039,0,0
7025,5,∫ с пределами,К сменности,"∫(1·[7076] + -1·[7004]) dt, x0=1, pa1=0.2, hi=2.5",1;0.2,0;0,2.5,0,1;-1,7076;7004,0.99794,0
7026,13,Σ/Π,доход на одного в соц группе сырья,(1·[7052] + 1·[7032]) / [7029],,,0,7029,1;1,7052;7032,0,0
7027,2,уставка·Σ,8ыручеа как суммаа платежей потребителей продукции,1.4422·(1·[1226] + 1·[2226] + 1·[3226] + 1·[4226] + 1·[5226] + 1·[6226] + 1·[7226] + 1·[8226] + 1·[9226] + 1·[10226] + 1·[11226] + 1·[12226] + 1·[13226] + 1·[7157] + 1·[7158] + 1·[7167]),1.4422,0,,,1;1;1;1;1;1;1;1;1;1;1;1;1;1;1;1,1226;2226;3226;4226;5226;6226;7226;8226;9226;10226;11226;12226;13226;7157;7158;7167,0,0
7029,7,min,используется труда,"min([7016], [7009])",0;0,7016;7009,,,,,0,0
7030,14,clip Σ,безработица,"clip(0.7·[7012] + -1·[7029], 0, 100000)",0,0,100000,0,0.7;-1,7012;7029,0,0
7031,10,Σ·[ref],индексация зарплаты,(12·1)·[7020],0,7020,,,12,const,0,0
7032,9,Π,поток зарплаты,[7029]·[7031],0;0,7029;7031,,,,,0,0
7033,1,Σ,общие затраты,1·[7008] + 1·[7051] + 1·[7032],,,,,1;1;1,7008;7051;7032,0,0
7034,1,Σ,все затраты,1·[7033] + 1·[7055],,,,,1;1,7033;7055,0,0
7035,13,Σ/Π,себестоимость,(1·[7034]) / [7004],,,0,7004,1,7034,0,0
7036,9,Π,формирование цены,[7112]·[7113]·[7035],0;0;0,7112;7113;7035,,,,,0,0
7037,4,1/(Tp+1)·g,цена без НДС,"clip(0.7596·(1·[7038] + 1·[7036]), 0.02, 1)",0.7596,0,1;0.02,0;0,1;1,7038;7036,599.098,0
7038,9,Π,формирование рыночной цены (с учетом ее доли в общей цене),[7035]·[7112]·[7114],0;0;0,7035;7112;7114,,,,,0,0
7039,4,1/(Tp+1)·g,цена с НДС,"clip(1·(1·[7019]), 0.02, 1)",1,0,1;0.02,0;0,1,7019,637.133,0
7040,9,Π,выручка без НДС,[7037]·[7007],0;0,7037;7007,,,,,0,0
7041,4,1/(Tp+1)·g,сумма выручек внутренней и экспортной,"clip(1·(1·[993]), 0.02, 1)",1,0,1;0.02,0;0,1,993,13.8437,0
7042,2,уставка·Σ,сумма выручек внутренней и экспортной,1·(1·[7041] + 1·[7027] + 1·[367]),1,0,,,1;1;1,7041;7027;367,0,0
7043,14,clip Σ,добавленная стоимость,"clip(1·[7042] + -1·[7008], 0, 10000)",0,0,10000,0,1;-1,7042;7008,0,0
7044,14,clip Σ,балансовая прибыль,"clip(1·[7043] + -1·[7050] + -1·[7047] + -1·[7097] + -1·[7054] + -1·[7032] + -1·[7048] + -1·[7073] + -1·[7137], 0, 10000)",0,0,10000,0,1;-1;-1;-1;-1;-1;-1;-1;-1,7043;7050;7047;7097;7054;7032;7048;7073;7137,0,0
7045,1,Σ,чистая прибыль,1·[7044] + -1·[7049],,,,,1;-1,7044;7049,0,0
7046,2,уставка·Σ,стоимость вводимых основных фондов,0.4158·(1·[7078] + 1·[7079] + 1·[7200]),0.4158,0,,,1;1;1,7078;7079;7200,0,0
7047,9,Π,поток НДС,[7043]·[24],0;0,7043;24,,,,,0,0
7048,9,Π,поток налога с выручки,[7042]·[23],0;0,7042;23,,,,,0,0
7049,9,Π,поток налога на прибыль,[25]·[7044],0;0,25;7044,,,,,0,0
7050,9,Π,поток налога на фонды,[7063]·[26],0;0,7063;26,,,,,0,0
7051,9,Π,амортизация в себестоимости,[7063]·[7064],0;0,7063;7064,,,,,0,0
7052,12,Π/Σ,доля прибыли в потребление,[7074]·[7045] / (5·1 + 1·[7074]),0;0,7074;7045,,,5;1,const;7074,0,0
7053,4,1/(Tp+1)·g,ФОТ,"clip(1·(1·[7052] + 1·[7032]), 0.1, 1)",1,0,1;0.1,0;0,1;1,7052;7032,63.0131,0
7054,9,Π,налог на ФОТ,[7053]·[28],0;0,7053;28,,,,,0,0
7055,1,Σ,сумма налогов,1·[7054] + 1·[7050] + 1·[7048],,,,,1;1;1,7054;7050;7048,0,0
7056,4,1/(Tp+1)·g,инвестируемая прибыль,"clip(1·(1·[7045] + -1·[7052]), 0.01, 1)",1,0,1;0.01,0;0,1;-1,7045;7052,34.3885,0
7057,12,Π/Σ,норма прибыли,[7045] / (0.001·1 + 1·[7049] + 1·[7034]),0,7045,,,0.001;1;1,const;7049;7034,0,0
7058,4,1/(Tp+1)·g,степень финансовых возможностей,"clip(1·(1·[7057]), 0.1, 1)",1,0,1;0.1,0;0,1,7057,0.106796,0
7059,14,clip Σ,индекс финансовых возможностей,"clip(20·[7058], 0, 1)",0,0,1,0,20,7058,0,0
7060,14,clip Σ,степень недостаточности финансов,"clip(1·1 + -1·[7059], 0, 1)",0,0,1,0,1;-1,const;7059,0,0
7061,14,clip Σ,норма выплаты амортизации,"clip(1·[7056], 0, 1)",0,0,1,0,1,7056,0,0
7062,9,Π,реальный поток амортизации,[7061]·[7063]·[7064],0;0;0,7061;7063;7064,,,,,0,0
7063,5,∫ с пределами,стоимость производственных фондов,"∫(1·[7046] + -1·[7073]) dt, x0=0.1, pa1=0, hi=10000",0.1;0,0;0,10000,0,1;-1,7046;7073,1000,0
7064,2,уставка·Σ,коэффициент амортизации,10·(0.01·1),10,7064,,,0.01,const,0,1
7065,2,уставка·Σ,всего инвестиций,1.503·(1·[7056] + 1·[7086] + 1·[7073]),1.503,0,,,1;1;1,7056;7086;7073,0,0
7066,2,уставка·Σ,доля строит в инвестициях,1·(1·1),1,7066,,,1,const,0,1
7067,11,Π/Π,расходы прибыли в строит,[7365]·[7066] / [7072]·[3039],0;0,7365;7066,0;0,7072;3039,,,0,0
7068,2,уставка·Σ,доля машиностроен в инвестиц,2.5·(1·1),2.5,7068,,,1,const,0,1
7069,11,Π/Π,расходы прибыли в машин,[7068]·[7365] / [2039]·[7072],0;0,7068;7365,0;0,2039;7072,,,0,0
7070,2,уставка·Σ,доля НИОКР в инвестиц,0.5·(1·1),0.5,7070,,,1,const,0,1
7071,2,уставка·Σ,доля депозита в инвестиц,0.5·(1·1),0.5,7071,,,1,const,0,1
7072,1,Σ,сумма долей распределения прибыли,1·[7066] + 1·[7068] + 1·[7070] + 1·[7071] + 1·[7075],,,,,1;1;1;1;1,7066;7068;7070;7071;7075,0,0
7073,7,min,реальные амортизационные выплаты,"min([7062], [7056])",0;0,7062;7056,,,,,0,0
7074,14,clip Σ,формирование доли прибыли в потребление,"clip(-5·1 + 100·[7058], 0.2, 100)",0.2,0,100,0,-5;100,const;7058,0,0
7075,2,уставка·Σ,доля прибыли для импорта Фа,0.5·(1·1),0.5,7075,,,1,const,0,1
7076,9,Π,,[7003]·[7116],0;0,7003;7116,,,,,0,0
7077,12,Π/Σ,отношение суммы налогов к добавленной стоимости,[7055] / (0.001·1 + 1·[7043]),0,7055,,,0.001;1,const;7043,0,0
7078,9,Π,стоимость вводимых  Фа,[2039]·[2127],0;0,2039;2127,,,,,0,0
7079,9,Π,стоимость вводимых  Фп,[3039]·[3127],0;0,3039;3127,,,,,0,0
7080,5,∫ с пределами,производительность труда,"∫(1·[7108] + 0·[7080]) dt, x0=1, pa1=0.2, hi=1e+06",1;0.2,0;0,1e+06,0,1;0,7108;7080,1.00037,0
7081,11,Π/Π,расходы прибыли в НИОКР,[7365]·[7070] / [7072],0;0,7365;7070,0,7072,,,0,0
7082,11,Π/Π,расходы прибыли в депозиты,[7365]·[7071] / [7072],0;0,7365;7071,0,7072,,,0,0
7083,3,∫,накопленный депозит,"∫(1·[7082] + 1·[7085] + -1·[7086]) dt, x0=0.001",0.001,0,,,1;1;-1,7082;7085;7086,6.44295,0
7084,14,clip Σ,степень возможностей депозита,"clip(100·[7083], 0, 1)",0,0,1,0,100,7083,0,0
7085,9,Π,самовозрастание депозита,[7083]·[230],0;0,7083;230,,,,,0,0
7086,9,Π,поток инвестиций из депозита,[7362]·[7084],0;0,7362;7084,,,,,0,0
7088,2,уставка·Σ,формир потока амортизац Фа,0.2632·(100·[2127] + 1·[825]),0.2632,0,,,100;1,2127;825,0,0
7089,5,∫ с пределами,количество Фа,"∫(1·[7088] + -1·[7090]) dt, x0=0.01, pa1=0.01, hi=10000",0.01;0.01,0;0,10000,0,1;-1,7088;7090,20,0
7090,9,Π,реальная амортизация Фа,[7064]·[7004]·[7089],0;0;0,7064;7004;7089,,,,,0,0
7091,9,Π,поток амортизации Фп,[7064]·[7092],0;0,7064;7092,,,,,0,0
7092,5,∫ с пределами,количество Фп,"∫(60.6·[3127] + -1·[7091]) dt, x0=0.01, pa1=0.01, hi=10000",0.01;0.01,0;0,10000,0,60.6;-1,3127;7091,20.0002,0
7093,12,Π/Σ,количество рабочих мест,[7092]·[7089] / (0.5·[7092] + 0.5·[7089]),0;0,7092;7089,,,0.5;0.5,7092;7089,0,0
7094,4,1/(Tp+1)·g,продукция для реализации,"clip(1·(1·[7007]), 0.1, 1)",1,0,1;0.1,0;0,1,7007,0.998303,0
7095,4,1/(Tp+1)·g,формиров возврата кредитов,"clip(1·(1·[7044]), 0.1, 1)",1,0,1;0.1,0;0,1,7044,104.931,0
7096,7,min,формиров возврата кредитов,"min([7095], [7442])",0;0,7095;7442,,,,,0,0
7097,2,уставка·Σ,темп возврата кредитов,0·(1·[7096]),0,7097,,,1,7096,0,1
7099,2,уставка·Σ,доли,1·(1·1),1,7099,,,1,const,0,1
7100,10,Σ·[ref],сумма инвестиционных средств для изменения производительности фондов,(0.06906·[7081] + 0.06906·[825])·[880],0,880,,,0.06906;0.06906,7081;825,0,0
7101,1,Σ,алгоритм НДС,1·1 + -1·[24],,,,,1;-1,const;24,0,0
7102,11,Π/Π,алгоритм НДС,[7104]·[24] / [7101]·[7103],0;0,7104;24,0;0,7101;7103,,,0,0
7103,14,clip Σ,формирование НДС,"clip(1·[7040], 0.01, 10000)",0.01,0,10000,0,1,7040,0,0
7104,14,clip Σ,алгоритм НДС,"clip(1·[7040] + -1·[7008], 0, 10000)",0,0,10000,0,1;-1,7040;7008,0,0
7105,1,Σ,алгоритм НДС,1·1 + 1·[7102],,,,,1;1,const;7102,0,0
7106,1,Σ,+/- потока основных активных фондов,1·[2127] + -0.0175·[7090],,,,,1;-0.0175,2127;7090,0,0
7107,1,Σ,+/- потока основных пассивных фондов,1·[3127] + -0.0165·[7091],,,,,1;-0.0165,3127;7091,0,0
7108,14,clip Σ,,"clip(1·[7100] + -1·[7080], 0, 1e+06)",0,0,1e+06,0,1;-1,7100;7080,0,0
7109,12,Π/Σ,отношение к спросу на продукцию,[7004] / (1e-05·1 + 1·[7116]),0,7004,,,1e-05;1,const;7116,0,0
7110,14,clip Σ,индекс достаточности предложения,"clip(1·[7109], 0, 1)",0,0,1,0,1,7109,0,0
7112,2,уставка·Σ,норматив прибыли монополиста,1.2·(1·1),1.2,7112,,,1,const,0,1
7113,2,уставка·Σ,степень монополизма,0.2·(1·1),0.2,7113,,,1,const,0,1
7114,10,Σ·[ref],монопольная цена с ее долей,(1·1 + -1·[7113])·[7010],0,7010,,,1;-1,const;7113,0,0
7116,4,1/(Tp+1)·g,сумма спросов,"clip(1·(0.9785·[7119]), 0.02, 1)",1,0,1;0.02,0;0,0.9785,7119,0.998352,0
7117,1,Σ,суммарный поток денег возврата долгов поставщикам сырья,1·[7137] + 1·[7367],,,,,1;1,7137;7367,0,0
7119,4,1/(Tp+1)·g,сумма спросов,"clip(1·(1·[7141] + 1·[7142] + 1·[7143] + 1·[7144] + 1·[7145] + 1·[7146] + 1·[7147] + 1·[7148] + 1·[7149] + 1·[7150] + 1·[7151] + 1·[7152] + 1·[7153] + 1·[7154] + 1·[7155] + 1·[7156]), 0.02, 1)",1,0,1;0.02,0;0,1;1;1;1;1;1;1;1;1;1;1;1;1;1;1;1,7141;7142;7143;7144;7145;7146;7147;7148;7149;7150;7151;7152;7153;7154;7155;7156,1.02029,0
7121,11,Π/Π,доля продукции угля в сырье,[7094]·[7141] / [7001],0;0,7094;7141,0,7001,,,0,0
7122,11,Π/Π,доля угля в машин,[7094]·[7142] / [7001],0;0,7094;7142,0,7001,,,0,0
7123,11,Π/Π,доля угля в строит,[7094]·[7143] / [7001],0;0,7094;7143,0,7001,,,0,0
7124,11,Π/Π,доля угля в с-х,[7094]·[7144] / [7001],0;0,7094;7144,0,7001,,,0,0
7125,11,Π/Π,доля угля в ТНП,[7094]·[7145] / [7001],0;0,7094;7145,0,7001,,,0,0
7126,11,Π/Π,доля угля в ВПК,[7094]·[7146] / [7001],0;0,7094;7146,0,7001,,,0,0
7127,11,Π/Π,доля угля в уголь,[7094]·[7147] / [7001],0;0,7094;7147,0,7001,,,0,0
7128,11,Π/Π,доля угля в нефть,[7094]·[7148] / [7001],0;0,7094;7148,0,7001,,,0,0
7129,11,Π/Π,доля угля в газпром,[7094]·[7149] / [7001],0;0,7094;7149,0,7001,,,0,0
7130,11,Π/Π,доля угля в эл-энерг,[7094]·[7150] / [7001],0;0,7094;7150,0,7001,,,0,0
7131,11,Π/Π,доля угля в пищев пром,[7094]·[7151] / [7001],0;0,7094;7151,0,7001,,,0,0
7132,11,Π/Π,доля угля в транспорт,[7094]·[7152] / [7001],0;0,7094;7152,0,7001,,,0,0
7133,11,Π/Π,доля угля в проч пром,[7094]·[7153] / [7001],0;0,7094;7153,0,7001,,,0,0
7134,11,Π/Π,доля угля на экспорт,[7094]·[7154] / [7001],0;0,7094;7154,0,7001,,,0,0
7135,11,Π/Π,доля угля в бюджет,[7094]·[7155] / [7001],0;0,7094;7155,0,7001,,,0,0
7136,11,Π/Π,доля угля в торг,[7094]·[7156] / [7001],0;0,7094;7156,0,7001,,,0,0
7137,9,Π,поток возврата долгов проставщикам,[7138]·[99],0;0,7138;99,,,,,0,0
7138,2,уставка·Σ,коэф уменьшения возврата долгов поставщикам сырья,0·(1·[7139]),0,7138,,,1,7139,0,1
7139,7,min,требуемый поток возврата долгов поставщикам сырья,"min([7095], [7410])",0;0,7095;7410,,,,,0,0
7141,4,1/(Tp+1)·g,спрос на уголь в сырье,"clip(1·(1·[1222]), 0.5, 1)",1,0,1;0.5,0;0,1,1222,0.0099852,0
7142,4,1/(Tp+1)·g,спрос на уголь из маш,"clip(1·(1·[2222]), 0.1, 1)",1,0,1;0.1,0;0,1,2222,0.19966,0
7143,4,1/(Tp+1)·g,спрос на уголь из строит,"clip(1·(1·[3222]), 0.1, 1)",1,0,1;0.1,0;0,1,3222,0.0200182,0
7144,4,1/(Tp+1)·g,спрос на уголь из с-х,"clip(1·(1·[4222]), 0.1, 1)",1,0,1;0.1,0;0,1,4222,0.0499933,0
7145,4,1/(Tp+1)·g,спрос на уголь из ТНП,"clip(1·(1·[5222]), 0.1, 1)",1,0,1;0.1,0;0,1,5222,0.0399835,0
7146,4,1/(Tp+1)·g,спрос на уголь из ВПК,"clip(1·(1·[6222]), 0.1, 1)",1,0,1;0.1,0;0,1,6222,0.0198411,0
7147,4,1/(Tp+1)·g,спрос на уголь в угле,"clip(1·(0), 0.5, 1)",1,0,1;0.5,0;0,,,0,0
7148,4,1/(Tp+1)·g,спрос на уголь из нефти,"clip(1·(0), 0.1, 1)",1,0,1;0.1,0;0,,,0,0
7149,4,1/(Tp+1)·g,спрос на уголь из газа,"clip(1·(0), 0.1, 1)",1,0,1;0.1,0;0,,,0,0
7150,4,1/(Tp+1)·g,спрос на уголь  из  эл-энер,"clip(1·(1·[10222]), 0.1, 1)",1,0,1;0.1,0;0,1,10222,0.199961,0
7151,4,1/(Tp+1)·g,спрос на уголь из пищев пром,"clip(1·(1·[11222]), 0.1, 1)",1,0,1;0.1,0;0,1,11222,0.049991,0
7152,4,1/(Tp+1)·g,спрос на уголь из транспорта,"clip(1·(1·[12222]), 0.1, 1)",1,0,1;0.1,0;0,1,12222,0.0498875,0
7153,4,1/(Tp+1)·g,спрос на уголь из проч пром,"clip(1·(1·[13222]), 0.5, 1)",1,0,1;0.5,0;0,1,13222,0.0499088,0
7154,4,1/(Tp+1)·g,спрос на уголь на  экспорт,"clip(1·(1·[7161]), 0.1, 1)",1,0,1;0.1,0;0,1,7161,0.05,0
7155,4,1/(Tp+1)·g,спрос на уголь в бюджет,"clip(1·(1·[267]), 0.1, 1)",1,0,1;0.1,0;0,1,267,0.261182,0
7156,4,1/(Tp+1)·g,спрос на строит в торговлю,"clip(1·(1·[803]), 0.1, 1)",1,0,1;0.1,0;0,1,803,0.0198812,0
7157,1,Σ,возврат долгов от потребителей исходн сырья,1·[1402] + 1·[2402] + 1·[3402] + 1·[4402] + 1·[5402] + 1·[6402] + 1·[7402] + 1·[8402] + 1·[9402] + 1·[10402] + 1·[11402] + 1·[12402] + 1·[13402],,,,,1;1;1;1;1;1;1;1;1;1;1;1;1,1402;2402;3402;4402;5402;6402;7402;8402;9402;10402;11402;12402;13402,0,0
7158,1,Σ,возврат долгов через заем в банке оборотнго кредита потребителями исходн сырья,1·[1412] + 1·[2412] + 1·[3412] + 1·[4412] + 1·[5412] + 1·[6412] + 1·[7412] + 1·[8412] + 1·[9412] + 1·[10412] + 1·[11412] + 1·[12412] + 1·[13412],,,,,1;1;1;1;1;1;1;1;1;1;1;1;1,1412;2412;3412;4412;5412;6412;7412;8412;9412;10412;11412;12412;13412,0,0
7160,2,уставка·Σ,экспортная цена в дол,1·(65·1),1,7160,,,65,const,0,1
7161,7,min,заявка на экспорт в секторе сырья,"min([7171], [7163], [7162])",0;0;0,7171;7163;7162,,,,,0,0
7162,15,ключ,ограничение экспортаот низкой цены экспорта,(-1·1 + 1·[7164]) > 0 ? [1] : 0,,,0,1,-1;1,const;7164,0,0
7163,2,уставка·Σ,квота экспорта на сырье,50·(0.01·1),50,7163,,,0.01,const,0,1
7164,13,Σ/Π,доля экспорта сырья,(0.6·[7165]) / [7039]·[7166],,,0;0,7039;7166,0.6,7165,0,0
7165,9,Π,цена экспорта сырья в рубл,[7160]·[501],0;0,7160;501,,,,,0,0
7166,1,Σ,таможенный тариф на уголь = нефти,1·1 + 1·[325],,,,,1;1,const;325,0,0
7167,10,Σ·[ref],экспортная выручка в рублевом выражении,(1.333·[7170])·[501],0,501,,,1.333,7170,0,0
7168,9,Π,объем уплаты тарифа,[7169]·[325],0;0,7169;325,,,,,0,0
7169,9,Π,экспортная выручка в долл,[7160]·[7134],0;0,7160;7134,,,,,0,0
7170,10,Σ·[ref],предлож долл от экспортной выручки на бирже,(1.25·[7176])·[530],0,530,,,1.25,7176,0,0
7171,2,уставка·Σ,,5·(0.01·1),5,7171,,,0.01,const,0,1
7173,1,Σ,остаток экспортн выр в дол после продажи необх доли выручки на бирже,1.25·[7176] + -1·[7170],,,,,1.25;-1,7176;7170,0,0
7174,5,∫ с пределами,дол накопления в секторе,"∫(1·[7173] + -1·[1199]) dt, x0=1, pa1=0, hi=1e+06",1;0,0;0,1e+06,0,1;-1,7173;1199,183.957,0
7175,9,Π,дол из чистой прибыли на закупку Фа,[7015]·[527],0;0,7015;527,,,,,0,0
7176,1,Σ,экспортн выр после уплаты таможенных сборов,1·[7169] + -1·[7168],,,,,1;-1,7169;7168,0,0
7197,9,Π,расх на импортн Фа  в рублевом выражении,[7199]·[501],0;0,7199;501,,,,,0,0
7198,2,уставка·Σ,степень интенс расхода накопления инвалюты для импорта Фа,0.4·(1·[7174]),0.4,7198,,,1,7174,0,1
7199,15,ключ,вкл инвал накоплений для импорта Фа,(1·[7075] + -10·[7015]) > 0 ? [7198] : 0,,,0,7198,1;-10,7075;7015,0,0
7200,1,Σ,суммарные рубли за куплен импортн Фа,1·[7175] + 1·[7197],,,,,1;1,7175;7197,0,0
7201,2,уставка·Σ,К импорта в сектор,0·(0.01·1),0,7201,,,0.01,const,0,1
7202,9,Π,спрос сектора на валюту для импорта сырья,[7007]·[7201]·[407]·[467],0;0;0;0,7007;7201;407;467,,,,,0,0
7203,14,clip Σ,степень наличия исходн импортного сырья для производства,"clip(10·[7204], 0, 1)",0,0,1,0,10,7204,0,0
7204,5,∫ с пределами,накоплено импортного сырья в секторе,"∫(1·[7209] + -1·[7210]) dt, x0=1, pa1=0.01, hi=1e+07",1;0.01,0;0,1e+07,0,1;-1,7209;7210,2,0
7205,9,Π,заявка на дол для сырья с учетом фин возможностей,[7202]·[7059],0;0,7202;7059,,,,,0,0
7206,7,min,реадьно полученные дол для импорта сырья,"min([7207], [7202])",0;0,7207;7202,,,,,0,0
7207,9,Π,степень удовлетворения в дол для закупки сырья,[527]·[7205],0;0,527;7205,,,,,0,0
7208,9,Π,поток тарифа в бюджет за импорт сырья,[7206]·[447],0;0,7206;447,,,,,0,0
7209,13,Σ/Π,поток закупленного импортного сырья,(1·[7206] + -1·[7208]) / [407],,,0,407,1;-1,7206;7208,0,0
7210,9,Π,поток расхода импортного сырья,[7201]·[7007],0;0,7201;7007,,,,,0,0
7211,2,уставка·Σ,К сырья в сектор,0.1·(1·1),0.1,7211,,,1,const,0,1
7212,11,Π/Π,спрос сектора на исходный продукт,[7011]·[7211]·[7471] / [7219]·[7219]·[7219],0;0;0,7011;7211;7471,0;0;0,7219;7219;7219,,,0,0
7213,14,clip Σ,степень наличия исходн продуктов для производства,"clip(5·[7214], 0, 1)",0,0,1,0,5,7214,0,0
7214,11,Π/Π,степень наличия исходных продуктов,[7219] / [7004],0,7219,0,7004,,,0,0
7215,5,∫ с пределами,сумма долга поставщику исх прод,"∫(1·[7218] + -1·[7401] + -1·[7411]) dt, x0=1, pa1=0, hi=1e+07",1;0,0;0,1e+07,0,1;-1;-1,7218;7401;7411,0,0
7216,1,Σ,реалбные текущие мат затраты на оплату конкретн исх прод,1·[7217] + -1·[7218],,,,,1;-1,7217;7218,0,0
7217,9,Π,требуемые текущие мат затраты по конкретн поставке,[7292]·[1039],0;0,7292;1039,,,,,0,0
7218,9,Π,степень недостаточности финансовых средств,[7217]·[7060],0;0,7217;7060,,,,,0,0
7219,5,∫ с пределами,склад исходной продукции,"∫(-1·[7220] + 1·[7292]) dt, x0=50, pa1=0.001, hi=1e+06",50;0.001,0;0,1e+06,0,-1;1,7220;7292,0.999866,0
7220,9,Π,поток расходов исходного продукта,[7211]·[7007],0;0,7211;7007,,,,,0,0
7221,2,уставка·Σ,К угля в сектор,0·(1·1),0,7221,,,1,const,0,1
7222,11,Π/Π,спрос сектора на исходный продукт,[7011]·[7221]·[7472] / [7229]·[7229]·[7229],0;0;0,7011;7221;7472,0;0;0,7229;7229;7229,,,0,0
7223,14,clip Σ,степень наличия исходн продуктов для производства,"clip(5·[7224], 0, 1)",0,0,1,0,5,7224,0,0
7224,11,Π/Π,степень наличия исходных продуктов,[7229] / [7004],0,7229,0,7004,,,0,0
7225,5,∫ с пределами,сумма долга поставщику исх прод,"∫(1·[7228] + -1·[7402] + -1·[7412]) dt, x0=1, pa1=0, hi=1e+07",1;0,0;0,1e+07,0,1;-1;-1,7228;7402;7412,0,0
7226,1,Σ,реалбные текущие мат затраты на оплату конкретн исх прод,1·[7227] + -1·[7228],,,,,1;-1,7227;7228,0,0
7227,9,Π,требуемые текущие мат затраты по конкретн поставке,[7293]·[7039],0;0,7293;7039,,,,,0,0
7228,9,Π,степень недостаточности финансовых средств,[7227]·[7060],0;0,7227;7060,,,,,0,0
7229,5,∫ с пределами,склад исходной продукции,"∫(-1·[7230] + 1·[7293]) dt, x0=50, pa1=0.001, hi=1e+06",50;0.001,0;0,1e+06,0,-1;1,7230;7293,1.07,0
7230,9,Π,поток расходов исходного продукта,[7221]·[7007],0;0,7221;7007,,,,,0,0
7231,2,уставка·Σ,К газа в сектор,0·(1·1),0,7231,,,1,const,0,1
7232,12,Π/Σ,спрос сектора на исходный продукт,[7011]·[7231]·[7473] / (1·1 + 1·[7234]),0;0;0,7011;7231;7473,,,1;1,const;7234,0,0
7233,14,clip Σ,степень наличия исходн продуктов для производства,"clip(5·[7234], 0, 1)",0,0,1,0,5,7234,0,0
7234,4,1/(Tp+1)·g,степень наличия исходных продуктов,"clip(1·(1·[7239]), 0.1, 1)",1,0,1;0.1,0;0,1,7239,0,0
7235,5,∫ с пределами,сумма долга поставщику исх прод,"∫(1·[7238] + -1·[7403] + -1·[7413]) dt, x0=1, pa1=0, hi=1e+07",1;0,0;0,1e+07,0,1;-1;-1,7238;7403;7413,0,0
7236,1,Σ,реалбные текущие мат затраты на оплату конкретн исх прод,1·[7237] + -1·[7238],,,,,1;-1,7237;7238,0,0
7237,9,Π,требуемые текущие мат затраты по конкретн поставке,[7294]·[9039],0;0,7294;9039,,,,,0,0
7238,9,Π,степень недостаточности финансовых средств,[7237]·[7060],0;0,7237;7060,,,,,0,0
7239,12,Π/Σ,склад исходной продукции,[7294] / (1e-07·1 + 1·[7240]),0,7294,,,1e-07;1,const;7240,0,0
7240,9,Π,поток расходов исходного продукта,[7231]·[7007],0;0,7231;7007,,,,,0,0
7241,2,уставка·Σ,К электр в сектор,0.05·(1·1),0.05,7241,,,1,const,0,1
7242,12,Π/Σ,спрос сектора на исходный продукт,[7011]·[7241]·[7474] / (0.001·1 + 1·[7244]),0;0;0,7011;7241;7474,,,0.001;1,const;7244,0,0
7243,14,clip Σ,степень наличия исходн продуктов для производства,"clip(5·[7244], 0, 1)",0,0,1,0,5,7244,0,0
7244,4,1/(Tp+1)·g,степень наличия исходных продуктов,"clip(1·(1·[7249]), 0.1, 1)",1,0,1;0.1,0;0,1,7249,0.999414,0
7245,5,∫ с пределами,сумма долга поставщику исх прод,"∫(1·[7248] + -1·[7404] + -1·[7414]) dt, x0=1, pa1=0, hi=1e+07",1;0,0;0,1e+07,0,1;-1;-1,7248;7404;7414,0,0
7246,1,Σ,реалбные текущие мат затраты на оплату конкретн исх прод,1·[7247] + -1·[7248],,,,,1;-1,7247;7248,0,0
7247,9,Π,требуемые текущие мат затраты по конкретн поставке,[7295]·[10039],0;0,7295;10039,,,,,0,0
7248,9,Π,степень недостаточности финансовых средств,[7247]·[7060],0;0,7247;7060,,,,,0,0
7249,12,Π/Σ,склад исходной продукции,[7295] / (1e-07·1 + 1·[7250]),0,7295,,,1e-07;1,const;7250,0,0
7250,9,Π,поток расходов исходного продукта,[7241]·[7007],0;0,7241;7007,,,,,0,0
7251,2,уставка·Σ,К нефти в сектор,0.01·(1·1),0.01,7251,,,1,const,0,1
7252,11,Π/Π,спрос сектора на исходный продукт,[7011]·[7251]·[7475] / [7259]·[7259]·[7259],0;0;0,7011;7251;7475,0;0;0,7259;7259;7259,,,0,0
7253,14,clip Σ,степень наличия исходн продуктов для производства,"clip(5·[7254], 0, 1)",0,0,1,0,5,7254,0,0
7254,11,Π/Π,степень наличия исходных продуктов,[7259] / [7004],0,7259,0,7004,,,0,0
7255,5,∫ с пределами,сумма долга поставщику исх прод,"∫(1·[7258] + -1·[7405] + -1·[7415]) dt, x0=1, pa1=0, hi=1e+07",1;0,0;0,1e+07,0,1;-1;-1,7258;7405;7415,0,0
7256,1,Σ,реалбные текущие мат затраты на оплату конкретн исх прод,1·[7257] + -1·[7258],,,,,1;-1,7257;7258,0,0
7257,9,Π,требуемые текущие мат затраты по конкретн поставке,[7296]·[8039],0;0,7296;8039,,,,,0,0
7258,9,Π,степень недостаточности финансовых средств,[7257]·[7060],0;0,7257;7060,,,,,0,0
7259,5,∫ с пределами,склад исходной продукции,"∫(-1·[7260] + 1·[7296]) dt, x0=50, pa1=0.001, hi=1e+06",50;0.001,0;0,1e+06,0,-1;1,7260;7296,0.999972,0
7260,9,Π,поток расходов исходного продукта,[7251]·[7007],0;0,7251;7007,,,,,0,0
7261,2,уставка·Σ,К прочих в сектор,0·(1·1),0,7261,,,1,const,0,1
7262,11,Π/Π,спрос сектора на исходный продукт,[7011]·[7261]·[7476] / [7269]·[7269]·[7269],0;0;0,7011;7261;7476,0;0;0,7269;7269;7269,,,0,0
7263,14,clip Σ,степень наличия исходн продуктов для производства,"clip(5·[7264], 0, 1)",0,0,1,0,5,7264,0,0
7264,11,Π/Π,степень наличия исходных продуктов,[7269] / [7004],0,7269,0,7004,,,0,0
7265,5,∫ с пределами,сумма долга поставщику исх прод,"∫(1·[7268] + -1·[7406] + -1·[7416]) dt, x0=1, pa1=0, hi=1e+07",1;0,0;0,1e+07,0,1;-1;-1,7268;7406;7416,0,0
7266,1,Σ,реалбные текущие мат затраты на оплату конкретн исх прод,1·[7267] + -1·[7268],,,,,1;-1,7267;7268,0,0
7267,9,Π,требуемые текущие мат затраты по конкретн поставке,[7297]·[13039],0;0,7297;13039,,,,,0,0
7268,9,Π,степень недостаточности финансовых средств,[7267]·[7060],0;0,7267;7060,,,,,0,0
7269,5,∫ с пределами,склад исходной продукции,"∫(-1·[7270] + 1·[7297]) dt, x0=50, pa1=0.001, hi=1e+06",50;0.001,0;0,1e+06,0,-1;1,7270;7297,1.07,0
7270,9,Π,поток расходов исходного продукта,[7261]·[7007],0;0,7261;7007,,,,,0,0
7271,2,уставка·Σ,К трансп в сектор,0.15·(1·1),0.15,7271,,,1,const,0,1
7272,12,Π/Σ,спрос сектора на исходный продукт,[7011]·[7271]·[7477] / (0.001·1 + 1·[7274]),0;0;0,7011;7271;7477,,,0.001;1,const;7274,0,0
7273,14,clip Σ,степень наличия исходн продуктов для производства,"clip(5·[7274], 0, 1)",0,0,1,0,5,7274,0,0
7274,4,1/(Tp+1)·g,степень наличия исходных продуктов,"clip(1·(1·[7279]), 0.1, 1)",1,0,1;0.1,0;0,1,7279,0.999466,0
7275,5,∫ с пределами,сумма долга поставщику исх прод,"∫(1·[7278] + -1·[7407] + -1·[7417]) dt, x0=1, pa1=0, hi=1e+07",1;0,0;0,1e+07,0,1;-1;-1,7278;7407;7417,0,0
7276,1,Σ,реалбные текущие мат затраты на оплату конкретн исх прод,1·[7277] + -1·[7278],,,,,1;-1,7277;7278,0,0
7277,9,Π,требуемые текущие мат затраты по конкретн поставке,[7298]·[12039],0;0,7298;12039,,,,,0,0
7278,9,Π,степень недостаточности финансовых средств,[7277]·[7060],0;0,7277;7060,,,,,0,0
7279,12,Π/Σ,склад исходной продукции,[7298] / (1e-07·1 + 1·[7280]),0,7298,,,1e-07;1,const;7280,0,0
7280,9,Π,поток расходов исходного продукта,[7271]·[7007],0;0,7271;7007,,,,,0,0
7285,2,уставка·Σ,,0·(1·1),0,7285,,,1,const,0,1
7290,2,уставка·Σ,,0.01·(1·1),0.01,0,,,1,const,0,0
7292,1,Σ,,1·[1127],,,,,1,1127,0,0
7293,1,Σ,,1·[7127],,,,,1,7127,0,0
7294,1,Σ,,1·[9127],,,,,1,9127,0,0
7295,1,Σ,,1·[10127],,,,,1,10127,0,0
7296,1,Σ,,1·[8127],,,,,1,8127,0,0
7297,1,Σ,,1·[13127],,,,,1,13127,0,0
7298,1,Σ,,1·[12127],,,,,1,12127,0,0
7299,2,уставка·Σ,максим уровень долга поставщику сырья при котором берут кредит,10·(1·1),10,7299,,,1,const,0,1
7301,14,clip Σ,формир отключ поставок сырья при длительной их неоплате,"clip(1·[7217], 0.0001, 1e+07)",0.0001,0,1e+07,0,1,7217,0,0
7302,11,Π/Π,формир отключ поставок сырья при длительной их неоплате,[7215] / [7301],0,7215,0,7301,,,0,0
7303,15,ключ,формир отключ поставок сырья при длительной их неоплате,(-1·[7302] + 1·[1400]) > 0 ? [1] : 0,,,0,1,-1;1,7302;1400,0,0
7306,14,clip Σ,формир отключ поставок сырья при длительной их неоплате,"clip(1·[1227], 0.0001, 1e+07)",0.0001,0,1e+07,0,1,1227,0,0
7307,11,Π/Π,формир отключ поставок сырья при длительной их неоплате,[7225] / [7306],0,7225,0,7306,,,0,0
7308,15,ключ,формир отключ поставок сырья при длительной их неоплате,(-1·[7307] + 1·[7400]) > 0 ? [1] : 0,,,0,1,-1;1,7307;7400,0,0
7311,14,clip Σ,формир отключ поставок сырья при длительной их неоплате,"clip(1·[1237], 0.0001, 1e+07)",0.0001,0,1e+07,0,1,1237,0,0
7312,11,Π/Π,формир отключ поставок сырья при длительной их неоплате,[7235] / [7311],0,7235,0,7311,,,0,0
7313,15,ключ,формир отключ поставок сырья при длительной их неоплате,(-1·[7312] + 1·[9400]) > 0 ? [1] : 0,,,0,1,-1;1,7312;9400,0,0
7316,14,clip Σ,формир отключ поставок сырья при длительной их неоплате,"clip(1·[1247], 0.0001, 1e+07)",0.0001,0,1e+07,0,1,1247,0,0
7317,11,Π/Π,формир отключ поставок сырья при длительной их неоплате,[7245] / [7316],0,7245,0,7316,,,0,0
7318,15,ключ,формир отключ поставок сырья при длительной их неоплате,(-1·[7317] + 1·[10400]) > 0 ? [1] : 0,,,0,1,-1;1,7317;10400,0,0
7321,14,clip Σ,формир отключ поставок сырья при длительной их неоплате,"clip(1·[1257], 0.0001, 1e+07)",0.0001,0,1e+07,0,1,1257,0,0
7322,11,Π/Π,формир отключ поставок сырья при длительной их неоплате,[7255] / [7321],0,7255,0,7321,,,0,0
7323,15,ключ,формир отключ поставок сырья при длительной их неоплате,(-1·[7322] + 1·[8400]) > 0 ? [1] : 0,,,0,1,-1;1,7322;8400,0,0
7326,14,clip Σ,формир отключ поставок сырья при длительной их неоплате,"clip(1·[1267], 0.0001, 1e+07)",0.0001,0,1e+07,0,1,1267,0,0
7327,11,Π/Π,формир отключ поставок сырья при длительной их неоплате,[7265] / [7326],0,7265,0,7326,,,0,0
7328,15,ключ,формир отключ поставок сырья при длительной их неоплате,(-1·[7327] + 1·[13400]) > 0 ? [1] : 0,,,0,1,-1;1,7327;13400,0,0
7331,14,clip Σ,формир отключ поставок сырья при длительной их неоплате,"clip(1·[1277], 0.0001, 1e+07)",0.0001,0,1e+07,0,1,1277,0,0
7332,11,Π/Π,формир отключ поставок сырья при длительной их неоплате,[7275] / [7331],0,7275,0,7331,,,0,0
7333,15,ключ,формир отключ поставок сырья при длительной их неоплате,(-1·[7332] + 1·[12400]) > 0 ? [1] : 0,,,0,1,-1;1,7332;12400,0,0
7362,14,clip Σ,подключение депозитов для погашения долгов поставщикам сырья,"clip(-1·1 + 1·[7410], 0, 100000)",0,0,100000,0,-1;1,const;7410,0,0
7363,2,уставка·Σ,предельная величина максим долга при котором прекращаются инвестиц расходы,5·(1·1),5,7363,,,1,const,0,1
7364,8,max,выбор максимального долга за сырье,"max([7215], [7225], [7235], [7245], [7255], [7265], [7275], [7285])",0;0;0;0;0;0;0;0,7215;7225;7235;7245;7255;7265;7275;7285,,,,,0,0
7365,15,ключ,выключение инвестиций при необходимости платить долги поставщикам сырья,(1·[7363] + -1·[7364]) > 0 ? [7065] : 0,,,0,7065,1;-1,7363;7364,0,0
7366,15,ключ,выключ инвестиций в оплату долгов поставщикам сырья,(-1·[7363] + 1·[7364]) > 0 ? [7065] : 0,,,0,7065,-1;1,7363;7364,0,0
7367,1,Σ,поток денег из депозита и инвестиций для погашения долга поставщикам сырья,1·[7366] + 1·[7086],,,,,1;1,7366;7086,0,0
7400,2,уставка·Σ,предельная величина неоплаты поставок сырья при которой еще сохраняется поставка,1·(1·1),1,7400,,,1,const,0,1
7401,11,Π/Π,возврат долга за поставку сырья из прибыли,[7215]·[7117] / [7410],0;0,7215;7117,0,7410,,,0,0
7402,11,Π/Π,возврат долга за поставку сырья из прибыли,[7225]·[7117] / [7410],0;0,7225;7117,0,7410,,,0,0
7403,11,Π/Π,7озврат долга за поставку сырья из прибыли,[7235]·[7117] / [7410],0;0,7235;7117,0,7410,,,0,0
7404,11,Π/Π,возврат долга за поставку сырья из прибыли,[7245]·[7117] / [7410],0;0,7245;7117,0,7410,,,0,0
7405,11,Π/Π,возврат долга за поставку сырья из прибыли,[7255]·[7117] / [7410],0;0,7255;7117,0,7410,,,0,0
7406,11,Π/Π,возврат долга за поставку сырья из прибыли,[7265]·[7117] / [7410],0;0,7265;7117,0,7410,,,0,0
7407,11,Π/Π,возврат долга за поставку сырья из прибыли,[7275]·[7117] / [7410],0;0,7275;7117,0,7410,,,0,0
7410,14,clip Σ,сумма всех долгов за поставку сырья,"clip(1·[7215] + 1·[7225] + 1·[7235] + 1·[7245] + 1·[7255] + 1·[7265] + 1·[7275], 0.001, 1e+08)",0.001,0,1e+08,0,1;1;1;1;1;1;1,7215;7225;7235;7245;7255;7265;7275,0,0
7411,11,Π/Π,возврат долга за поставку сырья из прибыли,[7421]·[7441] / [7420],0;0,7421;7441,0,7420,,,0,0
7412,11,Π/Π,возврат долга за поставку сырья из прибыли,[7422]·[7441] / [7420],0;0,7422;7441,0,7420,,,0,0
7413,11,Π/Π,возврат долга за поставку сырья из прибыли,[7423]·[7441] / [7420],0;0,7423;7441,0,7420,,,0,0
7414,11,Π/Π,возврат долга за поставку сырья из прибыли,[7424]·[7441] / [7420],0;0,7424;7441,0,7420,,,0,0
7415,11,Π/Π,возврат долга за поставку сырья из прибыли,[7425]·[7441] / [7420],0;0,7425;7441,0,7420,,,0,0
7416,11,Π/Π,возврат долга за поставку сырья из прибыли,[7426]·[7441] / [7420],0;0,7426;7441,0,7420,,,0,0
7417,11,Π/Π,возврат долга за поставку сырья из прибыли,[7427]·[7441] / [7420],0;0,7427;7441,0,7420,,,0,0
7420,14,clip Σ,сумма всех долгов за поставку сырья,"clip(1·[7421] + 1·[7422] + 1·[7423] + 1·[7424] + 1·[7425] + 1·[7426] + 1·[7427], 0.001, 1e+08)",0.001,0,1e+08,0,1;1;1;1;1;1;1,7421;7422;7423;7424;7425;7426;7427,0,0
7421,14,clip Σ,потребность в оборотном кредите,"clip(1·[7215] + -1·[1299], 0, 1e+06)",0,0,1e+06,0,1;-1,7215;1299,0,0
7422,14,clip Σ,потребность в оборотном кредите,"clip(1·[7225] + -1·[7299], 0, 1e+06)",0,0,1e+06,0,1;-1,7225;7299,0,0
7423,14,clip Σ,потребность в оборотном кредите,"clip(1·[7235] + -1·[9299], 0, 1e+06)",0,0,1e+06,0,1;-1,7235;9299,0,0
7424,14,clip Σ,потребность в оборотном кредите,"clip(1·[7245] + -1·[10299], 0, 1e+06)",0,0,1e+06,0,1;-1,7245;10299,0,0
7425,14,clip Σ,потребность в оборотном кредите,"clip(1·[7255] + -1·[8299], 0, 1e+06)",0,0,1e+06,0,1;-1,7255;8299,0,0
7426,14,clip Σ,потребность в оборотном кредите,"clip(1·[7265] + -1·[13299], 0, 1e+06)",0,0,1e+06,0,1;-1,7265;13299,0,0
7427,14,clip Σ,потребность в оборотном кредите,"clip(1·[7275] + -1·[12299], 0, 1e+06)",0,0,1e+06,0,1;-1,7275;12299,0,0
7441,7,min,поток кредита из банка,"min([7452], [7445])",0;0,7452;7445,,,,,0,0
7442,5,∫ с пределами,текущий кредитный долг банку,"∫(1·[7441] + -1·[1097] + 1·[7443]) dt, x0=1, pa1=0, hi=1e+07",1;0,0;0,1e+07,0,1;-1;1,7441;1097;7443,0,0
7443,9,Π,поток процентов за выданный оборотный кредит,[7442]·[47],0;0,7442;47,,,,,0,0
7444,14,clip Σ,сигнал о возможности кредитования банком оборотных средств,"clip(-0.1·[7442] + 0.1·[7448], 0, 1)",0,0,1,0,-0.1;0.1,7442;7448,0,0
7445,9,Π,поток кредита оборотных средств выдаваемых банком,[7452]·[7444]·[7446],0;0;0,7452;7444;7446,,,,,0,0
7446,14,clip Σ,сигнал о том что норма прибыли больше ставки кредита,"clip(1·[7450], 0, 1)",0,0,1,0,1,7450,0,0
7447,1,Σ,формирование сигнала о возможности кредитования,1·1 + 1·[7450],,,,,1;1,const;7450,0,0
7448,9,Π,формиросание сигнала о возможности кредитования,[7449]·[7447],0;0,7449;7447,,,,,0,0
7449,2,уставка·Σ,коэф ликвидности основных фондов для возможности банковского кредитования,0.1·(0.1·[7063]),0.1,7449,,,0.1,7063,0,1
7450,2,уставка·Σ,учет превышения нормы проб над ставкой кредита для эффективности кредитования,3·(1·[7451]),3,0,,,1,7451,0,0
7451,11,Π/Π,превышение нормы прибыли стаки кркдита,[7058] / [47],0,7058,0,47,,,0,0
7452,9,Π,потребность в оборотном кредите,[7420]·[199],0;0,7420;199,,,,,0,0
7461,9,Π,сигнал о прекращении поставок сырья при неоплате ранее поставленного,[88]·[7303],0;0,88;7303,,,,,0,0
7462,9,Π,сигнал о прекращении поставок сырья при неоплате ранее поставленного,[88]·[7308],0;0,88;7308,,,,,0,0
7463,9,Π,сигнал о прекращении поставок сырья при неоплате ранее поставленного,[88]·[7313],0;0,88;7313,,,,,0,0
7464,9,Π,сигнал о прекращении поставок сырья при неоплате ранее поставленного,[88]·[7318],0;0,88;7318,,,,,0,0
7465,9,Π,сигнал о прекращении поставок сырья при неоплате ранее поставленного,[88]·[7323],0;0,88;7323,,,,,0,0
7466,9,Π,сигнал о прекращении поставок сырья при неоплате ранее поставленного,[88]·[7328],0;0,88;7328,,,,,0,0
7467,9,Π,сигнал о прекращении поставок сырья при неоплате ранее поставленного,[88]·[7333],0;0,88;7333,,,,,0,0
7471,1,Σ,включ сигнала о небходимости прекращения поставок сырья при отсутств их оплаты,1·[7461] + 1·[189],,,,,1;1,7461;189,0,0
7472,1,Σ,включ сигнала о небходимости прекращения поставок сырья при отсутств их оплаты,1·[7462] + 1·[189],,,,,1;1,7462;189,0,0
7473,1,Σ,включ сигнала о небходимости прекращения поставок сырья при отсутств их оплаты,1·[7463] + 1·[189],,,,,1;1,7463;189,0,0
7474,1,Σ,включ сигнала о небходимости прекращения поставок сырья при отсутств их оплаты,1·[7464] + 1·[189],,,,,1;1,7464;189,0,0
7475,1,Σ,включ сигнала о небходимости прекращения поставок сырья при отсутств их оплаты,1·[7465] + 1·[189],,,,,1;1,7465;189,0,0
7476,1,Σ,включ сигнала о небходимости прекращения поставок сырья при отсутств их оплаты,1·[7466] + 1·[189],,,,,1;1,7466;189,0,0
7477,1,Σ,включ сигнала о небходимости прекращения поставок сырья при отсутств их оплаты,1·[7467] + 1·[189],,,,,1;1,7467;189,0,0
7802,2,уставка·Σ,доход,1·(0.833333·[7026]),1,7802,,,0.833333,7026,0,1
7803,9,Π,сумма подоходн налога из соц группы,[7804]·[7811],0;0,7804;7811,,,,,0,0
7804,9,Π,масса подоходного налога,[7802]·[22],0;0,7802;22,,,,,0,0
7805,4,1/(Tp+1)·g,чистый доход,"clip(1·(1·[7802] + -1·[7806] + -1·[7804]), 0.1, 1)",1,0,1;0.1,0;0,1;-1;-1,7802;7806;7804,21.8372,0
7806,9,Π,другие платежи,[7802]·[21],0;0,7802;21,,,,,0,0
7807,9,Π,другие платежи,[7806]·[7811],0;0,7806;7811,,,,,0,0
7808,9,Π,спрос соц группы на услуги,[7874]·[7811],0;0,7874;7811,,,,,0,0
7809,9,Π,спрос на ТНП в социальной группе,[7860]·[7811],0;0,7860;7811,,,,,0,0
7810,9,Π,спрос на стоящ жилье в соц группе,[7844]·[7811],0;0,7844;7811,,,,,0,0
7811,2,уставка·Σ,количество человек в соц группе,1·(1·[7012]),1,7811,,,1,7012,0,1
7812,9,Π,формир фин возмож,[7828]·[7828],0;0,7828;7828,,,,,0,0
7814,10,Σ·[ref],формир финан возм,(2.3·[7812])·[7815],0,7815,,,2.3,7812,0,0
7815,5,∫ с пределами,денежные накопления,"∫(1·[7816] + -1·[7814] + -1·[7870]) dt, x0=1, pa1=0.001, hi=100000",1;0.001,0;0,100000,0,1;-1;-1,7816;7814;7870,6.55378,0
7816,11,Π/Π,формир денежн накоплений,[7838]·[7838]·[7805] / [7819]·[7819],0;0;0,7838;7838;7805,0;0,7819;7819,,,0,0
7817,11,Π/Π,формир соц напряженности,[7815] / [7818],0,7815,0,7818,,,0,0
7818,4,1/(Tp+1)·g,финансовые возможности,"clip(1·(1·[7805] + 1·[7814] + -1·[7816]), 0.1, 1)",1,0,1;0.1,0;0,1;1;-1,7805;7814;7816,18.7785,0
7819,1,Σ,формирование денежн накоплений,1·1 + 1·[7838],,,,,1;1,const;7838,0,0
7820,1,Σ,расходы на ТНП Услуги и Досуг,1·[7818] + -1·[7821],,,,,1;-1,7818;7821,0,0
7821,9,Π,расходы на ПП и Жилье,[7831]·[7818],0;0,7831;7818,,,,,0,0
7822,12,Π/Σ,расходы на ПП,[7828]·[7821] / (1·[7828] + 1·[7836]),0;0,7828;7821,,,1;1,7828;7836,0,0
7823,14,clip Σ,расходы на жилье,"clip(1·[7821] + -1·[7822] + -1·[70], 0.01, 1e+07)",0.01,0,1e+07,0,1;-1;-1,7821;7822;70,0,0
7824,2,уставка·Σ,масштабир цены ПП в соц гр,0.08·(1·[4197]),0.08,0,,,1,4197,0,0
7825,12,Π/Σ,формир доли на ПП,[7824] / (0.001·1 + 0.2·[7822]),0,7824,,,0.001;0.2,const;7822,0,0
7826,11,Π/Π,спрос соц группы на ПП,[7811]·[7822] / [7824],0;0,7811;7822,0,7824,,,0,0
7827,12,Π/Σ,формир доли на ПП,[7825] / (1·[7825] + 1·[7822]),0,7825,,,1;1,7825;7822,0,0
7828,4,1/(Tp+1)·g,формир доли на ПП,"clip(1·(1·[7827]), 0.1, 1)",1,0,1;0.1,0;0,1,7827,0.250772,0
7829,14,clip Σ,,"clip(1·1 + -4·[7832], 0, 1)",0,0,1,0,1;-4,const;7832,0,0
7830,11,Π/Π,спрос на ПП,[7822] / [7824],0,7822,0,7824,,,0,0
7831,14,clip Σ,формир доли на ПП и Жил,"clip(1·[7828] + 1·[7836], 0, 1)",0,0,1,0,1;1,7828;7836,0,0
7832,14,clip Σ,формир доли на Жил,"clip(-0.5·1 + 1·[7828], 0, 100)",0,0,100,0,-0.5;1,const;7828,0,0
7833,1,Σ,формир доли на Жил,1·1 + 1·[7832],,,,,1;1,const;7832,0,0
7834,23,?23,формир доли на Жил,?23(1·[7833]; 10),10,0,,,1,7833,0,0
7835,11,Π/Π,доля на жилье,[7857] / [7834],0,7857,0,7834,,,0,0
7836,12,Π/Σ,доля на Жил,[7835] / (1·1 + 5·[7835]),0,7835,,,1;5,const;7835,0,0
7837,14,clip Σ,всего расходов на ТНП и др,"clip(1·[7820] + -1·[7856], 0, 1000)",0,0,1000,0,1;-1,7820;7856,0,0
7838,1,Σ,уровень жизни,1·1 + -1·[7828],,,,,1;-1,const;7828,0,0
7839,12,Π/Σ,натуральный спрос на покупку жилья (удовлетворенный),[7844] / (0.01·1 + 1·[7842]),0,7844,,,0.01;1,const;7842,0,0
7840,2,уставка·Σ,коэф перевода года в мес,1·(1·[7823]),1,0,,,1,7823,0,0
7841,11,Π/Π,спрос на строит жилья,[7840]·[7840] / [7842]·[7842],0;0,7840;7840,0;0,7842;7842,,,0,0
7842,2,уставка·Σ,цена строящ жилья,1·(1·[3120]),1,0,,,1,3120,0,0
7843,12,Π/Σ,доля на покупку жилья,[7848]·[7849]·[7841]·[7829] / (0.1·1 + 1·[7841]),0;0;0;0,7848;7849;7841;7829,,,0.1;1,const;7841,0,0
7844,9,Π,расходы на покупку жилья,[7823]·[7843],0;0,7823;7843,,,,,0,0
7845,14,clip Σ,расходы на наем жилья,"clip(1·[7823] + -1·[7844], 0, 1e+07)",0,0,1e+07,0,1;-1,7823;7844,0,0
7846,12,Π/Σ,формиров доли расходов на покупку жилья,[7853] / (1·[7842] + 1·[7853]),0,7853,,,1;1,7842;7853,0,0
7847,12,Π/Σ,формир доли расходов на покупку жилья,[7853] / (20·[7892]),0,7853,,,20,7892,0,0
7848,4,1/(Tp+1)·g,формир доли расх на жилье,"clip(1·(1·[7846]), 0.1, 1)",1,0,1;0.1,0;0,1,7846,0.353724,0
7849,4,1/(Tp+1)·g,формир доли расх на жилье,"clip(1·(1·[7847]), 0.1, 1)",1,0,1;0.1,0;0,1,7847,1,0
7850,9,Π,спрос на досуг в соц группы,[7811]·[7866]·[7837],0;0;0,7811;7866;7837,,,,,0,0
7851,5,∫ с пределами,куплено всего жилья,"∫(1·[7839] + -0.01·[7854]) dt, x0=1, pa1=0, hi=10000",1;0,0;0,10000,0,1;-0.01,7839;7854,23.7571,0
7852,12,Π/Σ,всего нанято жилья,[7845] / (0.1·[7853]),0,7845,,,0.1,7853,0,0
7853,2,уставка·Σ,цена найма жилья,1·(1·[3]),1,0,,,1,3,0,0
7854,12,Π/Σ,коэф амортизац купленного жилья,[7851] / (1·1 + 1.5·[7874]),0,7851,,,1;1.5,const;7874,0,0
7855,4,1/(Tp+1)·g,всего имеется жилья,"clip(2·(2·[7852] + 1·[7851]), 0.01, 1)",2,0,1;0.01,0;0,2;1,7852;7851,77.1174,0
7856,9,Π,поток уплаты налога за купленное жилье,[7851]·[7892],0;0,7851;7892,,,,,0,0
7857,11,Π/Π,отношение нормы жилья к имеещемуся,[7893] / [7855],0,7893,0,7855,,,0,0
7858,12,Π/Σ,качество жизни,[7866]·[400] / (1·[7857] + 1·[7828]),0;0,7866;400,,,1;1,7857;7828,0,0
7859,2,уставка·Σ,масшт спроса на аренду жилья для весов ценн в расходах,0.1·(1·[7852]),0.1,0,,,1,7852,0,0
7860,11,Π/Π,поток покупок ТНП,[7864]·[7837] / [7873]·[5150],0;0,7864;7837,0;0,7873;5150,,,0,0
7861,5,∫ с пределами,накоплено купленных ТНП,"∫(1·[7860] + -1·[7862]) dt, x0=0.5, pa1=1, hi=10000",0.5;1,0;0,10000,0,1;-1,7860;7862,49.8229,0
7862,12,Π/Σ,амортизация ТНП,[7861] / (10·1 + 20·[7874]),0,7861,,,10;20,const;7874,0,0
7863,2,уставка·Σ,всего имущества (ТНП+Жил),0.03·(1·[7861] + 1·[7855]),0.03,0,,,1;1,7861;7855,0,0
7864,12,Π/Σ,треб ТНП,[7855] / (0.01·1 + 0.4·[7861]),0,7855,,,0.01;0.4,const;7861,0,0
7865,12,Π/Σ,треб услуг,[7863] / (1·1 + 1·[7863]),0,7863,,,1;1,const;7863,0,0
7866,11,Π/Π,формир спроса на досуг,[7875]·[7837] / [7873]·[4]·[4]·[4],0;0,7875;7837,0;0;0;0,7873;4;4;4,,,0,0
7867,9,Π,объем потребляемых благ в соц сфере для формиров натуральн потребности в эл-эн,[7873]·[7811],0;0,7873;7811,,,,,0,0
7868,1,Σ,всего расходы на личное жилье (его приобретение и налог при его содержании),1·[1856] + 1·[1844],,,,,1;1,1856;1844,0,0
7870,14,clip Σ,уровень денежн нак при котором нчинается активное приобрет жилья,"clip(-3.5·1 + 1·[7815], 0, 1e+08)",0,0,1e+08,0,-3.5;1,const;7815,0,0
7871,2,уставка·Σ,Цдосуга,1.25·(1·1),1.25,0,,,1,const,0,0
7873,4,1/(Tp+1)·g,сумма потребностей в усл+досуге+ТНП,"clip(1·(1·[7864] + 1·[7865] + 1·[7875]), 0.01, 1)",1,0,1;0.01,0;0,1;1;1,7864;7865;7875,12.8434,0
7874,11,Π/Π,спрос на услуги,[7865]·[7837] / [5]·[7873],0;0,7865;7837,0;0,5;7873,,,0,0
7875,12,Π/Σ,поток услуг освобождающий время на досуг,[7874]·[7888] / (0.1·1 + 1·[7874]),0;0,7874;7888,,,0.1;1,const;7874,0,0
7876,11,Π/Π,вес цены блага в расходах соц группы,[7866]·[4]·[4] / [7818],0;0;0,7866;4;4,0,7818,,,0,0
7877,11,Π/Π,вес цены блага в расходах соц группы,[7874]·[5]·[5] / [7818],0;0;0,7874;5;5,0,7818,,,0,0
7878,11,Π/Π,вес цены блага в расходах соц группы,[7860]·[5150]·[5150] / [7818],0;0;0,7860;5150;5150,0,7818,,,0,0
7879,11,Π/Π,вес цены блага в расходах соц группы,[7859]·[3]·[3] / [7818],0;0;0,7859;3;3,0,7818,,,0,0
7880,11,Π/Π,вес цены блага в расходах соц группы,[7841]·[7842]·[7842] / [7818],0;0;0,7841;7842;7842,0,7818,,,0,0
7881,11,Π/Π,вес цены блага в расходах соц группы,[7826]·[7824]·[7824] / [7818]·[7811],0;0;0,7826;7824;7824,0;0,7818;7811,,,0,0
7885,12,Π/Σ,индекс социальной напряженности,[7887]·[7886] / (1·1 + 0.5·[7887]),0;0,7887;7886,,,1;0.5,const;7887,0,0
7886,1,Σ,формир потребн в досуге от соц напряж,1·1 + 2·[7005],,,,,1;2,const;7005,0,0
7887,12,Π/Σ,треб досуга,[1] / (2·[7858] + 1·[7817]),0,1,,,2;1,7858;7817,0,0
7888,4,1/(Tp+1)·g,треб досуга,"clip(1·(1·[7863] + 1·[7815]), 0.1, 1)",1,0,1;0.1,0;0,1;1,7863;7815,10.3614,0
7889,9,Π,накоплено денег в соц группе для возможной покупки дол,[7870]·[7811],0;0,7870;7811,,,,,0,0
7890,9,Π,уровень денежн накоплений насел при котором начинают покупать дол,[7815],0,7815,,,,,0,0
7891,1,Σ,сумма абсол знач весов цен благ соц гр,1·[7876] + 1·[7877] + 1·[7878] + 1·[7879] + 1·[7880] + 1·[7881],,,,,1;1;1;1;1;1,7876;7877;7878;7879;7880;7881,0,0
7892,2,уставка·Σ,ставка налога на жилье,1·(1·[7]),1,0,,,1,7,0,0
7893,2,уставка·Σ,норма жилья,10·(1·1),10,7893,,,1,const,0,1
7894,11,Π/Π,относит вес цены на ПП,[7881] / [7891],0,7881,0,7891,,,0,0
7895,11,Π/Π,относительный вес цены куплен жилья,[7880] / [7891],0,7880,0,7891,,,0,0
7896,11,Π/Π,относительный вес цены досуга,[7876] / [7891],0,7876,0,7891,,,0,0
7897,11,Π/Π,относительный вес цены услуг,[7877] / [7891],0,7877,0,7891,,,0,0
7898,11,Π/Π,относительный вес цены ТНП,[7878] / [7891],0,7878,0,7891,,,0,0
7899,11,Π/Π,относительный вес цены аренд жилья,[7879] / [7891],0,7879,0,7891,,,0,0
8001,14,clip Σ,реальн произв продукции,"clip(1·[8011], 0.2, 1.11111e+06)",0.2,0,1.11111e+06,0,1,8011,0,0
8002,4,1/(Tp+1)·g,потенц произв продукции,"clip(1·(1·[8011]), 0.1, 1)",1,0,1;0.1,0;0,1,8011,0.999575,0
8003,7,min,огранич в произв продукции,"min([8213], [8223], [8243], [8253], [8263], [8273], [8203])",0;0;0;0;0;0;0,8213;8223;8243;8253;8263;8273;8203,,,,,0,0
8004,14,clip Σ,производство продукции,"clip(1·[8017], 0.001, 10000)",0.001,0,10000,0,1,8017,0,0
8005,12,Π/Σ,степень безработицы в секторе,[232]·[8030] / (1e-05·1 + 1·[8009]),0;0,232;8030,,,1e-05;1,const;8009,0,0
8006,9,Π,МЗ от импорта,[8206]·[501],0;0,8206;501,,,,,0,0
8007,7,min,всего реализовано продукции,"min([8001], [8004])",0;0,8001;8004,,,,,0,0
8008,4,1/(Tp+1)·g,материальные затраты,"clip(1·(1.5151·[8018]), 0.02, 1)",1,0,1;0.02,0;0,1.5151,8018,349.367,0
8009,10,Σ·[ref],требуется труда с учетом сменности и потребн в продукции,(0.05·[8093])·[8025],0,8025,,,0.05,8093,0,0
8010,12,Π/Σ,цена рыночная,[8116] / (0.2·1 + 0.8·[8004]),0,8116,,,0.2;0.8,const;8004,0,0
8011,10,Σ·[ref],потенциальное производство продукции,(1·[8080])·[8029],0,8029,,,1,8080,0,0
8012,2,уставка·Σ,подано труда,1·(1·1),1,8012,,,1,const,0,1
8013,11,Π/Π,расходы сект на Фп,[8365]·[8066] / [8072],0;0,8365;8066,0,8072,,,0,0
8014,11,Π/Π,расходы сект на Фа,[8365]·[8068] / [8072],0;0,8365;8068,0,8072,,,0,0
8015,11,Π/Π,количество прибыли для импортного оборудования,[8365]·[8075] / [8072],0;0,8365;8075,0,8072,,,0,0
8016,2,уставка·Σ,общее предложение труда в секторе производства,2·(1·[8012] + 1·[235]),2,0,,,1;1,8012;235,0,0
8017,4,1/(Tp+1)·g,,"clip(1·(1·[8011]), 0.02, 1)",1,0,1;0.02,0;0,1,8011,1,0
8018,1,Σ,сумма номинальных материальных затрат,1·[8006] + 1·[8217] + 1·[8227] + 1·[8237] + 1·[8247] + 1·[8257] + 1·[8267] + 1·[8277],,,,,1;1;1;1;1;1;1;1,8006;8217;8227;8237;8247;8257;8267;8277,0,0
8019,9,Π,цена сырья,[8037]·[8105],0;0,8037;8105,,,,,0,0
8020,2,уставка·Σ,ставка зарплаты,3·(1·1),3,8020,,,1,const,0,1
8021,1,Σ,условно средняя цена поставляемых новых фондов для их развития,0.5·[2039] + 0.5·[3039],,,,,0.5;0.5,2039;3039,0,0
8025,5,∫ с пределами,К сменности,"∫(1·[8076] + -1·[8004]) dt, x0=1, pa1=0.2, hi=2.5",1;0.2,0;0,2.5,0,1;-1,8076;8004,0.99944,0
8026,13,Σ/Π,доход на одного в соц группе сырья,(1·[8052] + 1·[8032]) / [8029],,,0,8029,1;1,8052;8032,0,0
8027,2,уставка·Σ,выручеа как суммаа платежей потребителей продукции,1.8988·(1·[1256] + 1·[2256] + 1·[3256] + 1·[4256] + 1·[5256] + 1·[6256] + 1·[7256] + 1·[8256] + 1·[9256] + 1·[10256] + 1·[11256] + 1·[12256] + 1·[13256] + 1·[8157] + 1·[8158] + 1·[8127]),1.8988,0,,,1;1;1;1;1;1;1;1;1;1;1;1;1;1;1;1,1256;2256;3256;4256;5256;6256;7256;8256;9256;10256;11256;12256;13256;8157;8158;8127,0,0
8029,7,min,используется труда,"min([8016], [8009])",0;0,8016;8009,,,,,0,0
8030,14,clip Σ,безработица,"clip(1·[8012] + -1·[8029], 0, 100000)",0,0,100000,0,1;-1,8012;8029,0,0
8031,10,Σ·[ref],индексация зарплаты,(12·1)·[8020],0,8020,,,12,const,0,0
8032,9,Π,поток зарплаты,[8029]·[8031],0;0,8029;8031,,,,,0,0
8033,1,Σ,общие затраты,1·[8008] + 1·[8051] + 1·[8032],,,,,1;1;1,8008;8051;8032,0,0
8034,1,Σ,все затраты,1·[8033] + 1·[8055],,,,,1;1,8033;8055,0,0
8035,13,Σ/Π,себестоимость,(1·[8034]) / [8004],,,0,8004,1,8034,0,0
8036,9,Π,формирование цены,[8112]·[8113]·[8035],0;0;0,8112;8113;8035,,,,,0,0
8037,4,1/(Tp+1)·g,цена без НДС,"clip(0.5865·(1·[8038] + 1·[8036]), 0.02, 1)",0.5865,0,1;0.02,0;0,1;1,8038;8036,1061.63,0
8038,9,Π,формирование рыночной цены (с учетом ее доли в общей цене),[8035]·[8112]·[8114],0;0;0,8035;8112;8114,,,,,0,0
8039,4,1/(Tp+1)·g,цена с НДС,"clip(1·(1·[8019]), 0.02, 1)",1,0,1;0.02,0;0,1,8019,1239.65,0
8040,9,Π,выручка без НДС,[8037]·[8007],0;0,8037;8007,,,,,0,0
8041,4,1/(Tp+1)·g,сумма выручек внутренней и экспортной,"clip(1·(1·[994]), 0.02, 1)",1,0,1;0.02,0;0,1,994,227.723,0
8042,2,уставка·Σ,сумма выручек внутренней и экспортной,1·(1·[8041] + 1·[8027] + 1·[368]),1,0,,,1;1;1,8041;8027;368,0,0
8043,14,clip Σ,добавленная стоимость,"clip(1·[8042] + -1·[8008], 0, 10000)",0,0,10000,0,1;-1,8042;8008,0,0
8044,14,clip Σ,балансовая прибыль,"clip(1·[8043] + -1·[8050] + -1·[8047] + -1·[8097] + -1·[8054] + -1·[8032] + -1·[8048] + -1·[8073] + -1·[8137], 0, 10000)",0,0,10000,0,1;-1;-1;-1;-1;-1;-1;-1;-1,8043;8050;8047;8097;8054;8032;8048;8073;8137,0,0
8045,1,Σ,чистая прибыль,1·[8044] + -1·[8049],,,,,1;-1,8044;8049,0,0
8046,2,уставка·Σ,стоимость вводимых основных фондов,0.3396·(1·[8078] + 1·[8079] + 1·[8200]),0.3396,0,,,1;1;1,8078;8079;8200,0,0
8047,9,Π,поток НДС,[8043]·[24],0;0,8043;24,,,,,0,0
8048,10,Σ·[ref],поток налога с выручки,(1·[23] + 1·[10])·[8042],0,8042,,,1;1,23;10,0,0
8049,9,Π,поток налога на прибыль,[25]·[8044],0;0,25;8044,,,,,0,0
8050,9,Π,поток налога на фонды,[8063]·[26],0;0,8063;26,,,,,0,0
8051,9,Π,амортизация в себестоимости,[8063]·[8064],0;0,8063;8064,,,,,0,0
8052,12,Π/Σ,доля прибыли в потребление,[8074]·[8045] / (5·1 + 1·[8074]),0;0,8074;8045,,,5;1,const;8074,0,0
8053,4,1/(Tp+1)·g,ФОТ,"clip(1·(1·[8052] + 1·[8032]), 0.1, 1)",1,0,1;0.1,0;0,1;1,8052;8032,227.96,0
8054,9,Π,налог на ФОТ,[8053]·[28],0;0,8053;28,,,,,0,0
8055,1,Σ,сумма налогов,1·[8054] + 1·[8050] + 1·[8048],,,,,1;1;1,8054;8050;8048,0,0
8056,4,1/(Tp+1)·g,инвестируемая прибыль,"clip(1·(1·[8045] + -1·[8052]), 0.01, 1)",1,0,1;0.01,0;0,1;-1,8045;8052,81.2501,0
8057,12,Π/Σ,норма прибыли,[8045] / (0.001·1 + 1·[8049] + 1·[8034]),0,8045,,,0.001;1;1,const;8049;8034,0,0
8058,4,1/(Tp+1)·g,степень финансовых возможностей,"clip(1·(1·[8057]), 0.1, 1)",1,0,1;0.1,0;0,1,8057,0.168143,0
8059,14,clip Σ,индекс финансовых возможностей,"clip(20·[8058], 0, 1)",0,0,1,0,20,8058,0,0
8060,14,clip Σ,степень недостаточности финансов,"clip(1·1 + -1·[8059], 0, 1)",0,0,1,0,1;-1,const;8059,0,0
8061,14,clip Σ,норма выплаты амортизации,"clip(1·[8056], 0, 1)",0,0,1,0,1,8056,0,0
8062,9,Π,реальный поток амортизации,[8061]·[8063]·[8064],0;0;0,8061;8063;8064,,,,,0,0
8063,5,∫ с пределами,стоимость производственных фондов,"∫(1·[8046] + -1·[8073]) dt, x0=0.1, pa1=0, hi=10000",0.1;0,0;0,10000,0,1;-1,8046;8073,1500,0
8064,2,уставка·Σ,коэффициент амортизации,20·(0.01·1),20,8064,,,0.01,const,0,1
8065,2,уставка·Σ,всего инвестиций,1.84·(1·[8056] + 1·[8086] + 1·[8073]),1.84,0,,,1;1;1,8056;8086;8073,0,0
8066,2,уставка·Σ,доля строит в инвестициях,1·(1·1),1,8066,,,1,const,0,1
8067,11,Π/Π,расходы прибыли в строит,[8365]·[8066] / [8072]·[3039],0;0,8365;8066,0;0,8072;3039,,,0,0
8068,2,уставка·Σ,доля машиностроен в инвестиц,2.5·(1·1),2.5,8068,,,1,const,0,1
8069,11,Π/Π,расходы прибыли в машин,[8068]·[8365] / [2039]·[8072],0;0,8068;8365,0;0,2039;8072,,,0,0
8070,2,уставка·Σ,доля НИОКР в инвестиц,0.5·(1·1),0.5,8070,,,1,const,0,1
8071,2,уставка·Σ,доля депозита в инвестиц,0.5·(1·1),0.5,8071,,,1,const,0,1
8072,1,Σ,сумма долей распределения прибыли,1·[8066] + 1·[8068] + 1·[8070] + 1·[8071] + 1·[8075],,,,,1;1;1;1;1,8066;8068;8070;8071;8075,0,0
8073,7,min,реальные амортизационные выплаты,"min([8062], [8056])",0;0,8062;8056,,,,,0,0
8074,14,clip Σ,формирование доли прибыли в потребление,"clip(-5·1 + 100·[8058], 0.2, 100)",0.2,0,100,0,-5;100,const;8058,0,0
8075,2,уставка·Σ,доля прибыли для импорта Фа,0.5·(1·1),0.5,8075,,,1,const,0,1
8076,9,Π,,[8003]·[8116],0;0,8003;8116,,,,,0,0
8077,12,Π/Σ,отношение суммы налогов к добавленной стоимости,[8055] / (0.001·1 + 1·[8043]),0,8055,,,0.001;1,const;8043,0,0
8078,9,Π,стоимость вводимых  Фа,[2039]·[2128],0;0,2039;2128,,,,,0,0
8079,9,Π,стоимость вводимых  Фп,[3039]·[3128],0;0,3039;3128,,,,,0,0
8080,5,∫ с пределами,производительность труда,"∫(1·[8108] + 0·[8080]) dt, x0=1, pa1=0.2, hi=1e+07",1;0.2,0;0,1e+07,0,1;0,8108;8080,1.00014,0
8081,11,Π/Π,расходы прибыли в НИОКР,[8365]·[8070] / [8072],0;0,8365;8070,0,8072,,,0,0
8082,11,Π/Π,расходы прибыли в депозиты,[8365]·[8071] / [8072],0;0,8365;8071,0,8072,,,0,0
8083,3,∫,накопленный депозит,"∫(1·[8082] + 1·[8085] + -1·[8086]) dt, x0=0.001",0.001,0,,,1;1;-1,8082;8085;8086,17.7301,0
8084,14,clip Σ,степень возможностей депозита,"clip(100·[8083], 0, 1)",0,0,1,0,100,8083,0,0
8085,9,Π,самовозрастание депозита,[8083]·[230],0;0,8083;230,,,,,0,0
8086,9,Π,поток инвестиций из депозита,[8362]·[8084],0;0,8362;8084,,,,,0,0
8088,2,уставка·Σ,формир потока амортизац Фа,0.18185·(100·[2128] + 1·[826]),0.18185,0,,,100;1,2128;826,0,0
8089,5,∫ с пределами,количество Фа,"∫(1·[8088] + -1·[8090]) dt, x0=0.01, pa1=0.01, hi=10000",0.01;0.01,0;0,10000,0,1;-1,8088;8090,20,0
8090,9,Π,реальная амортизация Фа,[8064]·[8004]·[8089],0;0;0,8064;8004;8089,,,,,0,0
8091,9,Π,поток амортизации Фп,[8064]·[8092],0;0,8064;8092,,,,,0,0
8092,5,∫ с пределами,количество Фп,"∫(41.667·[3128] + -1·[8091]) dt, x0=0.01, pa1=0.01, hi=10000",0.01;0.01,0;0,10000,0,41.667;-1,3128;8091,20,0
8093,12,Π/Σ,количество рабочих мест,[8092]·[8089] / (0.5·[8092] + 0.5·[8089]),0;0,8092;8089,,,0.5;0.5,8092;8089,0,0
8094,4,1/(Tp+1)·g,продукция для реализации,"clip(1·(1·[8007]), 0.1, 1)",1,0,1;0.1,0;0,1,8007,0.999575,0
8095,4,1/(Tp+1)·g,формиров возврата кредитов,"clip(1·(1·[8044]), 0.1, 1)",1,0,1;0.1,0;0,1,8044,390.329,0
8096,7,min,формиров возврата кредитов,"min([8095], [8442])",0;0,8095;8442,,,,,0,0
8097,2,уставка·Σ,темп возврата кредитов,0·(1·[8096]),0,8097,,,1,8096,0,1
8099,2,уставка·Σ,доли,1·(1·1),1,8099,,,1,const,0,1
8100,10,Σ·[ref],сумма инвестиционных средств для изменения производительности фондов,(0.02388·[8081] + 0.02388·[826])·[880],0,880,,,0.02388;0.02388,8081;826,0,0
8101,1,Σ,алгоритм НДС,1·1 + -1·[24],,,,,1;-1,const;24,0,0
8102,11,Π/Π,алгоритм НДС,[8104]·[24] / [8101]·[8103],0;0,8104;24,0;0,8101;8103,,,0,0
8103,14,clip Σ,формирование НДС,"clip(1·[8040], 0.01, 10000)",0.01,0,10000,0,1,8040,0,0
8104,14,clip Σ,алгоритм НДС,"clip(1·[8040] + -1·[8008], 0, 10000)",0,0,10000,0,1;-1,8040;8008,0,0
8105,1,Σ,алгоритм НДС,1·1 + 1·[8102],,,,,1;1,const;8102,0,0
8106,1,Σ,+/- потока основных активных фондов,1·[2128] + -0.0265·[8090],,,,,1;-0.0265,2128;8090,0,0
8107,1,Σ,+/- потока основных пассивных фондов,1·[3128] + -0.025·[8091],,,,,1;-0.025,3128;8091,0,0
8108,14,clip Σ,,"clip(1·[8100] + -1·[8080], 0, 1e+06)",0,0,1e+06,0,1;-1,8100;8080,0,0
8109,12,Π/Σ,отношение к спросу на продукцию,[8004] / (1e-05·1 + 1·[8116]),0,8004,,,1e-05;1,const;8116,0,0
8110,14,clip Σ,индекс достаточности предложения,"clip(1·[8109], 0, 1)",0,0,1,0,1,8109,0,0
8112,2,уставка·Σ,норматив прибыли монополиста,1.2·(1·1),1.2,8112,,,1,const,0,1
8113,2,уставка·Σ,степень монополизма,0.1·(1·1),0.1,8113,,,1,const,0,1
8114,10,Σ·[ref],монопольная цена с ее долей,(1·1 + -1·[8113])·[8010],0,8010,,,1;-1,const;8113,0,0
8116,4,1/(Tp+1)·g,сумма спросов,"clip(1·(0.8333·[8119]), 0.02, 1)",1,0,1;0.02,0;0,0.8333,8119,0.999581,0
8117,1,Σ,суммарный поток денег возврата долгов поставщикам сырья,1·[8137] + 1·[8367],,,,,1;1,8137;8367,0,0
8119,4,1/(Tp+1)·g,сумма спросов,"clip(1·(1·[8141] + 1·[8142] + 1·[8143] + 1·[8144] + 1·[8145] + 1·[8146] + 1·[8147] + 1·[8148] + 1·[8149] + 1·[8150] + 1·[8151] + 1·[8152] + 1·[8153] + 1·[8154] + 1·[8155] + 1·[8156]), 0.02, 1)",1,0,1;0.02,0;0,1;1;1;1;1;1;1;1;1;1;1;1;1;1;1;1,8141;8142;8143;8144;8145;8146;8147;8148;8149;8150;8151;8152;8153;8154;8155;8156,1.19955,0
8121,11,Π/Π,доля нефть в сырье,[8094]·[8141] / [8001],0;0,8094;8141,0,8001,,,0,0
8122,11,Π/Π,доля нефти в машин,[8094]·[8142] / [8001],0;0,8094;8142,0,8001,,,0,0
8123,11,Π/Π,доля нефти в бюджет,[8094]·[8143] / [8001],0;0,8094;8143,0,8001,,,0,0
8124,11,Π/Π,доля нефти в с-х,[8094]·[8144] / [8001],0;0,8094;8144,0,8001,,,0,0
8125,11,Π/Π,доля нефти в ТНП,[8094]·[8145] / [8001],0;0,8094;8145,0,8001,,,0,0
8126,11,Π/Π,доля нефти в ВПК,[8094]·[8146] / [8001],0;0,8094;8146,0,8001,,,0,0
8127,11,Π/Π,доля нефти в уголь,[8094]·[8147] / [8001],0;0,8094;8147,0,8001,,,0,0
8128,11,Π/Π,доля нефти в нефть,[8094]·[8148] / [8001],0;0,8094;8148,0,8001,,,0,0
8129,11,Π/Π,доля нефти в газпром,[8094]·[8149] / [8001],0;0,8094;8149,0,8001,,,0,0
8130,11,Π/Π,доля нефти в эл-энерг,[8094]·[8150] / [8001],0;0,8094;8150,0,8001,,,0,0
8131,11,Π/Π,доля нефти в пищев пром,[8094]·[8151] / [8001],0;0,8094;8151,0,8001,,,0,0
8132,11,Π/Π,доля нефти в транспорт,[8094]·[8152] / [8001],0;0,8094;8152,0,8001,,,0,0
8133,11,Π/Π,доля нефти проч пром,[8094]·[8153] / [8001],0;0,8094;8153,0,8001,,,0,0
8134,11,Π/Π,доля нефти на экспорт,[8094]·[8154] / [8001],0;0,8094;8154,0,8001,,,0,0
8135,11,Π/Π,доля нефти в бюджет,[8094]·[8155] / [8001],0;0,8094;8155,0,8001,,,0,0
8136,11,Π/Π,доля нефти в торг,[8094]·[8156] / [8001],0;0,8094;8156,0,8001,,,0,0
8137,9,Π,поток возврата долгов проставщикам,[8138]·[99],0;0,8138;99,,,,,0,0
8138,2,уставка·Σ,коэф уменьшения возврата долгов поставщикам сырья,0·(1·[8139]),0,8138,,,1,8139,0,1
8139,7,min,требуемый поток возврата долгов поставщикам сырья,"min([8095], [8410])",0;0,8095;8410,,,,,0,0
8141,4,1/(Tp+1)·g,спрос на нефть в сырье,"clip(1·(1·[1252]), 0.5, 1)",1,0,1;0.5,0;0,1,1252,0.0199714,0
8142,4,1/(Tp+1)·g,спрос на нефть из маш,"clip(1·(1·[2252]), 0.1, 1)",1,0,1;0.1,0;0,1,2252,0.0182349,0
8143,4,1/(Tp+1)·g,спрос на нефть из строит,"clip(1·(1·[3252]), 0.1, 1)",1,0,1;0.1,0;0,1,3252,0.0400319,0
8144,4,1/(Tp+1)·g,спрос на нефть   из с-х,"clip(1·(1·[4252]), 0.1, 1)",1,0,1;0.1,0;0,1,4252,0.0999822,0
8145,4,1/(Tp+1)·g,спрос на нефть   из ТНП,"clip(1·(1·[5252]), 0.1, 1)",1,0,1;0.1,0;0,1,5252,0.169923,0
8146,4,1/(Tp+1)·g,спрос на нефть   из ВПК,"clip(1·(1·[6252]), 0.1, 1)",1,0,1;0.1,0;0,1,6252,0.0198406,0
8147,4,1/(Tp+1)·g,спрос на нефть  в угле,"clip(1·(1·[7252]), 0.5, 1)",1,0,1;0.5,0;0,1,7252,0.00998255,0
8148,4,1/(Tp+1)·g,спрос на нефть из нефти,"clip(1·(1·[8252]), 0.1, 1)",1,0,1;0.1,0;0,1,8252,0.00999581,0
8149,4,1/(Tp+1)·g,спрос на нефть   из газа,"clip(1·(1·[9252]), 0.1, 1)",1,0,1;0.1,0;0,1,9252,0.0200098,0
8150,4,1/(Tp+1)·g,спрос на нефть из эл-энер,"clip(1·(1·[10252]), 0.1, 1)",1,0,1;0.1,0;0,1,10252,0.149963,0
8151,4,1/(Tp+1)·g,спрос на нефть   из пищев пром,"clip(1·(1·[11252]), 0.1, 1)",1,0,1;0.1,0;0,1,11252,0.0199954,0
8152,4,1/(Tp+1)·g,спрос на нефть   из транспорта,"clip(1·(1·[12252]), 0.1, 1)",1,0,1;0.1,0;0,1,12252,0.139679,0
8153,4,1/(Tp+1)·g,спрос на нефть   из проч пром,"clip(1·(1·[13252]), 0.5, 1)",1,0,1;0.5,0;0,1,13252,0.0199595,0
8154,4,1/(Tp+1)·g,поставка нефти  на  экспорт,"clip(1·(1·[8161]), 0.1, 1)",1,0,1;0.1,0;0,1,8161,0.3,0
8155,4,1/(Tp+1)·g,спрос на нефть  в бюджет,"clip(1·(1·[268]), 0.1, 1)",1,0,1;0.1,0;0,1,268,0.0625728,0
8156,4,1/(Tp+1)·g,спрос на нефть  в торговлю,"clip(1·(1·[804]), 0.1, 1)",1,0,1;0.1,0;0,1,804,0.0994059,0
8157,1,Σ,возврат долгов от потребителей исходн сырья,1·[1405] + 1·[2405] + 1·[3405] + 1·[4405] + 1·[5405] + 1·[6405] + 1·[7405] + 1·[8405] + 1·[9405] + 1·[10405] + 1·[11405] + 1·[12405] + 1·[13405],,,,,1;1;1;1;1;1;1;1;1;1;1;1;1,1405;2405;3405;4405;5405;6405;7405;8405;9405;10405;11405;12405;13405,0,0
8158,1,Σ,возврат долгов через заем в банке оборотнго кредита потребителями исходн сырья,1·[1415] + 1·[2415] + 1·[3415] + 1·[4415] + 1·[5415] + 1·[6415] + 1·[7415] + 1·[8415] + 1·[9415] + 1·[10415] + 1·[11415] + 1·[12415] + 1·[13415],,,,,1;1;1;1;1;1;1;1;1;1;1;1;1,1415;2415;3415;4415;5415;6415;7415;8415;9415;10415;11415;12415;13415,0,0
8160,2,уставка·Σ,экспортная цена в дол,1·(65·1),1,8160,,,65,const,0,1
8161,7,min,заявка на экспорт в секторе сырья,"min([8171], [8163], [8162])",0;0;0,8171;8163;8162,,,,,0,0
8162,15,ключ,ограничение экспортаот низкой цены экспорта,(-1·1 + 1·[8164]) > 0 ? [1] : 0,,,0,1,-1;1,const;8164,0,0
8163,2,уставка·Σ,квота экспорта на сырье,50·(0.01·1),50,8163,,,0.01,const,0,1
8164,13,Σ/Π,доля экспорта сырья,(1.2·[8165]) / [8039]·[8166],,,0;0,8039;8166,1.2,8165,0,0
8165,9,Π,цена экспорта сырья в рубл,[8160]·[501],0;0,8160;501,,,,,0,0
8166,1,Σ,таможенный тариф на нефть,1·1 + 1·[325],,,,,1;1,const;325,0,0
8167,10,Σ·[ref],экспортная выручка в рублевом выражении,(1.333·[8170])·[501],0,501,,,1.333,8170,0,0
8168,9,Π,объем уплаты тарифа,[8169]·[325],0;0,8169;325,,,,,0,0
8169,9,Π,экспортная выручка в долл,[8160]·[8134],0;0,8160;8134,,,,,0,0
8170,10,Σ·[ref],предлож долл от экспортной выручки на бирже,(1.25·[8176])·[530],0,530,,,1.25,8176,0,0
8171,2,уставка·Σ,,30·(0.01·1),30,8171,,,0.01,const,0,1
8173,1,Σ,остаток экспортн выр в дол после продажи необх доли выручки на бирже,1.25·[8176] + -1·[8170],,,,,1.25;-1,8176;8170,0,0
8174,5,∫ с пределами,дол накопления в секторе,"∫(1·[8173] + -1·[8199]) dt, x0=1, pa1=0, hi=1e+06",1;0,0;0,1e+06,0,1;-1,8173;8199,1038.67,0
8175,9,Π,дол из чистой прибыли на закупку Фа,[8015]·[527],0;0,8015;527,,,,,0,0
8176,1,Σ,экспортн выр после уплаты таможенных сборов,1·[8169] + -1·[8168],,,,,1;-1,8169;8168,0,0
8197,9,Π,расх на импортн Фа  в рублевом выражении,[8199]·[501],0;0,8199;501,,,,,0,0
8198,2,уставка·Σ,степень интенс расхода накопления инвалюты для импорта Фа,0.4·(1·[8174]),0.4,8198,,,1,8174,0,1
8199,15,ключ,вкл инвал накоплений для импорта Фа,(1·[8075] + -10·[8015]) > 0 ? [8198] : 0,,,0,8198,1;-10,8075;8015,0,0
8200,1,Σ,суммарные рубли за куплен импортн Фа,1·[8175] + 1·[8197],,,,,1;1,8175;8197,0,0
8201,2,уставка·Σ,К импорта в сектор,0·(0.01·1),0,8201,,,0.01,const,0,1
8202,9,Π,спрос сектора на валюту для импорта сырья,[8007]·[8201]·[408]·[468],0;0;0;0,8007;8201;408;468,,,,,0,0
8203,14,clip Σ,степень наличия исходн импортного сырья для производства,"clip(10·[8204], 0, 1)",0,0,1,0,10,8204,0,0
8204,5,∫ с пределами,накоплено импортного сырья в секторе,"∫(1·[8209] + -1·[8210]) dt, x0=1, pa1=0.01, hi=1e+07",1;0.01,0;0,1e+07,0,1;-1,8209;8210,2,0
8205,9,Π,заявка на дол для сырья с учетом фин возможностей,[8202]·[8059],0;0,8202;8059,,,,,0,0
8206,7,min,реадьно полученные дол для импорта сырья,"min([8207], [8202])",0;0,8207;8202,,,,,0,0
8207,9,Π,степень удовлетворения в дол для закупки сырья,[527]·[8205],0;0,527;8205,,,,,0,0
8208,9,Π,поток тарифа в бюджет за импорт сырья,[8206]·[448],0;0,8206;448,,,,,0,0
8209,13,Σ/Π,поток закупленного импортного сырья,(1·[8206] + -1·[8208]) / [408],,,0,408,1;-1,8206;8208,0,0
8210,9,Π,поток расхода импортного сырья,[8201]·[8007],0;0,8201;8007,,,,,0,0
8211,2,уставка·Σ,К сырья в сектор,0.1·(1·1),0.1,8211,,,1,const,0,1
8212,11,Π/Π,спрос сектора на исходный продукт,[8011]·[8211]·[8471] / [8219]·[8219]·[8219],0;0;0,8011;8211;8471,0;0;0,8219;8219;8219,,,0,0
8213,14,clip Σ,степень наличия исходн продуктов для производства,"clip(5·[8214], 0, 1)",0,0,1,0,5,8214,0,0
8214,11,Π/Π,степень наличия исходных продуктов,[8219] / [8004],0,8219,0,8004,,,0,0
8215,5,∫ с пределами,сумма долга поставщику исх прод,"∫(1·[8218] + -1·[8401] + -1·[8411]) dt, x0=1, pa1=0, hi=1e+07",1;0,0;0,1e+07,0,1;-1;-1,8218;8401;8411,0,0
8216,1,Σ,реалбные текущие мат затраты на оплату конкретн исх прод,1·[8217] + -1·[8218],,,,,1;-1,8217;8218,0,0
8217,9,Π,требуемые текущие мат затраты по конкретн поставке,[8292]·[1039],0;0,8292;1039,,,,,0,0
8218,9,Π,степень недостаточности финансовых средств,[8217]·[8060],0;0,8217;8060,,,,,0,0
8219,5,∫ с пределами,склад исходной продукции,"∫(-1·[8220] + 1·[8292]) dt, x0=50, pa1=0.001, hi=1e+06",50;0.001,0;0,1e+06,0,-1;1,8220;8292,0.999997,0
8220,9,Π,поток расходов исходного продукта,[8211]·[8007],0;0,8211;8007,,,,,0,0
8221,2,уставка·Σ,К угля в сектор,0·(1·1),0,8221,,,1,const,0,1
8222,11,Π/Π,спрос сектора на исходный продукт,[8011]·[8221]·[8472] / [8229]·[8229]·[8229],0;0;0,8011;8221;8472,0;0;0,8229;8229;8229,,,0,0
8223,14,clip Σ,степень наличия исходн продуктов для производства,"clip(5·[8224], 0, 1)",0,0,1,0,5,8224,0,0
8224,11,Π/Π,степень наличия исходных продуктов,[8229] / [8004],0,8229,0,8004,,,0,0
8225,5,∫ с пределами,сумма долга поставщику исх прод,"∫(1·[8228] + -1·[8402] + -1·[8412]) dt, x0=1, pa1=0, hi=1e+07",1;0,0;0,1e+07,0,1;-1;-1,8228;8402;8412,0,0
8226,1,Σ,реалбные текущие мат затраты на оплату конкретн исх прод,1·[8227] + -1·[8228],,,,,1;-1,8227;8228,0,0
8227,9,Π,требуемые текущие мат затраты по конкретн поставке,[8293]·[7039],0;0,8293;7039,,,,,0,0
8228,9,Π,степень недостаточности финансовых средств,[8227]·[8060],0;0,8227;8060,,,,,0,0
8229,5,∫ с пределами,склад исходной продукции,"∫(-1·[8230] + 1·[8293]) dt, x0=50, pa1=0.001, hi=1e+06",50;0.001,0;0,1e+06,0,-1;1,8230;8293,1.07,0
8230,9,Π,поток расходов исходного продукта,[8221]·[8007],0;0,8221;8007,,,,,0,0
8231,2,уставка·Σ,К газа в сектор,0·(1·1),0,8231,,,1,const,0,1
8232,12,Π/Σ,спрос сектора на исходный продукт,[8011]·[8231]·[8473] / (1·1 + 1·[8234]),0;0;0,8011;8231;8473,,,1;1,const;8234,0,0
8233,14,clip Σ,степень наличия исходн продуктов для производства,"clip(5·[8234], 0, 1)",0,0,1,0,5,8234,0,0
8234,4,1/(Tp+1)·g,степень наличия исходных продуктов,"clip(1·(1·[8239]), 0.1, 1)",1,0,1;0.1,0;0,1,8239,0,0
8235,5,∫ с пределами,сумма долга поставщику исх прод,"∫(1·[8238] + -1·[8403] + -1·[8413]) dt, x0=1, pa1=0, hi=1e+07",1;0,0;0,1e+07,0,1;-1;-1,8238;8403;8413,0,0
8236,1,Σ,реалбные текущие мат затраты на оплату конкретн исх прод,1·[8237] + -1·[8238],,,,,1;-1,8237;8238,0,0
8237,9,Π,требуемые текущие мат затраты по конкретн поставке,[8294]·[9039],0;0,8294;9039,,,,,0,0
8238,9,Π,степень недостаточности финансовых средств,[8237]·[8060],0;0,8237;8060,,,,,0,0
8239,12,Π/Σ,склад исходной продукции,[8294] / (1e-07·1 + 1·[8240]),0,8294,,,1e-07;1,const;8240,0,0
8240,9,Π,поток расходов исходного продукта,[8231]·[8007],0;0,8231;8007,,,,,0,0
8241,2,уставка·Σ,К электрич сектор,0.03·(1·1),0.03,8241,,,1,const,0,1
8242,12,Π/Σ,спрос сектора на исходный продукт,[8011]·[8241]·[8474] / (0.001·1 + 1·[8244]),0;0;0,8011;8241;8474,,,0.001;1,const;8244,0,0
8243,14,clip Σ,степень наличия исходн продуктов для производства,"clip(5·[8244], 0, 1)",0,0,1,0,5,8244,0,0
8244,4,1/(Tp+1)·g,степень наличия исходных продуктов,"clip(1·(1·[8249]), 0.1, 1)",1,0,1;0.1,0;0,1,8249,0.999447,0
8245,5,∫ с пределами,сумма долга поставщику исх прод,"∫(1·[8248] + -1·[8404] + -1·[8414]) dt, x0=1, pa1=0, hi=1e+07",1;0,0;0,1e+07,0,1;-1;-1,8248;8404;8414,0,0
8246,1,Σ,реалбные текущие мат затраты на оплату конкретн исх прод,1·[8247] + -1·[8248],,,,,1;-1,8247;8248,0,0
8247,9,Π,требуемые текущие мат затраты по конкретн поставке,[8295]·[10039],0;0,8295;10039,,,,,0,0
8248,9,Π,степень недостаточности финансовых средств,[8247]·[8060],0;0,8247;8060,,,,,0,0
8249,12,Π/Σ,склад исходной продукции,[8295] / (1e-07·1 + 1·[8250]),0,8295,,,1e-07;1,const;8250,0,0
8250,9,Π,8оток расходов исходного продукта,[8241]·[8007],0;0,8241;8007,,,,,0,0
8251,2,уставка·Σ,К нефти в сектор,0.01·(1·1),0.01,8251,,,1,const,0,1
8252,11,Π/Π,спрос сектора на исходный продукт,[8011]·[8251]·[8475] / [8259]·[8259]·[8259],0;0;0,8011;8251;8475,0;0;0,8259;8259;8259,,,0,0
8253,14,clip Σ,степень наличия исходн продуктов для производства,"clip(5·[8254], 0, 1)",0,0,1,0,5,8254,0,0
8254,11,Π/Π,степень наличия исходных продуктов,[8259] / [8004],0,8259,0,8004,,,0,0
8255,5,∫ с пределами,сумма долга поставщику исх прод,"∫(1·[8258] + -1·[8405] + -1·[8415]) dt, x0=1, pa1=0, hi=1e+07",1;0,0;0,1e+07,0,1;-1;-1,8258;8405;8415,0,0
8256,1,Σ,реалбные текущие мат затраты на оплату конкретн исх прод,1·[8257] + -1·[8258],,,,,1;-1,8257;8258,0,0
8257,9,Π,требуемые текущие мат затраты по конкретн поставке,[8296]·[8039],0;0,8296;8039,,,,,0,0
8258,9,Π,степень недостаточности финансовых средств,[8257]·[8060],0;0,8257;8060,,,,,0,0
8259,5,∫ с пределами,склад исходной продукции,"∫(-1·[8260] + 1·[8296]) dt, x0=50, pa1=0.001, hi=1e+06",50;0.001,0;0,1e+06,0,-1;1,8260;8296,0.999998,0
8260,9,Π,поток расходов исходного продукта,[8251]·[8007],0;0,8251;8007,,,,,0,0
8261,2,уставка·Σ,К прочих в сектор,0.06·(1·1),0.06,8261,,,1,const,0,1
8262,11,Π/Π,спрос сектора на исходный продукт,[8011]·[8261]·[8476] / [8269]·[8269]·[8269],0;0;0,8011;8261;8476,0;0;0,8269;8269;8269,,,0,0
8263,14,clip Σ,степень наличия исходн продуктов для производства,"clip(5·[8264], 0, 1)",0,0,1,0,5,8264,0,0
8264,11,Π/Π,степень наличия исходных продуктов,[8269] / [8004],0,8269,0,8004,,,0,0
8265,5,∫ с пределами,сумма долга поставщику исх прод,"∫(1·[8268] + -1·[8406] + -1·[8416]) dt, x0=1, pa1=0, hi=1e+07",1;0,0;0,1e+07,0,1;-1;-1,8268;8406;8416,0,0
8266,1,Σ,реалбные текущие мат затраты на оплату конкретн исх прод,1·[8267] + -1·[8268],,,,,1;-1,8267;8268,0,0
8267,9,Π,требуемые текущие мат затраты по конкретн поставке,[8297]·[13039],0;0,8297;13039,,,,,0,0
8268,9,Π,степень недостаточности финансовых средств,[8267]·[8060],0;0,8267;8060,,,,,0,0
8269,5,∫ с пределами,склад исходной продукции,"∫(-1·[8270] + 1·[8297]) dt, x0=50, pa1=0.001, hi=1e+06",50;0.001,0;0,1e+06,0,-1;1,8270;8297,1.00001,0
8270,9,Π,поток расходов исходного продукта,[8261]·[8007],0;0,8261;8007,,,,,0,0
8271,2,уставка·Σ,К трансп в сектор,0.06·(1·1),0.06,8271,,,1,const,0,1
8272,12,Π/Σ,спрос сектора на исходный продукт,[8011]·[8271]·[8477] / (0.001·1 + 1·[8274]),0;0;0,8011;8271;8477,,,0.001;1,const;8274,0,0
8273,14,clip Σ,степень наличия исходн продуктов для производства,"clip(5·[8274], 0, 1)",0,0,1,0,5,8274,0,0
8274,4,1/(Tp+1)·g,степень наличия исходных продуктов,"clip(1·(1·[8279]), 0.1, 1)",1,0,1;0.1,0;0,1,8279,0.999498,0
8275,5,∫ с пределами,сумма долга поставщику исх прод,"∫(1·[8278] + -1·[8407] + -1·[8417]) dt, x0=1, pa1=0, hi=1e+07",1;0,0;0,1e+07,0,1;-1;-1,8278;8407;8417,0,0
8276,1,Σ,реалбные текущие мат затраты на оплату конкретн исх прод,1·[8277] + -1·[8278],,,,,1;-1,8277;8278,0,0
8277,9,Π,требуемые текущие мат затраты по конкретн поставке,[8298]·[12039],0;0,8298;12039,,,,,0,0
8278,9,Π,степень недостаточности финансовых средств,[8277]·[8060],0;0,8277;8060,,,,,0,0
8279,12,Π/Σ,склад исходной продукции,[8298] / (1e-07·1 + 1·[8280]),0,8298,,,1e-07;1,const;8280,0,0
8280,9,Π,поток расходов исходного продукта,[8271]·[8007],0;0,8271;8007,,,,,0,0
8285,2,уставка·Σ,,0·(1·1),0,8285,,,1,const,0,1
8290,2,уставка·Σ,,0.01·(1·1),0.01,0,,,1,const,0,0
8292,1,Σ,,1·[1128],,,,,1,1128,0,0
8293,1,Σ,,1·[7128],,,,,1,7128,0,0
8294,1,Σ,,1·[9128],,,,,1,9128,0,0
8295,1,Σ,,1·[10128],,,,,1,10128,0,0
8296,1,Σ,,1·[8128],,,,,1,8128,0,0
8297,1,Σ,,1·[13128],,,,,1,13128,0,0
8298,1,Σ,,1·[12128],,,,,1,12128,0,0
8299,2,уставка·Σ,максим уровень долга поставщику сырья при котором берут кредит,10·(1·1),10,8299,,,1,const,0,1
8301,14,clip Σ,формир отключ поставок сырья при длительной их неоплате,"clip(1·[8217], 0.0001, 1e+07)",0.0001,0,1e+07,0,1,8217,0,0
8302,11,Π/Π,формир отключ поставок сырья при длительной их неоплате,[8215] / [8301],0,8215,0,8301,,,0,0
8303,15,ключ,формир отключ поставок сырья при длительной их неоплате,(-1·[8302] + 1·[1400]) > 0 ? [1] : 0,,,0,1,-1;1,8302;1400,0,0
8306,14,clip Σ,формир отключ поставок сырья при длительной их неоплате,"clip(1·[1227], 0.0001, 1e+07)",0.0001,0,1e+07,0,1,1227,0,0
8307,11,Π/Π,формир отключ поставок сырья при длительной их неоплате,[8225] / [8306],0,8225,0,8306,,,0,0
8308,15,ключ,формир отключ поставок сырья при длительной их неоплате,(-1·[8307] + 1·[7400]) > 0 ? [1] : 0,,,0,1,-1;1,8307;7400,0,0
8311,14,clip Σ,формир отключ поставок сырья при длительной их неоплате,"clip(1·[1237], 0.0001, 1e+07)",0.0001,0,1e+07,0,1,1237,0,0
8312,11,Π/Π,формир отключ поставок сырья при длительной их неоплате,[8235] / [8311],0,8235,0,8311,,,0,0
8313,15,ключ,формир отключ поставок сырья при длительной их неоплате,(-1·[8312] + 1·[9400]) > 0 ? [1] : 0,,,0,1,-1;1,8312;9400,0,0
8316,14,clip Σ,формир отключ поставок сырья при длительной их неоплате,"clip(1·[1247], 0.0001, 1e+07)",0.0001,0,1e+07,0,1,1247,0,0
8317,11,Π/Π,формир отключ поставок сырья при длительной их неоплате,[8245] / [8316],0,8245,0,8316,,,0,0
8318,15,ключ,формир отключ поставок сырья при длительной их неоплате,(-1·[8317] + 1·[10400]) > 0 ? [1] : 0,,,0,1,-1;1,8317;10400,0,0
8321,14,clip Σ,формир отключ поставок сырья при длительной их неоплате,"clip(1·[1257], 0.0001, 1e+07)",0.0001,0,1e+07,0,1,1257,0,0
8322,11,Π/Π,формир отключ поставок сырья при длительной их неоплате,[8255] / [8321],0,8255,0,8321,,,0,0
8323,15,ключ,формир отключ поставок сырья при длительной их неоплате,(-1·[8322] + 1·[8400]) > 0 ? [1] : 0,,,0,1,-1;1,8322;8400,0,0
8326,14,clip Σ,формир отключ поставок сырья при длительной их неоплате,"clip(1·[1267], 0.0001, 1e+07)",0.0001,0,1e+07,0,1,1267,0,0
8327,11,Π/Π,формир отключ поставок сырья при длительной их неоплате,[8265] / [8326],0,8265,0,8326,,,0,0
8328,15,ключ,формир отключ поставок сырья при длительной их неоплате,(-1·[8327] + 1·[13400]) > 0 ? [1] : 0,,,0,1,-1;1,8327;13400,0,0
8331,14,clip Σ,формир отключ поставок сырья при длительной их неоплате,"clip(1·[1277], 0.0001, 1e+07)",0.0001,0,1e+07,0,1,1277,0,0
8332,11,Π/Π,формир отключ поставок сырья при длительной их неоплате,[8275] / [8331],0,8275,0,8331,,,0,0
8333,15,ключ,формир отключ поставок сырья при длительной их неоплате,(-1·[8332] + 1·[12400]) > 0 ? [1] : 0,,,0,1,-1;1,8332;12400,0,0
8362,14,clip Σ,подключение депозитов для погашения долгов поставщикам сырья,"clip(-1·1 + 1·[8410], 0, 1e+07)",0,0,1e+07,0,-1;1,const;8410,0,0
8363,2,уставка·Σ,предельная величина максим долга при котором прекращаются инвестиц расходы,5·(1·1),5,8363,,,1,const,0,1
8364,8,max,выбор максимального долга за сырье,"max([8215], [8225], [8235], [8245], [8255], [8265], [8275], [8285])",0;0;0;0;0;0;0;0,8215;8225;8235;8245;8255;8265;8275;8285,,,,,0,0
8365,15,ключ,выключение инвестиций при необходимости платить долги поставщикам сырья,(1·[8363] + -1·[8364]) > 0 ? [8065] : 0,,,0,8065,1;-1,8363;8364,0,0
8366,15,ключ,выключ инвестиций в оплату долгов поставщикам сырья,(-1·[8363] + 1·[8364]) > 0 ? [8065] : 0,,,0,8065,-1;1,8363;8364,0,0
8367,1,Σ,поток денег из депозита и инвестиций для погашения долга поставщикам сырья,1·[8366] + 1·[8086],,,,,1;1,8366;8086,0,0
8400,2,уставка·Σ,предельная величина неоплаты поставок сырья при которой еще сохраняется поставка,1·(1·1),1,8400,,,1,const,0,1
8401,11,Π/Π,возврат долга за поставку сырья из прибыли,[8215]·[8117] / [8410],0;0,8215;8117,0,8410,,,0,0
8402,11,Π/Π,возврат долга за поставку сырья из прибыли,[8225]·[8117] / [8410],0;0,8225;8117,0,8410,,,0,0
8403,11,Π/Π,возврат долга за поставку сырья из прибыли,[8235]·[8117] / [8410],0;0,8235;8117,0,8410,,,0,0
8404,11,Π/Π,возврат долга за поставку сырья из прибыли,[8245]·[8117] / [8410],0;0,8245;8117,0,8410,,,0,0
8405,11,Π/Π,возврат долга за поставку сырья из прибыли,[8255]·[8117] / [8410],0;0,8255;8117,0,8410,,,0,0
8406,11,Π/Π,возврат долга за поставку сырья из прибыли,[8265]·[8117] / [8410],0;0,8265;8117,0,8410,,,0,0
8407,11,Π/Π,возврат долга за поставку сырья из прибыли,[8275]·[8117] / [8410],0;0,8275;8117,0,8410,,,0,0
8410,14,clip Σ,сумма всех долгов за поставку сырья,"clip(1·[8215] + 1·[8225] + 1·[8235] + 1·[8245] + 1·[8255] + 1·[8265] + 1·[8275], 0.001, 1e+08)",0.001,0,1e+08,0,1;1;1;1;1;1;1,8215;8225;8235;8245;8255;8265;8275,0,0
8411,11,Π/Π,возврат долга за поставку сырья из прибыли,[8421]·[8441] / [8420],0;0,8421;8441,0,8420,,,0,0
8412,11,Π/Π,возврат долга за поставку сырья из прибыли,[8422]·[8441] / [8420],0;0,8422;8441,0,8420,,,0,0
8413,11,Π/Π,возврат долга за поставку сырья из прибыли,[8423]·[8441] / [8420],0;0,8423;8441,0,8420,,,0,0
8414,11,Π/Π,возврат долга за поставку сырья из прибыли,[8424]·[8441] / [8420],0;0,8424;8441,0,8420,,,0,0
8415,11,Π/Π,возврат долга за поставку сырья из прибыли,[8425]·[8441] / [8420],0;0,8425;8441,0,8420,,,0,0
8416,11,Π/Π,возврат долга за поставку сырья из прибыли,[8426]·[8441] / [8420],0;0,8426;8441,0,8420,,,0,0
8417,11,Π/Π,возврат долга за поставку сырья из прибыли,[8427]·[8441] / [8420],0;0,8427;8441,0,8420,,,0,0
8420,14,clip Σ,сумма всех долгов за поставку сырья,"clip(1·[8421] + 1·[8422] + 1·[8423] + 1·[8424] + 1·[8425] + 1·[8426] + 1·[8427], 0.001, 1e+08)",0.001,0,1e+08,0,1;1;1;1;1;1;1,8421;8422;8423;8424;8425;8426;8427,0,0
8421,14,clip Σ,потребность в оборотном кредите,"clip(1·[8215] + -1·[1299], 0, 1e+06)",0,0,1e+06,0,1;-1,8215;1299,0,0
8422,14,clip Σ,потребность в оборотном кредите,"clip(1·[8225] + -1·[7299], 0, 1e+06)",0,0,1e+06,0,1;-1,8225;7299,0,0
8423,14,clip Σ,потребность в оборотном кредите,"clip(1·[8235] + -1·[9299], 0, 1e+06)",0,0,1e+06,0,1;-1,8235;9299,0,0
8424,14,clip Σ,потребность в оборотном кредите,"clip(1·[8245] + -1·[10299], 0, 1e+06)",0,0,1e+06,0,1;-1,8245;10299,0,0
8425,14,clip Σ,потребность в оборотном кредите,"clip(1·[8255] + -1·[8299], 0, 1e+06)",0,0,1e+06,0,1;-1,8255;8299,0,0
8426,14,clip Σ,потребность в оборотном кредите,"clip(1·[8265] + -1·[13299], 0, 1e+06)",0,0,1e+06,0,1;-1,8265;13299,0,0
8427,14,clip Σ,потребность в оборотном кредите,"clip(1·[8275] + -1·[12299], 0, 1e+06)",0,0,1e+06,0,1;-1,8275;12299,0,0
8441,7,min,поток кредита из банка,"min([8452], [8445])",0;0,8452;8445,,,,,0,0
8442,5,∫ с пределами,текущий кредитный долг банку,"∫(1·[8441] + -1·[1097] + 1·[8443]) dt, x0=1, pa1=0, hi=1e+07",1;0,0;0,1e+07,0,1;-1;1,8441;1097;8443,0,0
8443,9,Π,поток процентов за выданный оборотный кредит,[8442]·[47],0;0,8442;47,,,,,0,0
8444,14,clip Σ,сигнал о возможности кредитования банком оборотных средств,"clip(-0.1·[8442] + 0.1·[8448], 0, 1)",0,0,1,0,-0.1;0.1,8442;8448,0,0
8445,9,Π,поток кредита оборотных средств выдаваемых банком,[8452]·[8444]·[8446],0;0;0,8452;8444;8446,,,,,0,0
8446,14,clip Σ,сигнал о том что норма прибыли больше ставки кредита,"clip(1·[8450], 0, 1)",0,0,1,0,1,8450,0,0
8447,1,Σ,формирование сигнала о возможности кредитования,1·1 + 1·[8450],,,,,1;1,const;8450,0,0
8448,9,Π,формиросание сигнала о возможности кредитования,[8449]·[8447],0;0,8449;8447,,,,,0,0
8449,2,уставка·Σ,коэф ликвидности основных фондов для возможности банковского кредитования,0.1·(0.1·[8063]),0.1,8449,,,0.1,8063,0,1
8450,2,уставка·Σ,учет превышения нормы проб над ставкой кредита для эффективности кредитования,3·(1·[8451]),3,0,,,1,8451,0,0
8451,11,Π/Π,превышение нормы прибыли стаки кркдита,[8058] / [47],0,8058,0,47,,,0,0
8452,9,Π,потребность в оборотном кредите,[8420]·[199],0;0,8420;199,,,,,0,0
8461,9,Π,сигнал о прекращении поставок сырья при неоплате ранее поставленного,[88]·[8303],0;0,88;8303,,,,,0,0
8462,9,Π,сигнал о прекращении поставок сырья при неоплате ранее поставленного,[88]·[8308],0;0,88;8308,,,,,0,0
8463,9,Π,сигнал о прекращении поставок сырья при неоплате ранее поставленного,[88]·[8313],0;0,88;8313,,,,,0,0
8464,9,Π,сигнал о прекращении поставок сырья при неоплате ранее поставленного,[88]·[8318],0;0,88;8318,,,,,0,0
8465,9,Π,сигнал о прекращении поставок сырья при неоплате ранее поставленного,[88]·[8323],0;0,88;8323,,,,,0,0
8466,9,Π,сигнал о прекращении поставок сырья при неоплате ранее поставленного,[88]·[8328],0;0,88;8328,,,,,0,0
8467,9,Π,сигнал о прекращении поставок сырья при неоплате ранее поставленного,[88]·[8333],0;0,88;8333,,,,,0,0
8471,1,Σ,включ сигнала о небходимости прекращения поставок сырья при отсутств их оплаты,1·[8461] + 1·[189],,,,,1;1,8461;189,0,0
8472,1,Σ,включ сигнала о небходимости прекращения поставок сырья при отсутств их оплаты,1·[8462] + 1·[189],,,,,1;1,8462;189,0,0
8473,1,Σ,включ сигнала о небходимости прекращения поставок сырья при отсутств их оплаты,1·[8463] + 1·[189],,,,,1;1,8463;189,0,0
8474,1,Σ,включ сигнала о небходимости прекращения поставок сырья при отсутств их оплаты,1·[8464] + 1·[189],,,,,1;1,8464;189,0,0
8475,1,Σ,включ сигнала о небходимости прекращения поставок сырья при отсутств их оплаты,1·[8465] + 1·[189],,,,,1;1,8465;189,0,0
8476,1,Σ,включ сигнала о небходимости прекращения поставок сырья при отсутств их оплаты,1·[8466] + 1·[189],,,,,1;1,8466;189,0,0
8477,1,Σ,включ сигнала о небходимости прекращения поставок сырья при отсутств их оплаты,1·[8467] + 1·[189],,,,,1;1,8467;189,0,0
8802,2,уставка·Σ,доход,1·(0.1496·[8026]),1,8802,,,0.1496,8026,0,1
8803,9,Π,сумма подоходн налога из соц группы,[8804]·[8811],0;0,8804;8811,,,,,0,0
8804,9,Π,масса подоходного налога,[8802]·[22],0;0,8802;22,,,,,0,0
8805,4,1/(Tp+1)·g,чистый доход,"clip(1·(1·[8802] + -1·[8806] + -1·[8804]), 0.1, 1)",1,0,1;0.1,0;0,1;-1;-1,8802;8806;8804,28.3212,0
8806,9,Π,другие платежи,[8802]·[21],0;0,8802;21,,,,,0,0
8807,9,Π,другие платежи,[8806]·[8811],0;0,8806;8811,,,,,0,0
8808,9,Π,спрос соц группы на услуги,[8874]·[8811],0;0,8874;8811,,,,,0,0
8809,9,Π,спрос на ТНП в социальной группе,[8860]·[8811],0;0,8860;8811,,,,,0,0
8810,9,Π,спрос на стоящ жилье в соц группе,[8844]·[8811],0;0,8844;8811,,,,,0,0
8811,2,уставка·Σ,количество человек в соц группе,1·(1·[8012]),1,8811,,,1,8012,0,1
8812,9,Π,формир фин возмож,[8828]·[8828],0;0,8828;8828,,,,,0,0
8814,10,Σ·[ref],формир финан возм,(2.3·[8812])·[8815],0,8815,,,2.3,8812,0,0
8815,5,∫ с пределами,денежные накопления,"∫(1·[8816] + -1·[8814] + -1·[8870]) dt, x0=1, pa1=0.001, hi=100000",1;0.001,0;0,100000,0,1;-1;-1,8816;8814;8870,8.07658,0
8816,11,Π/Π,формир денежн накоплений,[8838]·[8838]·[8805] / [8819]·[8819],0;0;0,8838;8838;8805,0;0,8819;8819,,,0,0
8817,11,Π/Π,формир соц напряженности,[8815] / [8818],0,8815,0,8818,,,0,0
8818,4,1/(Tp+1)·g,финансовые возможности,"clip(1·(1·[8805] + 1·[8814] + -1·[8816]), 0.1, 1)",1,0,1;0.1,0;0,1;1;-1,8805;8814;8816,23.7434,0
8819,1,Σ,формирование денежн накоплений,1·1 + 1·[8838],,,,,1;1,const;8838,0,0
8820,1,Σ,расходы на ТНП Услуги и Досуг,1·[8818] + -1·[8821],,,,,1;-1,8818;8821,0,0
8821,9,Π,расходы на ПП и Жилье,[8831]·[8818],0;0,8831;8818,,,,,0,0
8822,12,Π/Σ,расходы на ПП,[8828]·[8821] / (1·[8828] + 1·[8836]),0;0,8828;8821,,,1;1,8828;8836,0,0
8823,14,clip Σ,расходы на жилье,"clip(1·[8821] + -1·[8822] + -1·[70], 0.01, 1e+07)",0.01,0,1e+07,0,1;-1;-1,8821;8822;70,0,0
8824,2,уставка·Σ,масштабир цены ПП в соц гр,0.08·(1·[4197]),0.08,0,,,1,4197,0,0
8825,12,Π/Σ,формир доли на ПП,[8824] / (0.001·1 + 0.2·[8822]),0,8824,,,0.001;0.2,const;8822,0,0
8826,11,Π/Π,спрос соц группы на ПП,[8811]·[8822] / [8824],0;0,8811;8822,0,8824,,,0,0
8827,12,Π/Σ,формир доли на ПП,[8825] / (1·[8825] + 1·[8822]),0,8825,,,1;1,8825;8822,0,0
8828,4,1/(Tp+1)·g,формир доли на ПП,"clip(1·(1·[8827]), 0.1, 1)",1,0,1;0.1,0;0,1,8827,0.217591,0
8829,14,clip Σ,,"clip(1·1 + -4·[8832], 0, 1)",0,0,1,0,1;-4,const;8832,0,0
8830,11,Π/Π,спрос на ПП,[8822] / [8824],0,8822,0,8824,,,0,0
8831,14,clip Σ,формир доли на ПП и Жил,"clip(1·[8828] + 1·[8836], 0, 1)",0,0,1,0,1;1,8828;8836,0,0
8832,14,clip Σ,формир доли на Жил,"clip(-0.5·1 + 1·[8828], 0, 100)",0,0,100,0,-0.5;1,const;8828,0,0
8833,1,Σ,формир доли на Жил,1·1 + 1·[8832],,,,,1;1,const;8832,0,0
8834,23,?23,формир доли на Жил,?23(1·[8833]; 10),10,0,,,1,8833,0,0
8835,11,Π/Π,доля на жилье,[8857] / [8834],0,8857,0,8834,,,0,0
8836,12,Π/Σ,доля на Жил,[8835] / (1·1 + 5·[8835]),0,8835,,,1;5,const;8835,0,0
8837,14,clip Σ,всего расходов на ТНП и др,"clip(1·[8820] + -1·[8856], 0, 1000)",0,0,1000,0,1;-1,8820;8856,0,0
8838,1,Σ,уровень жизни,1·1 + -1·[8828],,,,,1;-1,const;8828,0,0
8839,12,Π/Σ,натуральный спрос на покупку жилья (удовлетворенный),[8844] / (0.01·1 + 1·[8842]),0,8844,,,0.01;1,const;8842,0,0
8840,2,уставка·Σ,коэф перевода года в мес,1·(1·[8823]),1,0,,,1,8823,0,0
8841,11,Π/Π,спрос на строит жилья,[8840]·[8840] / [8842]·[8842],0;0,8840;8840,0;0,8842;8842,,,0,0
8842,2,уставка·Σ,цена строящ жилья,1·(1·[3120]),1,0,,,1,3120,0,0
8843,12,Π/Σ,доля на покупку жилья,[8848]·[8849]·[8841]·[8829] / (0.1·1 + 1·[8841]),0;0;0;0,8848;8849;8841;8829,,,0.1;1,const;8841,0,0
8844,9,Π,расходы на покупку жилья,[8823]·[8843],0;0,8823;8843,,,,,0,0
8845,14,clip Σ,расходы на наем жилья,"clip(1·[8823] + -1·[8844], 0, 1e+07)",0,0,1e+07,0,1;-1,8823;8844,0,0
8846,12,Π/Σ,формиров доли расходов на покупку жилья,[8853] / (1·[8842] + 1·[8853]),0,8853,,,1;1,8842;8853,0,0
8847,12,Π/Σ,формир доли расходов на покупку жилья,[8853] / (20·[8892]),0,8853,,,20,8892,0,0
8848,4,1/(Tp+1)·g,формир доли расх на жилье,"clip(1·(1·[8846]), 0.1, 1)",1,0,1;0.1,0;0,1,8846,0.353724,0
8849,4,1/(Tp+1)·g,формир доли расх на жилье,"clip(1·(1·[8847]), 0.1, 1)",1,0,1;0.1,0;0,1,8847,1,0
8850,9,Π,спрос на досуг в соц группы,[8811]·[8866]·[8837],0;0;0,8811;8866;8837,,,,,0,0
8851,5,∫ с пределами,куплено всего жилья,"∫(1·[8839] + -0.01·[8854]) dt, x0=1, pa1=0, hi=10000",1;0,0;0,10000,0,1;-0.01,8839;8854,32.8911,0
8852,12,Π/Σ,всего нанято жилья,[8845] / (0.1·[8853]),0,8845,,,0.1,8853,0,0
8853,2,уставка·Σ,цена найма жилья,1·(1·[3]),1,0,,,1,3,0,0
8854,12,Π/Σ,коэф амортизац купленного жилья,[8851] / (1·1 + 1.5·[8874]),0,8851,,,1;1.5,const;8874,0,0
8855,4,1/(Tp+1)·g,всего имеется жилья,"clip(2·(2·[8852] + 1·[8851]), 0.01, 1)",2,0,1;0.01,0;0,2;1,8852;8851,98.3549,0
8856,9,Π,поток уплаты налога за купленное жилье,[8851]·[8892],0;0,8851;8892,,,,,0,0
8857,11,Π/Π,отношение нормы жилья к имеещемуся,[8893] / [8855],0,8893,0,8855,,,0,0
8858,12,Π/Σ,качество жизни,[8866]·[400] / (1·[8857] + 1·[8828]),0;0,8866;400,,,1;1,8857;8828,0,0
8859,2,уставка·Σ,масшт спроса на аренду жилья для весов ценн в расходах,0.1·(1·[8852]),0.1,0,,,1,8852,0,0
8860,11,Π/Π,поток покупок ТНП,[8864]·[8837] / [8873]·[5150],0;0,8864;8837,0;0,8873;5150,,,0,0
8861,5,∫ с пределами,накоплено купленных ТНП,"∫(1·[8860] + -1·[8862]) dt, x0=0.5, pa1=1, hi=10000",0.5;1,0;0,10000,0,1;-1,8860;8862,62.621,0
8862,12,Π/Σ,амортизация ТНП,[8861] / (10·1 + 20·[8874]),0,8861,,,10;20,const;8874,0,0
8863,2,уставка·Σ,всего имущества (ТНП+Жил),0.03·(1·[8861] + 1·[8855]),0.03,0,,,1;1,8861;8855,0,0
8864,12,Π/Σ,треб ТНП,[8855] / (0.01·1 + 0.4·[8861]),0,8855,,,0.01;0.4,const;8861,0,0
8865,12,Π/Σ,треб услуг,[8863] / (1·1 + 1·[8863]),0,8863,,,1;1,const;8863,0,0
8866,11,Π/Π,формир спроса на досуг,[8875]·[8837] / [8873]·[4]·[4]·[4],0;0,8875;8837,0;0;0;0,8873;4;4;4,,,0,0
8867,9,Π,объем потребляемых благ в соц сфере для формиров натуральн потребности в эл-эн,[8873]·[8811],0;0,8873;8811,,,,,0,0
8868,1,Σ,всего расходы на личное жилье (его приобретение и налог при его содержании),1·[1856] + 1·[1844],,,,,1;1,1856;1844,0,0
8870,14,clip Σ,уровень денежн нак при котором нчинается активное приобрет жилья,"clip(-3.5·1 + 1·[8815], 0, 1e+08)",0,0,1e+08,0,-3.5;1,const;8815,0,0
8871,2,уставка·Σ,Цдосуга,1.25·(1·1),1.25,0,,,1,const,0,0
8873,4,1/(Tp+1)·g,сумма потребностей в усл+досуге+ТНП,"clip(1·(1·[8864] + 1·[8865] + 1·[8875]), 0.01, 1)",1,0,1;0.01,0;0,1;1;1,8864;8865;8875,15.287,0
8874,11,Π/Π,спрос на услуги,[8865]·[8837] / [5]·[8873],0;0,8865;8837,0;0,5;8873,,,0,0
8875,12,Π/Σ,поток услуг освобождающий время на досуг,[8874]·[8888] / (0.1·1 + 1·[8874]),0;0,8874;8888,,,0.1;1,const;8874,0,0
8876,11,Π/Π,вес цены блага в расходах соц группы,[8866]·[4]·[4] / [8818],0;0;0,8866;4;4,0,8818,,,0,0
8877,11,Π/Π,вес цены блага в расходах соц группы,[8874]·[5]·[5] / [8818],0;0;0,8874;5;5,0,8818,,,0,0
8878,11,Π/Π,вес цены блага в расходах соц группы,[8860]·[5150]·[5150] / [8818],0;0;0,8860;5150;5150,0,8818,,,0,0
8879,11,Π/Π,вес цены блага в расходах соц группы,[8859]·[3]·[3] / [8818],0;0;0,8859;3;3,0,8818,,,0,0
8880,11,Π/Π,вес цены блага в расходах соц группы,[8841]·[8842]·[8842] / [8818],0;0;0,8841;8842;8842,0,8818,,,0,0
8881,11,Π/Π,вес цены блага в расходах соц группы,[8826]·[8824]·[8824] / [8818]·[8811],0;0;0,8826;8824;8824,0;0,8818;8811,,,0,0
8885,12,Π/Σ,индекс социальной напряженности,[8887]·[8886] / (1·1 + 0.5·[8887]),0;0,8887;8886,,,1;0.5,const;8887,0,0
8886,1,Σ,формир потребн в досуге от соц напряж,1·1 + 2·[8005],,,,,1;2,const;8005,0,0
8887,12,Π/Σ,треб досуга,[1] / (5·[8858] + 1·[8817]),0,1,,,5;1,8858;8817,0,0
8888,4,1/(Tp+1)·g,треб досуга,"clip(1·(1·[8863] + 1·[8815]), 0.1, 1)",1,0,1;0.1,0;0,1;1,8863;8815,12.9058,0
8889,9,Π,накоплено денег в соц группе для возможной покупки дол,[8870]·[8811],0;0,8870;8811,,,,,0,0
8890,9,Π,уровень денежн накоплений насел при котором начинают покупать дол,[8815],0,8815,,,,,0,0
8891,1,Σ,сумма абсол знач весов цен благ соц гр,1·[8876] + 1·[8877] + 1·[8878] + 1·[8879] + 1·[8880] + 1·[8881],,,,,1;1;1;1;1;1,8876;8877;8878;8879;8880;8881,0,0
8892,2,уставка·Σ,ставка налога на жилье,1·(1·[7]),1,0,,,1,7,0,0
8893,2,уставка·Σ,норма жилья,10·(1·1),10,8893,,,1,const,0,1
8894,11,Π/Π,относит вес цены на ПП,[8881] / [8891],0,8881,0,8891,,,0,0
8895,11,Π/Π,относительный вес цены куплен жилья,[8880] / [8891],0,8880,0,8891,,,0,0
8896,11,Π/Π,относительный вес цены досуга,[8876] / [8891],0,8876,0,8891,,,0,0
8897,11,Π/Π,относительный вес цены услуг,[8877] / [8891],0,8877,0,8891,,,0,0
8898,11,Π/Π,относительный вес цены ТНП,[8878] / [8891],0,8878,0,8891,,,0,0
8899,11,Π/Π,относительный вес цены аренд жилья,[8879] / [8891],0,8879,0,8891,,,0,0
9001,14,clip Σ,hhальн произв продукции,"clip(1·[9011], 0.2, 1.11111e+06)",0.2,0,1.11111e+06,0,1,9011,0,0
9002,4,1/(Tp+1)·g,потенц произв продукции,"clip(1·(1·[9011]), 0.1, 1)",1,0,1;0.1,0;0,1,9011,1.00049,0
9003,7,min,огранич в произв продукции,"min([9213], [9223], [9233], [9243], [9253], [9263], [7273], [9203])",0;0;0;0;0;0;0;0,9213;9223;9233;9243;9253;9263;7273;9203,,,,,0,0
9004,14,clip Σ,производство продукции,"clip(1·[9017], 0.001, 10000)",0.001,0,10000,0,1,9017,0,0
9005,12,Π/Σ,степень безработицы в секторе,[232]·[9030] / (0.0001·1 + 1·[9009]),0;0,232;9030,,,0.0001;1,const;9009,0,0
9006,9,Π,МЗ от импорта,[9206]·[501],0;0,9206;501,,,,,0,0
9007,7,min,всего реализовано продукции,"min([9001], [9004])",0;0,9001;9004,,,,,0,0
9008,4,1/(Tp+1)·g,материальные затраты,"clip(1·(1.5789·[9018]), 0.02, 1)",1,0,1;0.02,0;0,1.5789,9018,308.415,0
9009,10,Σ·[ref],требуется труда с учетом сменности и потребн в продукции,(0.1·[9093])·[9025],0,9025,,,0.1,9093,0,0
9010,12,Π/Σ,цена рыночная,[9116] / (0.2·1 + 0.8·[9004]),0,9116,,,0.2;0.8,const;9004,0,0
9011,10,Σ·[ref],потенциальное производство продукции,(1·[9080])·[9029],0,9029,,,1,9080,0,0
9012,2,уставка·Σ,подано труда,1·(1·1),1,9012,,,1,const,0,1
9013,11,Π/Π,расходы сект на Фп,[9365]·[9066] / [9072],0;0,9365;9066,0,9072,,,0,0
9014,11,Π/Π,расходы сект на Фа,[9365]·[9068] / [9072],0;0,9365;9068,0,9072,,,0,0
9015,11,Π/Π,количество прибыли для импортного оборудования,[9365]·[9075] / [9072],0;0,9365;9075,0,9072,,,0,0
9016,2,уставка·Σ,общее предложение труда в секторе производства,2·(1·[9012] + 1·[235]),2,0,,,1;1,9012;235,0,0
9017,4,1/(Tp+1)·g,,"clip(1·(1·[9011]), 0.02, 1)",1,0,1;0.02,0;0,1,9011,1,0
9018,1,Σ,сумма номинальных материальных затрат,1·[9006] + 1·[9217] + 1·[9227] + 1·[9237] + 1·[9247] + 1·[9257] + 1·[9267] + 1·[9277],,,,,1;1;1;1;1;1;1;1,9006;9217;9227;9237;9247;9257;9267;9277,0,0
9019,9,Π,цена сырья,[9037]·[9105],0;0,9037;9105,,,,,0,0
9020,2,уставка·Σ,ставка зарплаты,4·(1·1),4,9020,,,1,const,0,1
9021,1,Σ,условно средняя цена поставляемых новых фондов для их развития,0.5·[2039] + 0.5·[3039],,,,,0.5;0.5,2039;3039,0,0
9025,5,∫ с пределами,К сменности,"∫(1·[9076] + -1·[9004]) dt, x0=1, pa1=0.2, hi=2.5",1;0.2,0;0,2.5,0,1;-1,9076;9004,1.00048,0
9026,13,Σ/Π,доход на одного в соц группе сырья,(1·[9052] + 1·[9032]) / [9029],,,0,9029,1;1,9052;9032,0,0
9027,2,уставка·Σ,выручеа как суммаа платежей потребителей продукции,1.7179·(1·[1236] + 1·[2236] + 1·[3236] + 1·[4236] + 1·[5236] + 1·[6236] + 1·[7236] + 1·[8236] + 1·[9236] + 1·[10236] + 1·[11236] + 1·[12236] + 1·[13236] + 1·[9157] + 1·[9158] + 1·[9127]),1.7179,0,,,1;1;1;1;1;1;1;1;1;1;1;1;1;1;1;1,1236;2236;3236;4236;5236;6236;7236;8236;9236;10236;11236;12236;13236;9157;9158;9127,0,0
9029,7,min,используется труда,"min([9016], [9009])",0;0,9016;9009,,,,,0,0
9030,14,clip Σ,безработица,"clip(1·[9012] + -1·[9029], 0, 100000)",0,0,100000,0,1;-1,9012;9029,0,0
9031,10,Σ·[ref],индексация зарплаты,(12·1)·[9020],0,9020,,,12,const,0,0
9032,9,Π,поток зарплаты,[9029]·[9031],0;0,9029;9031,,,,,0,0
9033,1,Σ,общие затраты,1·[9008] + 1·[9051] + 1·[9032],,,,,1;1;1,9008;9051;9032,0,0
9034,1,Σ,все затраты,1·[9033] + 1·[9055],,,,,1;1,9033;9055,0,0
9035,13,Σ/Π,себестоимость,(1·[9034]) / [9004],,,0,9004,1,9034,0,0
9036,9,Π,формирование цены,[9112]·[9113]·[9035],0;0;0,9112;9113;9035,,,,,0,0
9037,4,1/(Tp+1)·g,цена без НДС,"clip(0.7878·(1·[9038] + 1·[9036]), 0.02, 1)",0.7878,0,1;0.02,0;0,1;1,9038;9036,596.943,0
9038,9,Π,формирование рыночной цены (с учетом ее доли в общей цене),[9035]·[9112]·[9114],0;0;0,9035;9112;9114,,,,,0,0
9039,4,1/(Tp+1)·g,цена с НДС,"clip(1·(1·[9019]), 0.02, 1)",1,0,1;0.02,0;0,1,9019,669.112,0
9040,9,Π,выручка без НДС,[9037]·[9007],0;0,9037;9007,,,,,0,0
9041,4,1/(Tp+1)·g,сумма выручек внутренней и экспортной,"clip(1·(1·[995]), 0.02, 1)",1,0,1;0.02,0;0,1,995,168.544,0
9042,2,уставка·Σ,сумма выручек внутренней и экспортной,1·(1·[9041] + 1·[9027] + 1·[369]),1,0,,,1;1;1,9041;9027;369,0,0
9043,14,clip Σ,добавленная стоимость,"clip(1·[9042] + -1·[9008], 0, 10000)",0,0,10000,0,1;-1,9042;9008,0,0
9044,14,clip Σ,балансовая прибыль,"clip(1.007·[9043] + -0.9·[9050] + -0.9·[9047] + -0.9·[9097] + -0.9·[9054] + -0.9·[9032] + -0.9·[9048] + -0.9·[9073] + -0.9·[9137], 0, 10000)",0,0,10000,0,1.007;-0.9;-0.9;-0.9;-0.9;-0.9;-0.9;-0.9;-0.9,9043;9050;9047;9097;9054;9032;9048;9073;9137,0,0
9045,1,Σ,чистая прибыль,1·[9044] + -1·[9049],,,,,1;-1,9044;9049,0,0
9046,2,уставка·Σ,стоимость вводимых основных фондов,0.504·(1·[9078] + 1·[9079] + 1·[9200]),0.504,0,,,1;1;1,9078;9079;9200,0,0
9047,9,Π,поток НДС,[9043]·[24],0;0,9043;24,,,,,0,0
9048,10,Σ·[ref],поток налога с выручки,(1·[23] + 1·[9])·[9042],0,9042,,,1;1,23;9,0,0
9049,9,Π,поток налога на прибыль,[25]·[9044],0;0,25;9044,,,,,0,0
9050,9,Π,поток налога на фонды,[9063]·[26],0;0,9063;26,,,,,0,0
9051,9,Π,амортизация в себестоимости,[9063]·[9064],0;0,9063;9064,,,,,0,0
9052,12,Π/Σ,доля прибыли в потребление,[9074]·[9045] / (5·1 + 1·[9074]),0;0,9074;9045,,,5;1,const;9074,0,0
9053,4,1/(Tp+1)·g,ФОТ,"clip(1·(1·[9052] + 1·[9032]), 0.1, 1)",1,0,1;0.1,0;0,1;1,9052;9032,117.317,0
9054,9,Π,налог на ФОТ,[9053]·[28],0;0,9053;28,,,,,0,0
9055,1,Σ,сумма налогов,1·[9054] + 1·[9050] + 1·[9048],,,,,1;1;1,9054;9050;9048,0,0
9056,4,1/(Tp+1)·g,инвестируемая прибыль,"clip(1·(1·[9045] + -1·[9052]), 0.01, 1)",1,0,1;0.01,0;0,1;-1,9045;9052,33.7969,0
9057,12,Π/Σ,норма прибыли,[9045] / (0.001·1 + 1·[9049] + 1·[9034]),0,9045,,,0.001;1;1,const;9049;9034,0,0
9058,4,1/(Tp+1)·g,степень финансовых возможностей,"clip(1·(1·[9057]), 0.1, 1)",1,0,1;0.1,0;0,1,9057,0.152518,0
9059,14,clip Σ,индекс финансовых возможностей,"clip(20·[9058], 0, 1)",0,0,1,0,20,9058,0,0
9060,14,clip Σ,степень недостаточности финансов,"clip(1·1 + -1·[9059], 0, 1)",0,0,1,0,1;-1,const;9059,0,0
9061,14,clip Σ,норма выплаты амортизации,"clip(1·[9056], 0, 1)",0,0,1,0,1,9056,0,0
9062,9,Π,реальный поток амортизации,[9061]·[9063]·[9064],0;0;0,9061;9063;9064,,,,,0,0
9063,5,∫ с пределами,стоимость производственных фондов,"∫(1·[9046] + -1·[9073]) dt, x0=0.1, pa1=0, hi=10000",0.1;0,0;0,10000,0,1;-1,9046;9073,199.991,0
9064,2,уставка·Σ,коэффициент амортизации,10·(0.01·1),10,9064,,,0.01,const,0,1
9065,2,уставка·Σ,всего инвестиций,0.995·(1·[9056] + 1·[9086] + 1·[9073]),0.995,0,,,1;1;1,9056;9086;9073,0,0
9066,2,уставка·Σ,доля строит в инвестициях,1·(1·1),1,9066,,,1,const,0,1
9067,11,Π/Π,расходы прибыли в строит,[9365]·[9066] / [9072]·[3039],0;0,9365;9066,0;0,9072;3039,,,0,0
9068,2,уставка·Σ,доля машиностроен в инвестиц,2.5·(1·1),2.5,9068,,,1,const,0,1
9069,11,Π/Π,расходы прибыли в машин,[9068]·[9365] / [2039]·[9072],0;0,9068;9365,0;0,2039;9072,,,0,0
9070,2,уставка·Σ,доля НИОКР в инвестиц,0.9·(1·1),0.9,9070,,,1,const,0,1
9071,2,уставка·Σ,доля депозита в инвестиц,0.5·(1·1),0.5,9071,,,1,const,0,1
9072,1,Σ,сумма долей распределения прибыли,1·[9066] + 1·[9068] + 1·[9070] + 1·[9071] + 1·[9075],,,,,1;1;1;1;1,9066;9068;9070;9071;9075,0,0
9073,7,min,реальные амортизационные выплаты,"min([9062], [9056])",0;0,9062;9056,,,,,0,0
9074,14,clip Σ,формирование доли прибыли в потребление,"clip(-5·1 + 100·[9058], 0.2, 100)",0.2,0,100,0,-5;100,const;9058,0,0
9075,2,уставка·Σ,доля прибыли для импорта Фа,0.5·(1·1),0.5,9075,,,1,const,0,1
9076,9,Π,,[9003]·[9116],0;0,9003;9116,,,,,0,0
9077,12,Π/Σ,отношение суммы налогов к добавленной стоимости,[9055] / (0.001·1 + 1·[9043]),0,9055,,,0.001;1,const;9043,0,0
9078,9,Π,стоимость вводимых  Фа,[2039]·[2129],0;0,2039;2129,,,,,0,0
9079,9,Π,стоимость вводимых  Фп,[3039]·[3129],0;0,3039;3129,,,,,0,0
9080,5,∫ с пределами,производительность труда,"∫(1·[9108] + 0·[9080]) dt, x0=1, pa1=0.2, hi=1e+06",1;0.2,0;0,1e+06,0,1;0,9108;9080,1,0
9081,11,Π/Π,расходы прибыли в НИОКР,[9365]·[9070] / [9072],0;0,9365;9070,0,9072,,,0,0
9082,11,Π/Π,расходы прибыли в депозиты,[9365]·[9071] / [9072],0;0,9365;9071,0,9072,,,0,0
9083,3,∫,накопленный депозит,"∫(1·[9082] + 1·[9085] + -1·[9086]) dt, x0=0.001",0.001,0,,,1;1;-1,9082;9085;9086,3.19644,0
9084,14,clip Σ,степень возможностей депозита,"clip(100·[9083], 0, 1)",0,0,1,0,100,9083,0,0
9085,9,Π,самовозрастание депозита,[9083]·[230],0;0,9083;230,,,,,0,0
9086,9,Π,поток инвестиций из депозита,[9362]·[9084],0;0,9362;9084,,,,,0,0
9088,2,уставка·Σ,формир потока амортизац Фа,0.2775·(100·[2129] + 1·[827]),0.2775,0,,,100;1,2129;827,0,0
9089,5,∫ с пределами,количество Фа,"∫(1·[9088] + -1·[9090]) dt, x0=0.01, pa1=0.01, hi=10000",0.01;0.01,0;0,10000,0,1;-1,9088;9090,10.0005,0
9090,9,Π,реальная амортизация Фа,[9064]·[9004]·[9089],0;0;0,9064;9004;9089,,,,,0,0
9091,9,Π,поток амортизации Фп,[9064]·[9092],0;0,9064;9092,,,,,0,0
9092,5,∫ с пределами,количество Фп,"∫(62.5·[3129] + -1·[9091]) dt, x0=0.01, pa1=0.01, hi=10000",0.01;0.01,0;0,10000,0,62.5;-1,3129;9091,9.99951,0
9093,12,Π/Σ,количество рабочих мест,[9092]·[9089] / (0.5·[9092] + 0.5·[9089]),0;0,9092;9089,,,0.5;0.5,9092;9089,0,0
9094,4,1/(Tp+1)·g,продукция для реализации,"clip(1·(1·[9007]), 0.1, 1)",1,0,1;0.1,0;0,1,9007,1.00049,0
9095,4,1/(Tp+1)·g,формиров возврата кредитов,"clip(1·(1·[9044]), 0.1, 1)",1,0,1;0.1,0;0,1,9044,147.273,0
9096,7,min,формиров возврата кредитов,"min([9095], [9442])",0;0,9095;9442,,,,,0,0
9097,2,уставка·Σ,темп возврата кредитов,0·(1·[9096]),0,9097,,,1,9096,0,1
9099,2,уставка·Σ,доли,1·(1·1),1,9099,,,1,const,0,1
9100,10,Σ·[ref],сумма инвестиционных средств для изменения производительности фондов,(0.09166·[9081] + 0.09166·[827])·[880],0,880,,,0.09166;0.09166,9081;827,0,0
9101,1,Σ,алгоритм НДС,1·1 + -1·[24],,,,,1;-1,const;24,0,0
9102,11,Π/Π,алгоритм НДС,[9104]·[24] / [9101]·[9103],0;0,9104;24,0;0,9101;9103,,,0,0
9103,14,clip Σ,формирование НДС,"clip(1·[9040], 0.01, 10000)",0.01,0,10000,0,1,9040,0,0
9104,14,clip Σ,алгоритм НДС,"clip(1·[9040] + -1·[9008], 0, 10000)",0,0,10000,0,1;-1,9040;9008,0,0
9105,1,Σ,алгоритм НДС,1·1 + 1·[9102],,,,,1;1,const;9102,0,0
9106,1,Σ,+/- потока основных активных фондов,1·[2129] + -0.018·[9090],,,,,1;-0.018,2129;9090,0,0
9107,1,Σ,+/- потока основных пассивных фондов,1·[3129] + -0.017·[9091],,,,,1;-0.017,3129;9091,0,0
9108,14,clip Σ,,"clip(1·[9100] + -1·[9080], 0, 1e+06)",0,0,1e+06,0,1;-1,9100;9080,0,0
9109,12,Π/Σ,отношение к спросу на продукцию,[9004] / (1e-05·1 + 1·[9116]),0,9004,,,1e-05;1,const;9116,0,0
9110,14,clip Σ,индекс достаточности предложения,"clip(1·[9109], 0, 1)",0,0,1,0,1,9109,0,0
9112,2,уставка·Σ,норматив прибыли монополиста,1.2·(1·1),1.2,9112,,,1,const,0,1
9113,2,уставка·Σ,степень монополизма,0.9·(1·1),0.9,9113,,,1,const,0,1
9114,10,Σ·[ref],монопольная цена с ее долей,(1·1 + -1·[9113])·[9010],0,9010,,,1;-1,const;9113,0,0
9116,4,1/(Tp+1)·g,сумма спросов,"clip(1·(0.8333·[9119]), 0.02, 1)",1,0,1;0.02,0;0,0.8333,9119,1.00049,0
9117,1,Σ,суммарный поток денег возврата долгов поставщикам сырья,1·[9137] + 1·[9367],,,,,1;1,9137;9367,0,0
9119,4,1/(Tp+1)·g,сумма спросов,"clip(1·(1·[9141] + 1·[9142] + 1·[9143] + 1·[9144] + 1·[9145] + 1·[9146] + 1·[9147] + 1·[9148] + 1·[9149] + 1·[9150] + 1·[9151] + 1·[9152] + 1·[9153] + 1·[9154] + 1·[9155] + 1·[9156]), 0.02, 1)",1,0,1;0.02,0;0,1;1;1;1;1;1;1;1;1;1;1;1;1;1;1;1,9141;9142;9143;9144;9145;9146;9147;9148;9149;9150;9151;9152;9153;9154;9155;9156,1.20063,0
9121,11,Π/Π,доля газа в сырье,[9094]·[9141] / [9001],0;0,9094;9141,0,9001,,,0,0
9122,11,Π/Π,доля газа в машин,[9094]·[9142] / [9001],0;0,9094;9142,0,9001,,,0,0
9123,11,Π/Π,доля газа в бюджет,[9094]·[9143] / [9001],0;0,9094;9143,0,9001,,,0,0
9124,11,Π/Π,доля газа в с-х,[9094]·[9144] / [9001],0;0,9094;9144,0,9001,,,0,0
9125,11,Π/Π,доля газа в ТНП,[9094]·[9145] / [9001],0;0,9094;9145,0,9001,,,0,0
9126,11,Π/Π,доля газа в ВПК,[9094]·[9146] / [9001],0;0,9094;9146,0,9001,,,0,0
9127,11,Π/Π,доля газа в уголь,[9094]·[9147] / [9001],0;0,9094;9147,0,9001,,,0,0
9128,11,Π/Π,доля газа в нефть,[9094]·[9148] / [9001],0;0,9094;9148,0,9001,,,0,0
9129,11,Π/Π,доля газа в газпром,[9094]·[9149] / [9001],0;0,9094;9149,0,9001,,,0,0
9130,11,Π/Π,доля газа в эл-энерг,[9094]·[9150] / [9001],0;0,9094;9150,0,9001,,,0,0
9131,11,Π/Π,доля газа в пищев пром,[9094]·[9151] / [9001],0;0,9094;9151,0,9001,,,0,0
9132,11,Π/Π,доля газа в транспорт,[9094]·[9152] / [9001],0;0,9094;9152,0,9001,,,0,0
9133,11,Π/Π,доля газа проч пром,[9094]·[9153] / [9001],0;0,9094;9153,0,9001,,,0,0
9134,11,Π/Π,доля газа на экспорт,[9094]·[9154] / [9001],0;0,9094;9154,0,9001,,,0,0
9135,11,Π/Π,доля газа в бюджет,[9094]·[9155] / [9001],0;0,9094;9155,0,9001,,,0,0
9136,11,Π/Π,доля газа в торг,[9094]·[9156] / [9001],0;0,9094;9156,0,9001,,,0,0
9137,9,Π,поток возврата долгов проставщикам,[9138]·[99],0;0,9138;99,,,,,0,0
9138,2,уставка·Σ,коэф уменьшения возврата долгов поставщикам сырья,0·(1·[9139]),0,9138,,,1,9139,0,1
9139,7,min,требуемый поток возврата долгов поставщикам сырья,"min([9095], [9410])",0;0,9095;9410,,,,,0,0
9141,4,1/(Tp+1)·g,спрос на газ в сырье,"clip(1·(1·[1232]), 0.5, 1)",1,0,1;0.5,0;0,1,1232,0.0499006,0
9142,4,1/(Tp+1)·g,спрос на газ из маш,"clip(1·(1·[2232]), 0.1, 1)",1,0,1;0.1,0;0,1,2232,0.00997749,0
9143,4,1/(Tp+1)·g,спрос на газ из строит,"clip(1·(1·[3232]), 0.1, 1)",1,0,1;0.1,0;0,1,3232,0.0100044,0
9144,4,1/(Tp+1)·g,спрос на газ из с-х,"clip(1·(1·[4232]), 0.1, 1)",1,0,1;0.1,0;0,1,4232,0.0199872,0
9145,4,1/(Tp+1)·g,спрос на газ из ТНП,"clip(1·(1·[5232]), 0.1, 1)",1,0,1;0.1,0;0,1,5232,0.149859,0
9146,4,1/(Tp+1)·g,спрос на газ из ВПК,"clip(1·(1·[6232]), 0.1, 1)",1,0,1;0.1,0;0,1,6232,0.0198312,0
9147,4,1/(Tp+1)·g,спрос на газ в угле,"clip(1·(0), 0.5, 1)",1,0,1;0.5,0;0,,,0,0
9148,4,1/(Tp+1)·g,спрос на газ из нефти,"clip(1·(0), 0.1, 1)",1,0,1;0.1,0;0,,,0,0
9149,4,1/(Tp+1)·g,спрос на газ из газа,"clip(1·(1·[9232]), 0.1, 1)",1,0,1;0.1,0;0,1,9232,0.0399995,0
9150,4,1/(Tp+1)·g,спрос на газ из эл-энер,"clip(1·(1·[10232]), 0.1, 1)",1,0,1;0.1,0;0,1,10232,0.199847,0
9151,4,1/(Tp+1)·g,спрос на газ из пищев пром,"clip(1·(1·[11232]), 0.1, 1)",1,0,1;0.1,0;0,1,11232,0.0199853,0
9152,4,1/(Tp+1)·g,спрос на газ из транспорта,"clip(1·(0), 0.1, 1)",1,0,1;0.1,0;0,,,0,0
9153,4,1/(Tp+1)·g,спрос на газ из проч пром,"clip(1·(1·[13232]), 0.5, 1)",1,0,1;0.5,0;0,1,13232,0.0199509,0
9154,4,1/(Tp+1)·g,поставка газа на экспорт,"clip(1·(1·[9161]), 0.1, 1)",1,0,1;0.1,0;0,1,9161,0.3,0
9155,4,1/(Tp+1)·g,спрос на газ в бюджет,"clip(1·(1·[269]), 0.1, 1)",1,0,1;0.1,0;0,1,269,0.16248,0
9156,4,1/(Tp+1)·g,спрос на газ в торговлю,"clip(1·(1·[805]), 0.1, 1)",1,0,1;0.1,0;0,1,805,0.198812,0
9157,1,Σ,возврат долгов от потребителей исходн сырья,1·[1403] + 1·[2403] + 1·[3403] + 1·[4403] + 1·[5403] + 1·[6403] + 1·[7403] + 1·[8403] + 1·[9403] + 1·[10403] + 1·[11403] + 1·[12403] + 1·[13403],,,,,1;1;1;1;1;1;1;1;1;1;1;1;1,1403;2403;3403;4403;5403;6403;7403;8403;9403;10403;11403;12403;13403,0,0
9158,1,Σ,возврат долгов через заем в банке оборотнго кредита потребителями исходн сырья,1·[1413] + 1·[2413] + 1·[3413] + 1·[4413] + 1·[5413] + 1·[6413] + 1·[7413] + 1·[8413] + 1·[9413] + 1·[10413] + 1·[11413] + 1·[12413] + 1·[13413],,,,,1;1;1;1;1;1;1;1;1;1;1;1;1,1413;2413;3413;4413;5413;6413;7413;8413;9413;10413;11413;12413;13413,0,0
9160,2,уставка·Σ,экспортная цена в дол,1·(65·1),1,9160,,,65,const,0,1
9161,7,min,заявка на экспорт в секторе сырья,"min([9171], [9163], [9162])",0;0;0,9171;9163;9162,,,,,0,0
9162,15,ключ,ограничение экспортаот низкой цены экспорта,(-1·1 + 1·[9164]) > 0 ? [1] : 0,,,0,1,-1;1,const;9164,0,0
9163,2,уставка·Σ,квота экспорта на сырье,50·(0.01·1),50,9163,,,0.01,const,0,1
9164,11,Π/Π,доля экспорта сырья,[9165] / [9039]·[9166],0,9165,0;0,9039;9166,,,0,0
9165,9,Π,цена экспорта сырья в рубл,[9160]·[501],0;0,9160;501,,,,,0,0
9166,1,Σ,таможенный тариф  нагаз,1·1 + 1·[334],,,,,1;1,const;334,0,0
9167,10,Σ·[ref],экспортная выручка в рублевом выражении,(1.333·[9170])·[501],0,501,,,1.333,9170,0,0
9168,9,Π,объем уплаты тарифа,[9169]·[334],0;0,9169;334,,,,,0,0
9169,9,Π,экспортная выручка в долл,[9160]·[9134],0;0,9160;9134,,,,,0,0
9170,10,Σ·[ref],предлож долл от экспортной выручки на бирже,(1.25·[9176])·[530],0,530,,,1.25,9176,0,0
9171,2,уставка·Σ,,30·(0.01·1),30,9171,,,0.01,const,0,1
9173,1,Σ,остаток экспортн выр в дол после продажи необх доли выручки на бирже,1.25·[9176] + -1·[9170],,,,,1.25;-1,9176;9170,0,0
9174,5,∫ с пределами,дол накопления в секторе,"∫(1·[9173] + -1·[9199]) dt, x0=1, pa1=0, hi=1e+06",1;0,0;0,1e+06,0,1;-1,9173;9199,1053.44,0
9175,9,Π,дол из чистой прибыли на закупку Фа,[9015]·[527],0;0,9015;527,,,,,0,0
9176,1,Σ,экспортн выр после уплаты таможенных сборов,1·[9169] + -1·[9168],,,,,1;-1,9169;9168,0,0
9197,9,Π,расх на импортн Фа  в рублевом выражении,[9199]·[501],0;0,9199;501,,,,,0,0
9198,2,уставка·Σ,степень интенс расхода накопления инвалюты для импорта Фа,0.4·(1·[9174]),0.4,9198,,,1,9174,0,1
9199,15,ключ,вкл инвал накоплений для импорта Фа,(1·[9075] + -10·[9015]) > 0 ? [9198] : 0,,,0,9198,1;-10,9075;9015,0,0
9200,1,Σ,суммарные рубли за куплен импортн Фа,1·[9175] + 1·[9197],,,,,1;1,9175;9197,0,0
9201,2,уставка·Σ,К импорта в сектор,0·(0.01·1),0,9201,,,0.01,const,0,1
9202,9,Π,спрос сектора на валюту для импорта сырья,[9007]·[9201]·[409]·[469],0;0;0;0,9007;9201;409;469,,,,,0,0
9203,14,clip Σ,степень наличия исходн импортного сырья для производства,"clip(10·[9204], 0, 1)",0,0,1,0,10,9204,0,0
9204,5,∫ с пределами,накоплено импортного сырья в секторе,"∫(1·[9209] + -1·[9210]) dt, x0=1, pa1=0.01, hi=1e+07",1;0.01,0;0,1e+07,0,1;-1,9209;9210,2,0
9205,9,Π,заявка на дол для сырья с учетом фин возможностей,[9202]·[9059],0;0,9202;9059,,,,,0,0
9206,7,min,реадьно полученные дол для импорта сырья,"min([9207], [9202])",0;0,9207;9202,,,,,0,0
9207,9,Π,степень удовлетворения в дол для закупки сырья,[527]·[9205],0;0,527;9205,,,,,0,0
9208,9,Π,поток тарифа в бюджет за импорт сырья,[9206]·[449],0;0,9206;449,,,,,0,0
9209,13,Σ/Π,поток закупленного импортного сырья,(1·[9206] + -1·[9208]) / [409],,,0,409,1;-1,9206;9208,0,0
9210,9,Π,поток расхода импортного сырья,[9201]·[9007],0;0,9201;9007,,,,,0,0
9211,2,уставка·Σ,К сырья в сектор,0.05·(1·1),0.05,9211,,,1,const,0,1
9212,11,Π/Π,спрос сектора на исходный продукт,[9011]·[9211]·[9471] / [9219]·[9219]·[9219],0;0;0,9011;9211;9471,0;0;0,9219;9219;9219,,,0,0
9213,14,clip Σ,степень наличия исходн продуктов для производства,"clip(5·[9214], 0, 1)",0,0,1,0,5,9214,0,0
9214,11,Π/Π,степень наличия исходных продуктов,[9219] / [9004],0,9219,0,9004,,,0,0
9215,5,∫ с пределами,сумма долга поставщику исх прод,"∫(1·[9218] + -1·[9401] + -1·[9411]) dt, x0=1, pa1=0, hi=1e+07",1;0,0;0,1e+07,0,1;-1;-1,9218;9401;9411,0,0
9216,1,Σ,реалбные текущие мат затраты на оплату конкретн исх прод,1·[9217] + -1·[9218],,,,,1;-1,9217;9218,0,0
9217,9,Π,требуемые текущие мат затраты по конкретн поставке,[9292]·[1039],0;0,9292;1039,,,,,0,0
9218,9,Π,степень недостаточности финансовых средств,[9217]·[9060],0;0,9217;9060,,,,,0,0
9219,5,∫ с пределами,склад исходной продукции,"∫(-1·[9220] + 1·[9292]) dt, x0=50, pa1=0.001, hi=1e+06",50;0.001,0;0,1e+06,0,-1;1,9220;9292,1,0
9220,9,Π,поток расходов исходного продукта,[9211]·[9007],0;0,9211;9007,,,,,0,0
9221,2,уставка·Σ,К угля в сектор,0·(1·1),0,9221,,,1,const,0,1
9222,11,Π/Π,спрос сектора на исходный продукт,[9011]·[9221]·[9472] / [9229]·[9229]·[9229],0;0;0,9011;9221;9472,0;0;0,9229;9229;9229,,,0,0
9223,14,clip Σ,степень наличия исходн продуктов для производства,"clip(5·[9224], 0, 1)",0,0,1,0,5,9224,0,0
9224,11,Π/Π,степень наличия исходных продуктов,[9229] / [9004],0,9229,0,9004,,,0,0
9225,5,∫ с пределами,сумма долга поставщику исх прод,"∫(1·[9228] + -1·[9402] + -1·[9412]) dt, x0=1, pa1=0, hi=1e+07",1;0,0;0,1e+07,0,1;-1;-1,9228;9402;9412,0,0
9226,1,Σ,реалбные текущие мат затраты на оплату конкретн исх прод,1·[9227] + -1·[9228],,,,,1;-1,9227;9228,0,0
9227,9,Π,требуемые текущие мат затраты по конкретн поставке,[9293]·[7039],0;0,9293;7039,,,,,0,0
9228,9,Π,степень недостаточности финансовых средств,[9227]·[9060],0;0,9227;9060,,,,,0,0
9229,5,∫ с пределами,склад исходной продукции,"∫(-1·[9230] + 1·[9293]) dt, x0=50, pa1=0.001, hi=1e+06",50;0.001,0;0,1e+06,0,-1;1,9230;9293,1.09,0
9230,9,Π,поток расходов исходного продукта,[9221]·[9007],0;0,9221;9007,,,,,0,0
9231,2,уставка·Σ,К газа в сектор,0.04·(1·1),0.04,9231,,,1,const,0,1
9232,12,Π/Σ,спрос сектора на исходный продукт,[9011]·[9231]·[9473] / (0.001·1 + 1·[9234]),0;0;0,9011;9231;9473,,,0.001;1,const;9234,0,0
9233,14,clip Σ,степень наличия исходн продуктов для производства,"clip(5·[9234], 0, 1)",0,0,1,0,5,9234,0,0
9234,4,1/(Tp+1)·g,степень наличия исходных продуктов,"clip(1·(1·[9239]), 0.1, 1)",1,0,1;0.1,0;0,1,9239,0.999497,0
9235,5,∫ с пределами,сумма долга поставщику исх прод,"∫(1·[9238] + -1·[9403] + -1·[9413]) dt, x0=1, pa1=0, hi=1e+07",1;0,0;0,1e+07,0,1;-1;-1,9238;9403;9413,0,0
9236,1,Σ,реалбные текущие мат затраты на оплату конкретн исх прод,1·[9237] + -1·[9238],,,,,1;-1,9237;9238,0,0
9237,9,Π,требуемые текущие мат затраты по конкретн поставке,[9294]·[9039],0;0,9294;9039,,,,,0,0
9238,9,Π,степень недостаточности финансовых средств,[9237]·[9060],0;0,9237;9060,,,,,0,0
9239,12,Π/Σ,склад исходной продукции,[9294] / (1e-07·1 + 1·[9240]),0,9294,,,1e-07;1,const;9240,0,0
9240,9,Π,поток расходов исходного продукта,[9231]·[9007],0;0,9231;9007,,,,,0,0
9241,2,уставка·Σ,К электр в сектор,0.02·(1·1),0.02,9241,,,1,const,0,1
9242,12,Π/Σ,спрос сектора на исходный продукт,[9011]·[9241]·[9474] / (0.001·1 + 1·[9244]),0;0;0,9011;9241;9474,,,0.001;1,const;9244,0,0
9243,14,clip Σ,степень наличия исходн продуктов для производства,"clip(5·[9244], 0, 1)",0,0,1,0,5,9244,0,0
9244,4,1/(Tp+1)·g,степень наличия исходных продуктов,"clip(1·(1·[9249]), 0.1, 1)",1,0,1;0.1,0;0,1,9249,0.999446,0
9245,5,∫ с пределами,сумма долга поставщику исх прод,"∫(1·[9248] + -1·[9404] + -1·[9414]) dt, x0=1, pa1=0, hi=1e+07",1;0,0;0,1e+07,0,1;-1;-1,9248;9404;9414,0,0
9246,1,Σ,реалбные текущие мат затраты на оплату конкретн исх прод,1·[9247] + -1·[9248],,,,,1;-1,9247;9248,0,0
9247,9,Π,требуемые текущие мат затраты по конкретн поставке,[9295]·[10039],0;0,9295;10039,,,,,0,0
9248,9,Π,степень недостаточности финансовых средств,[9247]·[9060],0;0,9247;9060,,,,,0,0
9249,12,Π/Σ,склад исходной продукции,[9295] / (1e-07·1 + 1·[9250]),0,9295,,,1e-07;1,const;9250,0,0
9250,9,Π,8оток расходов исходного продукта,[9241]·[9007],0;0,9241;9007,,,,,0,0
9251,2,уставка·Σ,К нефти в сектор,0.02·(1·1),0.02,9251,,,1,const,0,1
9252,11,Π/Π,спрос сектора на исходный продукт,[9011]·[9251]·[9475] / [9259]·[9259]·[9259],0;0;0,9011;9251;9475,0;0;0,9259;9259;9259,,,0,0
9253,14,clip Σ,степень наличия исходн продуктов для производства,"clip(5·[9254], 0, 1)",0,0,1,0,5,9254,0,0
9254,11,Π/Π,степень наличия исходных продуктов,[9259] / [9004],0,9259,0,9004,,,0,0
9255,5,∫ с пределами,сумма долга поставщику исх прод,"∫(1·[9258] + -1·[9405] + -1·[9415]) dt, x0=1, pa1=0, hi=1e+07",1;0,0;0,1e+07,0,1;-1;-1,9258;9405;9415,0,0
9256,1,Σ,реалбные текущие мат затраты на оплату конкретн исх прод,1·[9257] + -1·[9258],,,,,1;-1,9257;9258,0,0
9257,9,Π,требуемые текущие мат затраты по конкретн поставке,[9296]·[9039],0;0,9296;9039,,,,,0,0
9258,9,Π,степень недостаточности финансовых средств,[9257]·[9060],0;0,9257;9060,,,,,0,0
9259,5,∫ с пределами,склад исходной продукции,"∫(-1·[9260] + 1·[9296]) dt, x0=50, pa1=0.001, hi=1e+06",50;0.001,0;0,1e+06,0,-1;1,9260;9296,0.999999,0
9260,9,Π,поток расходов исходного продукта,[9251]·[9007],0;0,9251;9007,,,,,0,0
9261,2,уставка·Σ,К прочих в сектор,0.06·(1·1),0.06,9261,,,1,const,0,1
9262,11,Π/Π,спрос сектора на исходный продукт,[9011]·[9261]·[9476] / [9269]·[9269]·[9269],0;0;0,9011;9261;9476,0;0;0,9269;9269;9269,,,0,0
9263,14,clip Σ,степень наличия исходн продуктов для производства,"clip(5·[9264], 0, 1)",0,0,1,0,5,9264,0,0
9264,11,Π/Π,степень наличия исходных продуктов,[9269] / [9004],0,9269,0,9004,,,0,0
9265,5,∫ с пределами,сумма долга поставщику исх прод,"∫(1·[9268] + -1·[9406] + -1·[9416]) dt, x0=1, pa1=0, hi=1e+07",1;0,0;0,1e+07,0,1;-1;-1,9268;9406;9416,0,0
9266,1,Σ,реалбные текущие мат затраты на оплату конкретн исх прод,1·[9267] + -1·[9268],,,,,1;-1,9267;9268,0,0
9267,9,Π,требуемые текущие мат затраты по конкретн поставке,[9297]·[13039],0;0,9297;13039,,,,,0,0
9268,9,Π,степень недостаточности финансовых средств,[9267]·[9060],0;0,9267;9060,,,,,0,0
9269,5,∫ с пределами,склад исходной продукции,"∫(-1·[9270] + 1·[9297]) dt, x0=50, pa1=0.001, hi=1e+06",50;0.001,0;0,1e+06,0,-1;1,9270;9297,1.00001,0
9270,9,Π,поток расходов исходного продукта,[9261]·[9007],0;0,9261;9007,,,,,0,0
9271,2,уставка·Σ,К трансп в сектор,0.06·(1·1),0.06,9271,,,1,const,0,1
9272,12,Π/Σ,спрос сектора на исходный продукт,[9011]·[9271]·[9477] / (0.001·1 + 1·[9274]),0;0;0,9011;9271;9477,,,0.001;1,const;9274,0,0
9273,14,clip Σ,степень наличия исходн продуктов для производства,"clip(5·[9274], 0, 1)",0,0,1,0,5,9274,0,0
9274,4,1/(Tp+1)·g,степень наличия исходных продуктов,"clip(1·(1·[9279]), 0.1, 1)",1,0,1;0.1,0;0,1,9279,0.999498,0
9275,5,∫ с пределами,сумма долга поставщику исх прод,"∫(1·[9278] + -1·[9407] + -1·[9417]) dt, x0=1, pa1=0, hi=1e+07",1;0,0;0,1e+07,0,1;-1;-1,9278;9407;9417,0,0
9276,1,Σ,реалбные текущие мат затраты на оплату конкретн исх прод,1·[9277] + -1·[9278],,,,,1;-1,9277;9278,0,0
9277,9,Π,требуемые текущие мат затраты по конкретн поставке,[9298]·[12039],0;0,9298;12039,,,,,0,0
9278,9,Π,степень недостаточности финансовых средств,[9277]·[9060],0;0,9277;9060,,,,,0,0
9279,12,Π/Σ,склад исходной продукции,[9298] / (1e-07·1 + 1·[9280]),0,9298,,,1e-07;1,const;9280,0,0
9280,9,Π,поток расходов исходного продукта,[9271]·[9007],0;0,9271;9007,,,,,0,0
9285,2,уставка·Σ,,0·(1·1),0,9285,,,1,const,0,1
9290,2,уставка·Σ,,0.01·(1·1),0.01,0,,,1,const,0,0
9292,1,Σ,,1·[1129],,,,,1,1129,0,0
9293,1,Σ,,1·[7129],,,,,1,7129,0,0
9294,1,Σ,,1·[9129],,,,,1,9129,0,0
9295,1,Σ,,1·[10129],,,,,1,10129,0,0
9296,1,Σ,,1·[8129],,,,,1,8129,0,0
9297,1,Σ,,1·[13129],,,,,1,13129,0,0
9298,1,Σ,,1·[12129],,,,,1,12129,0,0
9299,2,уставка·Σ,максим уровень долга поставщику сырья при котором берут кредит,10·(1·1),10,9299,,,1,const,0,1
9301,14,clip Σ,формир отключ поставок сырья при длительной их неоплате,"clip(1·[9217], 0.0001, 1e+07)",0.0001,0,1e+07,0,1,9217,0,0
9302,11,Π/Π,формир отключ поставок сырья при длительной их неоплате,[9215] / [9301],0,9215,0,9301,,,0,0
9303,15,ключ,формир отключ поставок сырья при длительной их неоплате,(-1·[9302] + 1·[1400]) > 0 ? [1] : 0,,,0,1,-1;1,9302;1400,0,0
9306,14,clip Σ,формир отключ поставок сырья при длительной их неоплате,"clip(1·[1227], 0.0001, 1e+07)",0.0001,0,1e+07,0,1,1227,0,0
9307,11,Π/Π,формир отключ поставок сырья при длительной их неоплате,[9225] / [9306],0,9225,0,9306,,,0,0
9308,15,ключ,формир отключ поставок сырья при длительной их неоплате,(-1·[9307] + 1·[7400]) > 0 ? [1] : 0,,,0,1,-1;1,9307;7400,0,0
9311,14,clip Σ,формир отключ поставок сырья при длительной их неоплате,"clip(1·[1237], 0.0001, 1e+07)",0.0001,0,1e+07,0,1,1237,0,0
9312,11,Π/Π,формир отключ поставок сырья при длительной их неоплате,[9235] / [9311],0,9235,0,9311,,,0,0
9313,15,ключ,формир отключ поставок сырья при длительной их неоплате,(-1·[9312] + 1·[9400]) > 0 ? [1] : 0,,,0,1,-1;1,9312;9400,0,0
9316,14,clip Σ,формир отключ поставок сырья при длительной их неоплате,"clip(1·[1247], 0.0001, 1e+07)",0.0001,0,1e+07,0,1,1247,0,0
9317,11,Π/Π,формир отключ поставок сырья при длительной их неоплате,[9245] / [9316],0,9245,0,9316,,,0,0
9318,15,ключ,формир отключ поставок сырья при длительной их неоплате,(-1·[9317] + 1·[10400]) > 0 ? [1] : 0,,,0,1,-1;1,9317;10400,0,0
9321,14,clip Σ,формир отключ поставок сырья при длительной их неоплате,"clip(1·[1257], 0.0001, 1e+07)",0.0001,0,1e+07,0,1,1257,0,0
9322,11,Π/Π,формир отключ поставок сырья при длительной их неоплате,[9255] / [9321],0,9255,0,9321,,,0,0
9323,15,ключ,формир отключ поставок сырья при длительной их неоплате,(-1·[9322] + 1·[8400]) > 0 ? [1] : 0,,,0,1,-1;1,9322;8400,0,0
9326,14,clip Σ,формир отключ поставок сырья при длительной их неоплате,"clip(1·[1267], 0.0001, 1e+07)",0.0001,0,1e+07,0,1,1267,0,0
9327,11,Π/Π,формир отключ поставок сырья при длительной их неоплате,[9265] / [9326],0,9265,0,9326,,,0,0
9328,15,ключ,формир отключ поставок сырья при длительной их неоплате,(-1·[9327] + 1·[13400]) > 0 ? [1] : 0,,,0,1,-1;1,9327;13400,0,0
9331,14,clip Σ,формир отключ поставок сырья при длительной их неоплате,"clip(1·[1277], 0.0001, 1e+07)",0.0001,0,1e+07,0,1,1277,0,0
9332,11,Π/Π,формир отключ поставок сырья при длительной их неоплате,[9275] / [9331],0,9275,0,9331,,,0,0
9333,15,ключ,формир отключ поставок сырья при длительной их неоплате,(-1·[9332] + 1·[12400]) > 0 ? [1] : 0,,,0,1,-1;1,9332;12400,0,0
9362,14,clip Σ,подключение депозитов для погашения долгов поставщикам сырья,"clip(-1·1 + 1·[9410], 0, 1e+07)",0,0,1e+07,0,-1;1,const;9410,0,0
9363,2,уставка·Σ,предельная величина максим долга при котором прекращаются инвестиц расходы,5·(1·1),5,9363,,,1,const,0,1
9364,8,max,выбор максимального долга за сырье,"max([9215], [9225], [9235], [9245], [9255], [9265], [9275], [9285])",0;0;0;0;0;0;0;0,9215;9225;9235;9245;9255;9265;9275;9285,,,,,0,0
9365,15,ключ,выключение инвестиций при необходимости платить долги поставщикам сырья,(1·[9363] + -1·[9364]) > 0 ? [9065] : 0,,,0,9065,1;-1,9363;9364,0,0
9366,15,ключ,выключ инвестиций в оплату долгов поставщикам сырья,(-1·[9363] + 1·[9364]) > 0 ? [9065] : 0,,,0,9065,-1;1,9363;9364,0,0
9367,1,Σ,поток денег из депозита и инвестиций для погашения долга поставщикам сырья,1·[9366] + 1·[9086],,,,,1;1,9366;9086,0,0
9400,2,уставка·Σ,предельная величина неоплаты поставок сырья при которой еще сохраняется поставка,1·(1·1),1,9400,,,1,const,0,1
9401,11,Π/Π,возврат долга за поставку сырья из прибыли,[9215]·[9117] / [9410],0;0,9215;9117,0,9410,,,0,0
9402,11,Π/Π,возврат долга за поставку сырья из прибыли,[9225]·[9117] / [9410],0;0,9225;9117,0,9410,,,0,0
9403,11,Π/Π,возврат долга за поставку сырья из прибыли,[9235]·[9117] / [9410],0;0,9235;9117,0,9410,,,0,0
9404,11,Π/Π,возврат долга за поставку сырья из прибыли,[9245]·[9117] / [9410],0;0,9245;9117,0,9410,,,0,0
9405,11,Π/Π,возврат долга за поставку сырья из прибыли,[9255]·[9117] / [9410],0;0,9255;9117,0,9410,,,0,0
9406,11,Π/Π,возврат долга за поставку сырья из прибыли,[9265]·[9117] / [9410],0;0,9265;9117,0,9410,,,0,0
9407,11,Π/Π,возврат долга за поставку сырья из прибыли,[9275]·[9117] / [9410],0;0,9275;9117,0,9410,,,0,0
9410,14,clip Σ,сумма всех долгов за поставку сырья,"clip(1·[9215] + 1·[9225] + 1·[9235] + 1·[9245] + 1·[9255] + 1·[9265] + 1·[9275], 0.001, 1e+08)",0.001,0,1e+08,0,1;1;1;1;1;1;1,9215;9225;9235;9245;9255;9265;9275,0,0
9411,11,Π/Π,возврат долга за поставку сырья из прибыли,[9421]·[9441] / [9420],0;0,9421;9441,0,9420,,,0,0
9412,11,Π/Π,возврат долга за поставку сырья из прибыли,[9422]·[9441] / [9420],0;0,9422;9441,0,9420,,,0,0
9413,11,Π/Π,возврат долга за поставку сырья из прибыли,[9423]·[9441] / [9420],0;0,9423;9441,0,9420,,,0,0
9414,11,Π/Π,возврат долга за поставку сырья из прибыли,[9424]·[9441] / [9420],0;0,9424;9441,0,9420,,,0,0
9415,11,Π/Π,возврат долга за поставку сырья из прибыли,[9425]·[9441] / [9420],0;0,9425;9441,0,9420,,,0,0
9416,11,Π/Π,возврат долга за поставку сырья из прибыли,[9426]·[9441] / [9420],0;0,9426;9441,0,9420,,,0,0
9417,11,Π/Π,возврат долга за поставку сырья из прибыли,[9427]·[9441] / [9420],0;0,9427;9441,0,9420,,,0,0
9420,14,clip Σ,сумма всех долгов за поставку сырья,"clip(1·[9421] + 1·[9422] + 1·[9423] + 1·[9424] + 1·[9425] + 1·[9426] + 1·[9427], 0.001, 1e+08)",0.001,0,1e+08,0,1;1;1;1;1;1;1,9421;9422;9423;9424;9425;9426;9427,0,0
9421,14,clip Σ,потребность в оборотном кредите,"clip(1·[9215] + -1·[1299], 0, 1e+06)",0,0,1e+06,0,1;-1,9215;1299,0,0
9422,14,clip Σ,потребность в оборотном кредите,"clip(1·[9225] + -1·[7299], 0, 1e+06)",0,0,1e+06,0,1;-1,9225;7299,0,0
9423,14,clip Σ,потребность в оборотном кредите,"clip(1·[9235] + -1·[9299], 0, 1e+06)",0,0,1e+06,0,1;-1,9235;9299,0,0
9424,14,clip Σ,потребность в оборотном кредите,"clip(1·[9245] + -1·[10299], 0, 1e+06)",0,0,1e+06,0,1;-1,9245;10299,0,0
9425,14,clip Σ,потребность в оборотном кредите,"clip(1·[9255] + -1·[8299], 0, 1e+06)",0,0,1e+06,0,1;-1,9255;8299,0,0
9426,14,clip Σ,потребность в оборотном кредите,"clip(1·[9265] + -1·[13299], 0, 1e+06)",0,0,1e+06,0,1;-1,9265;13299,0,0
9427,14,clip Σ,потребность в оборотном кредите,"clip(1·[9275] + -1·[12299], 0, 1e+06)",0,0,1e+06,0,1;-1,9275;12299,0,0
9441,7,min,поток кредита из банка,"min([9452], [9445])",0;0,9452;9445,,,,,0,0
9442,5,∫ с пределами,текущий кредитный долг банку,"∫(1·[9441] + -1·[1097] + 1·[9443]) dt, x0=1, pa1=0, hi=1e+07",1;0,0;0,1e+07,0,1;-1;1,9441;1097;9443,0,0
9443,9,Π,поток процентов за выданный оборотный кредит,[9442]·[47],0;0,9442;47,,,,,0,0
9444,14,clip Σ,сигнал о возможности кредитования банком оборотных средств,"clip(-0.1·[9442] + 0.1·[9448], 0, 1)",0,0,1,0,-0.1;0.1,9442;9448,0,0
9445,9,Π,поток кредита оборотных средств выдаваемых банком,[9452]·[9444]·[9446],0;0;0,9452;9444;9446,,,,,0,0
9446,14,clip Σ,сигнал о том что норма прибыли больше ставки кредита,"clip(1·[9450], 0, 1)",0,0,1,0,1,9450,0,0
9447,1,Σ,формирование сигнала о возможности кредитования,1·1 + 1·[9450],,,,,1;1,const;9450,0,0
9448,9,Π,формиросание сигнала о возможности кредитования,[9449]·[9447],0;0,9449;9447,,,,,0,0
9449,2,уставка·Σ,коэф ликвидности основных фондов для возможности банковского кредитования,0.1·(0.1·[9063]),0.1,9449,,,0.1,9063,0,1
9450,2,уставка·Σ,учет превышения нормы проб над ставкой кредита для эффективности кредитования,3·(1·[9451]),3,0,,,1,9451,0,0
9451,11,Π/Π,превышение нормы прибыли стаки кркдита,[9058] / [47],0,9058,0,47,,,0,0
9452,9,Π,потребность в оборотном кредите,[9420]·[199],0;0,9420;199,,,,,0,0
9461,9,Π,сигнал о прекращении поставок сырья при неоплате ранее поставленного,[88]·[9303],0;0,88;9303,,,,,0,0
9462,9,Π,9308ал о прекращении поставок сырья при неоплате ранее поставленного,[88],0,88,,,,,0,0
9463,9,Π,сигнал о прекращении поставок сырья при неоплате ранее поставленного,[88]·[9313],0;0,88;9313,,,,,0,0
9464,9,Π,сигнал о прекращении поставок сырья при неоплате ранее поставленного,[88]·[9318],0;0,88;9318,,,,,0,0
9465,9,Π,сигнал о прекращении поставок сырья при неоплате ранее поставленного,[88]·[9323],0;0,88;9323,,,,,0,0
9466,9,Π,сигнал о прекращении поставок сырья при неоплате ранее поставленного,[88]·[9328],0;0,88;9328,,,,,0,0
9467,9,Π,сигнал о прекращении поставок сырья при неоплате ранее поставленного,[88]·[9333],0;0,88;9333,,,,,0,0
9471,1,Σ,включ сигнала о небходимости прекращения поставок сырья при отсутств их оплаты,1·[9461] + 1·[189],,,,,1;1,9461;189,0,0
9472,1,Σ,включ сигнала о небходимости прекращения поставок сырья при отсутств их оплаты,1·[9462] + 1·[189],,,,,1;1,9462;189,0,0
9473,1,Σ,включ сигнала о небходимости прекращения поставок сырья при отсутств их оплаты,1·[9463] + 1·[189],,,,,1;1,9463;189,0,0
9474,1,Σ,включ сигнала о небходимости прекращения поставок сырья при отсутств их оплаты,1·[9464] + 1·[189],,,,,1;1,9464;189,0,0
9475,1,Σ,включ сигнала о небходимости прекращения поставок сырья при отсутств их оплаты,1·[9465] + 1·[189],,,,,1;1,9465;189,0,0
9476,1,Σ,включ сигнала о небходимости прекращения поставок сырья при отсутств их оплаты,1·[9466] + 1·[189],,,,,1;1,9466;189,0,0
9477,1,Σ,включ сигнала о небходимости прекращения поставок сырья при отсутств их оплаты,1·[9467] + 1·[189],,,,,1;1,9467;189,0,0
9802,2,уставка·Σ,доход,1·(0.14·[9026]),1,9802,,,0.14,9026,0,1
9803,9,Π,сумма подоходн налога из соц группы,[9804]·[9811],0;0,9804;9811,,,,,0,0
9804,9,Π,масса подоходного налога,[9802]·[22],0;0,9802;22,,,,,0,0
9805,4,1/(Tp+1)·g,чистый доход,"clip(1·(1·[9802] + -1·[9806] + -1·[9804]), 0.1, 1)",1,0,1;0.1,0;0,1;-1;-1,9802;9806;9804,13.6257,0
9806,9,Π,другие платежи,[9802]·[21],0;0,9802;21,,,,,0,0
9807,9,Π,другие платежи,[9806]·[9811],0;0,9806;9811,,,,,0,0
9808,9,Π,спрос соц группы на услуги,[9874]·[9811],0;0,9874;9811,,,,,0,0
9809,9,Π,спрос на ТНП в социальной группе,[9860]·[9811],0;0,9860;9811,,,,,0,0
9810,9,Π,спрос на стоящ жилье в соц группе,[9844]·[9811],0;0,9844;9811,,,,,0,0
9811,2,уставка·Σ,количество человек в соц группе,1·(1·[9012]),1,9811,,,1,9012,0,1
9812,9,Π,формир фин возмож,[9828]·[9828],0;0,9828;9828,,,,,0,0
9814,10,Σ·[ref],формир финан возм,(2.3·[9812])·[9815],0,9815,,,2.3,9812,0,0
9815,5,∫ с пределами,денежные накопления,"∫(1·[9816] + -1·[9814] + -1·[9870]) dt, x0=1, pa1=0.001, hi=100000",1;0.001,0;0,100000,0,1;-1;-1,9816;9814;9870,4.64761,0
9816,11,Π/Π,формир денежн накоплений,[9838]·[9838]·[9805] / [9819]·[9819],0;0;0,9838;9838;9805,0;0,9819;9819,,,0,0
9817,11,Π/Π,формир соц напряженности,[9815] / [9818],0,9815,0,9818,,,0,0
9818,4,1/(Tp+1)·g,финансовые возможности,"clip(1·(1·[9805] + 1·[9814] + -1·[9816]), 0.1, 1)",1,0,1;0.1,0;0,1;1;-1,9805;9814;9816,12.477,0
9819,1,Σ,формирование денежн накоплений,1·1 + 1·[9838],,,,,1;1,const;9838,0,0
9820,1,Σ,расходы на ТНП Услуги и Досуг,1·[9818] + -1·[9821],,,,,1;-1,9818;9821,0,0
9821,9,Π,расходы на ПП и Жилье,[9831]·[9818],0;0,9831;9818,,,,,0,0
9822,12,Π/Σ,расходы на ПП,[9828]·[9821] / (1·[9828] + 1·[9836]),0;0,9828;9821,,,1;1,9828;9836,0,0
9823,14,clip Σ,расходы на жилье,"clip(1·[9821] + -1·[9822] + -1·[70], 0.01, 1e+07)",0.01,0,1e+07,0,1;-1;-1,9821;9822;70,0,0
9824,2,уставка·Σ,масштабир цены ПП в соц гр,0.08·(1·[4197]),0.08,0,,,1,4197,0,0
9825,12,Π/Σ,формир доли на ПП,[9824] / (0.001·1 + 0.2·[9822]),0,9824,,,0.001;0.2,const;9822,0,0
9826,11,Π/Π,спрос соц группы на ПП,[9811]·[9822] / [9824],0;0,9811;9822,0,9824,,,0,0
9827,12,Π/Σ,формир доли на ПП,[9825] / (1·[9825] + 1·[9822]),0,9825,,,1;1,9825;9822,0,0
9828,4,1/(Tp+1)·g,формир доли на ПП,"clip(1·(1·[9827]), 0.1, 1)",1,0,1;0.1,0;0,1,9827,0.319001,0
9829,14,clip Σ,,"clip(1·1 + -4·[9832], 0, 1)",0,0,1,0,1;-4,const;9832,0,0
9830,11,Π/Π,спрос на ПП,[9822] / [9824],0,9822,0,9824,,,0,0
9831,14,clip Σ,формир доли на ПП и Жил,"clip(1·[9828] + 1·[9836], 0, 1)",0,0,1,0,1;1,9828;9836,0,0
9832,14,clip Σ,формир доли на Жил,"clip(-0.5·1 + 1·[9828], 0, 100)",0,0,100,0,-0.5;1,const;9828,0,0
9833,1,Σ,формир доли на Жил,1·1 + 1·[9832],,,,,1;1,const;9832,0,0
9834,23,?23,формир доли на Жил,?23(1·[9833]; 10),10,0,,,1,9833,0,0
9835,11,Π/Π,доля на жилье,[9857] / [9834],0,9857,0,9834,,,0,0
9836,12,Π/Σ,доля на Жил,[9835] / (1·1 + 5·[9835]),0,9835,,,1;5,const;9835,0,0
9837,14,clip Σ,всего расходов на ТНП и др,"clip(1·[9820] + -1·[9856], 0, 1000)",0,0,1000,0,1;-1,9820;9856,0,0
9838,1,Σ,уровень жизни,1·1 + -1·[9828],,,,,1;-1,const;9828,0,0
9839,12,Π/Σ,натуральный спрос на покупку жилья (удовлетворенный),[9844] / (0.01·1 + 1·[9842]),0,9844,,,0.01;1,const;9842,0,0
9840,2,уставка·Σ,коэф перевода года в мес,1·(1·[9823]),1,0,,,1,9823,0,0
9841,11,Π/Π,спрос на строит жилья,[9840]·[9840] / [9842]·[9842],0;0,9840;9840,0;0,9842;9842,,,0,0
9842,2,уставка·Σ,цена строящ жилья,1·(1·[3120]),1,0,,,1,3120,0,0
9843,12,Π/Σ,доля на покупку жилья,[9848]·[9849]·[9841]·[9829] / (0.1·1 + 1·[9841]),0;0;0;0,9848;9849;9841;9829,,,0.1;1,const;9841,0,0
9844,9,Π,расходы на покупку жилья,[9823]·[9843],0;0,9823;9843,,,,,0,0
9845,14,clip Σ,расходы на наем жилья,"clip(1·[9823] + -1·[9844], 0, 1e+07)",0,0,1e+07,0,1;-1,9823;9844,0,0
9846,12,Π/Σ,формиров доли расходов на покупку жилья,[9853] / (1·[9842] + 1·[9853]),0,9853,,,1;1,9842;9853,0,0
9847,12,Π/Σ,формир доли расходов на покупку жилья,[9853] / (20·[9892]),0,9853,,,20,9892,0,0
9848,4,1/(Tp+1)·g,формир доли расх на жилье,"clip(1·(1·[9846]), 0.1, 1)",1,0,1;0.1,0;0,1,9846,0.353724,0
9849,4,1/(Tp+1)·g,формир доли расх на жилье,"clip(1·(1·[9847]), 0.1, 1)",1,0,1;0.1,0;0,1,9847,1,0
9850,9,Π,спрос на досуг в соц группы,[9811]·[9866]·[9837],0;0;0,9811;9866;9837,,,,,0,0
9851,5,∫ с пределами,куплено всего жилья,"∫(1·[9839] + -0.01·[9854]) dt, x0=1, pa1=0, hi=10000",1;0,0;0,10000,0,1;-0.01,9839;9854,14.6643,0
9852,12,Π/Σ,всего нанято жилья,[9845] / (0.1·[9853]),0,9845,,,0.1,9853,0,0
9853,2,уставка·Σ,цена найма жилья,1·(1·[3]),1,0,,,1,3,0,0
9854,12,Π/Σ,коэф амортизац купленного жилья,[9851] / (1·1 + 1.5·[9874]),0,9851,,,1;1.5,const;9874,0,0
9855,4,1/(Tp+1)·g,всего имеется жилья,"clip(2·(2·[9852] + 1·[9851]), 0.01, 1)",2,0,1;0.01,0;0,2;1,9852;9851,52.608,0
9856,9,Π,поток уплаты налога за купленное жилье,[9851]·[9892],0;0,9851;9892,,,,,0,0
9857,11,Π/Π,отношение нормы жилья к имеещемуся,[9893] / [9855],0,9893,0,9855,,,0,0
9858,12,Π/Σ,качество жизни,[9866]·[400] / (1·[9857] + 1·[9828]),0;0,9866;400,,,1;1,9857;9828,0,0
9859,2,уставка·Σ,масшт спроса на аренду жилья для весов ценн в расходах,0.1·(1·[9852]),0.1,0,,,1,9852,0,0
9860,11,Π/Π,поток покупок ТНП,[9864]·[9837] / [9873]·[5150],0;0,9864;9837,0;0,9873;5150,,,0,0
9861,5,∫ с пределами,накоплено купленных ТНП,"∫(1·[9860] + -1·[9862]) dt, x0=0.5, pa1=1, hi=10000",0.5;1,0;0,10000,0,1;-1,9860;9862,33.5607,0
9862,12,Π/Σ,амортизация ТНП,[9861] / (10·1 + 20·[9874]),0,9861,,,10;20,const;9874,0,0
9863,2,уставка·Σ,всего имущества (ТНП+Жил),0.03·(1·[9861] + 1·[9855]),0.03,0,,,1;1,9861;9855,0,0
9864,12,Π/Σ,треб ТНП,[9855] / (0.01·1 + 0.4·[9861]),0,9855,,,0.01;0.4,const;9861,0,0
9865,12,Π/Σ,треб услуг,[9863] / (1·1 + 1·[9863]),0,9863,,,1;1,const;9863,0,0
9866,11,Π/Π,формир спроса на досуг,[9875]·[9837] / [9873]·[4]·[4]·[4],0;0,9875;9837,0;0;0;0,9873;4;4;4,,,0,0
9867,9,Π,объем потребляемых благ в соц сфере для формиров натуральн потребности в эл-эн,[9873]·[9811],0;0,9873;9811,,,,,0,0
9868,1,Σ,всего расходы на личное жилье (его приобретение и налог при его содержании),1·[1856] + 1·[1844],,,,,1;1,1856;1844,0,0
9870,14,clip Σ,уровень денежн нак при котором нчинается активное приобрет жилья,"clip(-3.5·1 + 1·[9815], 0, 1e+08)",0,0,1e+08,0,-3.5;1,const;9815,0,0
9871,2,уставка·Σ,Цдосуга,1.25·(1·1),1.25,0,,,1,const,0,0
9873,4,1/(Tp+1)·g,сумма потребностей в усл+досуге+ТНП,"clip(1·(1·[9864] + 1·[9865] + 1·[9875]), 0.01, 1)",1,0,1;0.01,0;0,1;1;1,9864;9865;9875,9.84026,0
9874,11,Π/Π,спрос на услуги,[9865]·[9837] / [5]·[9873],0;0,9865;9837,0;0,5;9873,,,0,0
9875,12,Π/Σ,поток услуг освобождающий время на досуг,[9874]·[9888] / (0.1·1 + 1·[9874]),0;0,9874;9888,,,0.1;1,const;9874,0,0
9876,11,Π/Π,вес цены блага в расходах соц группы,[9866]·[4]·[4] / [9818],0;0;0,9866;4;4,0,9818,,,0,0
9877,11,Π/Π,вес цены блага в расходах соц группы,[9874]·[5]·[5] / [9818],0;0;0,9874;5;5,0,9818,,,0,0
9878,11,Π/Π,вес цены блага в расходах соц группы,[9860]·[5150]·[5150] / [9818],0;0;0,9860;5150;5150,0,9818,,,0,0
9879,11,Π/Π,вес цены блага в расходах соц группы,[9859]·[3]·[3] / [9818],0;0;0,9859;3;3,0,9818,,,0,0
9880,11,Π/Π,вес цены блага в расходах соц группы,[9841]·[9842]·[9842] / [9818],0;0;0,9841;9842;9842,0,9818,,,0,0
9881,11,Π/Π,вес цены блага в расходах соц группы,[9826]·[9824]·[9824] / [9818]·[9811],0;0;0,9826;9824;9824,0;0,9818;9811,,,0,0
9885,12,Π/Σ,индекс социальной напряженности,[9887]·[9886] / (1·1 + 0.5·[9887]),0;0,9887;9886,,,1;0.5,const;9887,0,0
9886,1,Σ,формир потребн в досуге от соц напряж,1·1 + 2·[9005],,,,,1;2,const;9005,0,0
9887,12,Π/Σ,треб досуга,[1] / (5·[9858] + 1·[9817]),0,1,,,5;1,9858;9817,0,0
9888,4,1/(Tp+1)·g,треб досуга,"clip(1·(1·[9863] + 1·[9815]), 0.1, 1)",1,0,1;0.1,0;0,1;1,9863;9815,7.23267,0
9889,9,Π,накоплено денег в соц группе для возможной покупки дол,[9870]·[9811],0;0,9870;9811,,,,,0,0
9890,9,Π,уровень денежн накоплений насел при котором начинают покупать дол,[9815],0,9815,,,,,0,0
9891,1,Σ,сумма абсол знач весов цен благ соц гр,1·[9876] + 1·[9877] + 1·[9878] + 1·[9879] + 1·[9880] + 1·[9881],,,,,1;1;1;1;1;1,9876;9877;9878;9879;9880;9881,0,0
9892,2,уставка·Σ,ставка налога на жилье,1·(1·[7]),1,0,,,1,7,0,0
9893,2,уставка·Σ,норма жилья,10·(1·1),10,9893,,,1,const,0,1
9894,11,Π/Π,относит вес цены на ПП,[9881] / [9891],0,9881,0,9891,,,0,0
9895,11,Π/Π,относительный вес цены куплен жилья,[9880] / [9891],0,9880,0,9891,,,0,0
9896,11,Π/Π,относительный вес цены досуга,[9876] / [9891],0,9876,0,9891,,,0,0
9897,11,Π/Π,относительный вес цены услуг,[9877] / [9891],0,9877,0,9891,,,0,0
9898,11,Π/Π,относительный вес цены ТНП,[9878] / [9891],0,9878,0,9891,,,0,0
9899,11,Π/Π,относительный вес цены аренд жилья,[9879] / [9891],0,9879,0,9891,,,0,0
10001,14,clip Σ,реальн произв продукции,"clip(1·[10011], 0.2, 1.11111e+07)",0.2,0,1.11111e+07,0,1,10011,0,0
10002,4,1/(Tp+1)·g,потенц произв продукции,"clip(1·(1·[10011]), 0.1, 1)",1,0,1;0.1,0;0,1,10011,0.999718,0
10003,7,min,огранич в произв продукции,"min([10213], [10223], [10233], [10253], [10263], [10203])",0;0;0;0;0;0,10213;10223;10233;10253;10263;10203,,,,,0,0
10004,14,clip Σ,производство продукции,"clip(1·[10017], 0.001, 10000)",0.001,0,10000,0,1,10017,0,0
10005,12,Π/Σ,степень безработицы в секторе,[232]·[10030] / (0.0001·1 + 1·[10009]),0;0,232;10030,,,0.0001;1,const;10009,0,0
10006,9,Π,МЗ от импорта,[10206]·[501],0;0,10206;501,,,,,0,0
10007,7,min,всего реализовано продукции,"min([10001], [10004])",0;0,10001;10004,,,,,0,0
10008,4,1/(Tp+1)·g,материальные затраты,"clip(1·(1.6429·[10018]), 0.02, 1)",1,0,1;0.02,0;0,1.6429,10018,773.116,0
10009,10,Σ·[ref],требуется труда с учетом сменности и потребн в продукции,(0.025·[10093])·[10025],0,10025,,,0.025,10093,0,0
10010,12,Π/Σ,цена рыночная,[10116] / (0.2·1 + 0.8·[10004]),0,10116,,,0.2;0.8,const;10004,0,0
10011,10,Σ·[ref],потенциальное производство продукции,(2·[10080])·[10029],0,10029,,,2,10080,0,0
10012,2,уставка·Σ,подано труда,0.5·(1·1),0.5,10012,,,1,const,0,1
10013,11,Π/Π,расходы сект на Фп,[10365]·[10066] / [10072],0;0,10365;10066,0,10072,,,0,0
10014,11,Π/Π,расходы сект на Фа,[10365]·[10068] / [10072],0;0,10365;10068,0,10072,,,0,0
10015,11,Π/Π,количество прибыли для импортного оборудования,[10365]·[10075] / [10072],0;0,10365;10075,0,10072,,,0,0
10016,2,уставка·Σ,общее предложение труда в секторе производства,2·(1·[10012] + 1·[235]),2,0,,,1;1,10012;235,0,0
10017,4,1/(Tp+1)·g,,"clip(1·(1·[10011]), 0.02, 1)",1,0,1;0.02,0;0,1,10011,1,0
10018,1,Σ,сумма номинальных материальных затрат,1·[10006] + 1·[10217] + 1·[10227] + 1·[10237] + 1·[10247] + 1·[10257] + 1·[10267] + 1·[10277],,,,,1;1;1;1;1;1;1;1,10006;10217;10227;10237;10247;10257;10267;10277,0,0
10019,9,Π,цена сырья,[10037]·[10105],0;0,10037;10105,,,,,0,0
10020,2,уставка·Σ,ставка зарплаты,2·(1·1),2,10020,,,1,const,0,1
10021,1,Σ,условно средняя цена поставляемых новых фондов для их развития,0.5·[2039] + 0.5·[3039],,,,,0.5;0.5,2039;3039,0,0
10025,5,∫ с пределами,К сменности,"∫(1·[10076] + -1·[10004]) dt, x0=1, pa1=0.5, hi=2.5",1;0.5,0;0,2.5,0,1;-1,10076;10004,0.99916,0
10026,13,Σ/Π,доход на одного в соц группе сырья,(1·[10052] + 1·[10032]) / [10029],,,0,10029,1;1,10052;10032,0,0
10027,2,уставка·Σ,выручка как сумма платежей потребителей продукции,3.5355·(1·[1246] + 1·[2246] + 1·[3246] + 1·[4246] + 1·[5246] + 1·[6246] + 1·[7246] + 1·[8246] + 1·[9246] + 1·[10246] + 1·[11246] + 1·[12246] + 1·[13246] + 1·[10157] + 1·[10158] + 1·[10167]),3.5355,0,,,1;1;1;1;1;1;1;1;1;1;1;1;1;1;1;1,1246;2246;3246;4246;5246;6246;7246;8246;9246;10246;11246;12246;13246;10157;10158;10167,0,0
10029,7,min,используется труда,"min([10016], [10009])",0;0,10016;10009,,,,,0,0
10030,14,clip Σ,безработица,"clip(1·[10012] + -1·[10029], 0, 100000)",0,0,100000,0,1;-1,10012;10029,0,0
10031,10,Σ·[ref],индексация зарплаты,(12·1)·[10020],0,10020,,,12,const,0,0
10032,9,Π,поток зарплаты,[10029]·[10031],0;0,10029;10031,,,,,0,0
10033,1,Σ,общие затраты,1·[10008] + 1·[10051] + 1·[10032],,,,,1;1;1,10008;10051;10032,0,0
10034,1,Σ,все затраты,1·[10033] + 1·[10055],,,,,1;1,10033;10055,0,0
10035,13,Σ/Π,себестоимость,(1·[10034]) / [10004],,,0,10004,1,10034,0,0
10036,9,Π,формирование цены,[10112]·[10113]·[10035],0;0;0,10112;10113;10035,,,,,0,0
10037,4,1/(Tp+1)·g,цена без НДС,"clip(0.7274·(1·[10038] + 1·[10036]), 0.02, 1)",0.7274,0,1;0.02,0;0,1;1,10038;10036,884.168,0
10038,9,Π,формирование рыночной цены (с учетом ее доли в общей цене),[10035]·[10112]·[10114],0;0;0,10035;10112;10114,,,,,0,0
10039,4,1/(Tp+1)·g,цена с НДС,"clip(1·(0.46652·[10019]), 0.02, 1)",1,0,1;0.02,0;0,0.46652,10019,425.412,0
10040,9,Π,выручка без НДС,[10037]·[10007],0;0,10037;10007,,,,,0,0
10041,4,1/(Tp+1)·g,сумма выручек внутренней и экспортной,"clip(1·(1·[898]), 0.02, 1)",1,0,1;0.02,0;0,1,898,144.53,0
10042,2,уставка·Σ,сумма выручек внутренней и экспортной,1·(1·[10041] + 1·[10027] + 1·[370]),1,0,,,1;1;1,10041;10027;370,0,0
10043,14,clip Σ,добавленная стоимость,"clip(1·[10042] + -1·[10008], 0, 10000)",0,0,10000,0,1;-1,10042;10008,0,0
10044,14,clip Σ,балансовая прибыль,"clip(1·[10043] + -1·[10050] + -1·[10047] + -1·[10097] + -1·[10054] + -1·[10032] + -1·[10048] + -1·[10073] + -1·[10137], 0, 10000)",0,0,10000,0,1;-1;-1;-1;-1;-1;-1;-1;-1,10043;10050;10047;10097;10054;10032;10048;10073;10137,0,0
10045,1,Σ,чистая прибыль,1·[10044] + -1·[10049],,,,,1;-1,10044;10049,0,0
10046,2,уставка·Σ,стоимость вводимых основных фондов,0.4977·(1·[10078] + 1·[10079] + 1·[10200]),0.4977,0,,,1;1;1,10078;10079;10200,0,0
10047,9,Π,поток НДС,[10043]·[24],0;0,10043;24,,,,,0,0
10048,9,Π,поток налога с выручки,[10042]·[23],0;0,10042;23,,,,,0,0
10049,9,Π,поток налога на прибыль,[25]·[10044],0;0,25;10044,,,,,0,0
10050,9,Π,поток налога на фонды,[10063]·[26],0;0,10063;26,,,,,0,0
10051,9,Π,амортизация в себестоимости,[10063]·[10064],0;0,10063;10064,,,,,0,0
10052,12,Π/Σ,доля прибыли в потребление,[10074]·[10045] / (5·1 + 1·[10074]),0;0,10074;10045,,,5;1,const;10074,0,0
10053,4,1/(Tp+1)·g,ФОТ,"clip(1·(1·[10052] + 1·[10032]), 0.1, 1)",1,0,1;0.1,0;0,1;1,10052;10032,97.6678,0
10054,9,Π,налог на ФОТ,[10053]·[28],0;0,10053;28,,,,,0,0
10055,1,Σ,сумма налогов,1·[10054] + 1·[10050] + 1·[10048],,,,,1;1;1,10054;10050;10048,0,0
10056,4,1/(Tp+1)·g,инвестируемая прибыль,"clip(1·(1·[10045] + -1·[10052]), 0.01, 1)",1,0,1;0.01,0;0,1;-1,10045;10052,53.6185,0
10057,12,Π/Σ,норма прибыли,[10045] / (0.001·1 + 1·[10049] + 1·[10034]),0,10045,,,0.001;1;1,const;10049;10034,0,0
10058,4,1/(Tp+1)·g,степень финансовых возможностей,"clip(1·(1·[10057]), 0.1, 1)",1,0,1;0.1,0;0,1,10057,0.129898,0
10059,14,clip Σ,индекс финансовых возможностей,"clip(20·[10058], 0, 1)",0,0,1,0,20,10058,0,0
10060,14,clip Σ,степень недостаточности финансов,"clip(1·1 + -1·[10059], 0, 1)",0,0,1,0,1;-1,const;10059,0,0
10061,14,clip Σ,норма выплаты амортизации,"clip(1·[10056], 0, 1)",0,0,1,0,1,10056,0,0
10062,9,Π,реальный поток амортизации,[10061]·[10063]·[10064],0;0;0,10061;10063;10064,,,,,0,0
10063,5,∫ с пределами,стоимость производственных фондов,"∫(1·[10046] + -1·[10073]) dt, x0=0.1, pa1=0, hi=10000",0.1;0,0;0,10000,0,1;-1,10046;10073,599.976,0
10064,2,уставка·Σ,коэффициент амортизации,20·(0.01·1),20,10064,,,0.01,const,0,1
10065,2,уставка·Σ,всего инвестиций,1.255·(1·[10056] + 1·[10086] + 1·[10073]),1.255,0,,,1;1;1,10056;10086;10073,0,0
10066,2,уставка·Σ,доля строит в инвестициях,1·(1·1),1,10066,,,1,const,0,1
10067,11,Π/Π,расходы прибыли в строит,[10365]·[10066] / [10072]·[3039],0;0,10365;10066,0;0,10072;3039,,,0,0
10068,2,уставка·Σ,доля машиностроен в инвестиц,2.5·(1·1),2.5,10068,,,1,const,0,1
10069,11,Π/Π,расходы прибыли в машин,[10068]·[10365] / [2039]·[10072],0;0,10068;10365,0;0,2039;10072,,,0,0
10070,2,уставка·Σ,доля НИОКР в инвестиц,0.5·(1·1),0.5,10070,,,1,const,0,1
10071,2,уставка·Σ,доля депозита в инвестиц,0.5·(1·1),0.5,10071,,,1,const,0,1
10072,1,Σ,сумма долей распределения прибыли,1·[10066] + 1·[10068] + 1·[10070] + 1·[10071] + 1·[10075],,,,,1;1;1;1;1,10066;10068;10070;10071;10075,0,0
10073,7,min,реальные амортизационные выплаты,"min([10062], [10056])",0;0,10062;10056,,,,,0,0
10074,14,clip Σ,формирование доли прибыли в потребление,"clip(-5·1 + 100·[10058], 0.2, 100)",0.2,0,100,0,-5;100,const;10058,0,0
10075,2,уставка·Σ,доля прибыли для импорта Фа,0.5·(1·1),0.5,10075,,,1,const,0,1
10076,9,Π,,[10003]·[10116],0;0,10003;10116,,,,,0,0
10077,12,Π/Σ,отношение суммы налогов к добавленной стоимости,[10055] / (0.001·1 + 1·[10043]),0,10055,,,0.001;1,const;10043,0,0
10078,9,Π,стоимость вводимых  Фа,[2039]·[2130],0;0,2039;2130,,,,,0,0
10079,9,Π,стоимость вводимых  Фп,[3039]·[3130],0;0,3039;3130,,,,,0,0
10080,5,∫ с пределами,производительность труда,"∫(1·[10108] + 0·[10080]) dt, x0=1, pa1=0.2, hi=1e+06",1;0.2,0;0,1e+06,0,1;0,10108;10080,1.00057,0
10081,11,Π/Π,расходы прибыли в НИОКР,[10365]·[10070] / [10072],0;0,10365;10070,0,10072,,,0,0
10082,11,Π/Π,расходы прибыли в депозиты,[10365]·[10071] / [10072],0;0,10365;10071,0,10072,,,0,0
10083,3,∫,накопленный депозит,"∫(1·[10082] + 1·[10085] + -1·[10086]) dt, x0=0.001",0.001,0,,,1;1;-1,10082;10085;10086,7.79027,0
10084,14,clip Σ,степень возможностей депозита,"clip(100·[10083], 0, 1)",0,0,1,0,100,10083,0,0
10085,9,Π,самовозрастание депозита,[10083]·[230],0;0,10083;230,,,,,0,0
10086,9,Π,поток инвестиций из депозита,[10362]·[10084],0;0,10362;10084,,,,,0,0
10088,2,уставка·Σ,формир потока амортизац Фа,0.4042·(100·[2130] + 1·[828]),0.4042,0,,,100;1,2130;828,0,0
10089,5,∫ с пределами,количество Фа,"∫(1·[10088] + -1·[10090]) dt, x0=0.01, pa1=0.01, hi=10000",0.01;0.01,0;0,10000,0,1;-1,10088;10090,20,0
10090,9,Π,реальная амортизация Фа,[10064]·[10004]·[10089],0;0;0,10064;10004;10089,,,,,0,0
10091,9,Π,поток амортизации Фп,[10064]·[10092],0;0,10064;10092,,,,,0,0
10092,5,∫ с пределами,количество Фп,"∫(93·[3130] + -1·[10091]) dt, x0=0.01, pa1=0.01, hi=10000",0.01;0.01,0;0,10000,0,93;-1,3130;10091,20.0007,0
10093,12,Π/Σ,количество рабочих мест,[10092]·[10089] / (0.5·[10092] + 0.5·[10089]),0;0,10092;10089,,,0.5;0.5,10092;10089,0,0
10094,4,1/(Tp+1)·g,продукция для реализации,"clip(1·(1·[10007]), 0.1, 1)",1,0,1;0.1,0;0,1,10007,0.999718,0
10095,4,1/(Tp+1)·g,формиров возврата кредитов,"clip(1·(1·[10044]), 0.1, 1)",1,0,1;0.1,0;0,1,10044,198.994,0
10096,7,min,формиров возврата кредитов,"min([10095], [10442])",0;0,10095;10442,,,,,0,0
10097,2,уставка·Σ,темп возврата кредитов,0·(1·[10096]),0,10097,,,1,10096,0,1
10099,2,уставка·Σ,доли,1·(1·1),1,10099,,,1,const,0,1
10100,10,Σ·[ref],сумма инвестиционных средств для изменения производительности фондов,(0.0531·[10081] + 0.0531·[828])·[880],0,880,,,0.0531;0.0531,10081;828,0,0
10101,1,Σ,алгоритм НДС,1·1 + -1·[24],,,,,1;-1,const;24,0,0
10102,11,Π/Π,алгоритм НДС,[10104]·[24] / [10101]·[10103],0;0,10104;24,0;0,10101;10103,,,0,0
10103,14,clip Σ,формирование НДС,"clip(1·[10040], 0.01, 10000)",0.01,0,10000,0,1,10040,0,0
10104,14,clip Σ,алгоритм НДС,"clip(1·[10040] + -1·[10008], 0, 10000)",0,0,10000,0,1;-1,10040;10008,0,0
10105,1,Σ,алгоритм НДС,1·1 + 1·[10102],,,,,1;1,const;10102,0,0
10106,1,Σ,+/- потока основных активных фондов,1·[2130] + -0.01175·[10090],,,,,1;-0.01175,2130;10090,0,0
10107,1,Σ,+/- потока основных пассивных фондов,1·[3130] + -0.011·[10091],,,,,1;-0.011,3130;10091,0,0
10108,14,clip Σ,,"clip(1·[10100] + -1·[10080], 0, 1e+06)",0,0,1e+06,0,1;-1,10100;10080,0,0
10109,12,Π/Σ,отношение к спросу на продукцию,[10004] / (1e-05·1 + 1·[10116]),0,10004,,,1e-05;1,const;10116,0,0
10110,14,clip Σ,индекс достаточности предложения,"clip(1·[10109], 0, 1)",0,0,1,0,1,10109,0,0
10112,2,уставка·Σ,норматив прибыли монополиста,1.2·(1·1),1.2,10112,,,1,const,0,1
10113,2,уставка·Σ,степень монополизма,0.9·(1·1),0.9,10113,,,1,const,0,1
10114,10,Σ·[ref],монопольная цена с ее долей,(1·1 + -1·[10113])·[10010],0,10010,,,1;-1,const;10113,0,0
10116,4,1/(Tp+1)·g,сумма спросов,"clip(1·(0.8673·[10119]), 0.02, 1)",1,0,1;0.02,0;0,0.8673,10119,0.999821,0
10117,1,Σ,суммарный поток денег возврата долгов поставщикам сырья,1·[10137] + 1·[10367],,,,,1;1,10137;10367,0,0
10119,4,1/(Tp+1)·g,сумма спросов,"clip(1·(1·[10141] + 1·[10142] + 1·[10143] + 1·[10144] + 1·[10145] + 1·[10146] + 1·[10147] + 1·[10148] + 1·[10149] + 1·[10150] + 1·[10151] + 1·[10152] + 1·[10153] + 1·[10154] + 1·[10155] + 1·[10156]), 0.02, 1)",1,0,1;0.02,0;0,1;1;1;1;1;1;1;1;1;1;1;1;1;1;1;1,10141;10142;10143;10144;10145;10146;10147;10148;10149;10150;10151;10152;10153;10154;10155;10156,1.15281,0
10121,11,Π/Π,доля элект в сырье,[10094]·[10141] / [10001],0;0,10094;10141,0,10001,,,0,0
10122,11,Π/Π,доля элект в машин,[10094]·[10142] / [10001],0;0,10094;10142,0,10001,,,0,0
10123,11,Π/Π,доля элект в бюджет,[10094]·[10143] / [10001],0;0,10094;10143,0,10001,,,0,0
10124,11,Π/Π,доля элект в с-х,[10094]·[10144] / [10001],0;0,10094;10144,0,10001,,,0,0
10125,11,Π/Π,доля элект в ТНП,[10094]·[10145] / [10001],0;0,10094;10145,0,10001,,,0,0
10126,11,Π/Π,доля элект в ВПК,[10094]·[10146] / [10001],0;0,10094;10146,0,10001,,,0,0
10127,11,Π/Π,доля элект в уголь,[10094]·[10147] / [10001],0;0,10094;10147,0,10001,,,0,0
10128,11,Π/Π,доля элект в нефть,[10094]·[10148] / [10001],0;0,10094;10148,0,10001,,,0,0
10129,11,Π/Π,доля элект в газпром,[10094]·[10149] / [10001],0;0,10094;10149,0,10001,,,0,0
10130,11,Π/Π,доля элект в эл-энерг,[10094]·[10150] / [10001],0;0,10094;10150,0,10001,,,0,0
10131,11,Π/Π,доля элект в пищев пром,[10094]·[10151] / [10001],0;0,10094;10151,0,10001,,,0,0
10132,11,Π/Π,доля элект в транспорт,[10094]·[10152] / [10001],0;0,10094;10152,0,10001,,,0,0
10133,11,Π/Π,доля элект проч пром,[10094]·[10153] / [10001],0;0,10094;10153,0,10001,,,0,0
10134,11,Π/Π,доля элект на экспорт,[10094]·[10154] / [10001],0;0,10094;10154,0,10001,,,0,0
10135,11,Π/Π,доля элект в бюджет,[10094]·[10155] / [10001],0;0,10094;10155,0,10001,,,0,0
10136,11,Π/Π,,[10094]·[10156] / [10001],0;0,10094;10156,0,10001,,,0,0
10137,9,Π,поток возврата долгов проставщикам,[10138]·[99],0;0,10138;99,,,,,0,0
10138,2,уставка·Σ,коэф уменьшения возврата долгов поставщикам сырья,0·(1·[10139]),0,10138,,,1,10139,0,1
10139,7,min,требуемый поток возврата долгов поставщикам сырья,"min([10095], [10410])",0;0,10095;10410,,,,,0,0
10141,4,1/(Tp+1)·g,спрос на элект в сырье,"clip(1·(1·[1242]), 0.5, 1)",1,0,1;0.5,0;0,1,1242,0.0499025,0
10142,4,1/(Tp+1)·g,спрос на элект из маш,"clip(1·(1·[2242]), 0.1, 1)",1,0,1;0.1,0;0,1,2242,0.0997793,0
10143,4,1/(Tp+1)·g,спрос на элект из строит,"clip(1·(1·[3242]), 0.1, 1)",1,0,1;0.1,0;0,1,3242,0.0500245,0
10144,4,1/(Tp+1)·g,спрос на элект из с-х,"clip(1·(1·[4242]), 0.1, 1)",1,0,1;0.1,0;0,1,4242,0.0499703,0
10145,4,1/(Tp+1)·g,спрос на элект   из ТНП,"clip(1·(1·[5242]), 0.1, 1)",1,0,1;0.1,0;0,1,5242,0.0499554,0
10146,4,1/(Tp+1)·g,спрос на элект   из ВПК,"clip(1·(1·[6242]), 0.1, 1)",1,0,1;0.1,0;0,1,6242,0.0495805,0
10147,4,1/(Tp+1)·g,спрос на элект  в угле,"clip(1·(1·[7242]), 0.5, 1)",1,0,1;0.5,0;0,1,7242,0.0498916,0
10148,4,1/(Tp+1)·g,спрос на элект из нефти,"clip(1·(1·[8242]), 0.1, 1)",1,0,1;0.1,0;0,1,8242,0.0299738,0
10149,4,1/(Tp+1)·g,спрос на элект   из газа,"clip(1·(1·[9242]), 0.1, 1)",1,0,1;0.1,0;0,1,9242,0.0200008,0
10150,4,1/(Tp+1)·g,спрос на элект из эл-энер,"clip(1·(0), 0.1, 1)",1,0,1;0.1,0;0,,,0,0
10151,4,1/(Tp+1)·g,спрос на элект   из пищев пром,"clip(1·(1·[11242]), 0.1, 1)",1,0,1;0.1,0;0,1,11242,0.0199863,0
10152,4,1/(Tp+1)·g,спрос на элект   из транспорта,"clip(1·(1·[12242]), 0.1, 1)",1,0,1;0.1,0;0,1,12242,0.0398901,0
10153,4,1/(Tp+1)·g,спрос на элект   из проч пром,"clip(1·(1·[13242]), 0.5, 1)",1,0,1;0.5,0;0,1,13242,0.0399035,0
10154,4,1/(Tp+1)·g,поставка элект  на  экспорт,"clip(1·(1·[10161]), 0.1, 1)",1,0,1;0.1,0;0,1,10161,0.05,0
10155,4,1/(Tp+1)·g,спрос на элект  в бюджет,"clip(1·(0.92·[270]), 0.1, 1)",1,0,1;0.1,0;0,0.92,270,0.431009,0
10156,4,1/(Tp+1)·g,спрос на элект  в сф потребл,"clip(1·(1·[286]), 0.02, 1)",1,0,1;0.02,0;0,1,286,0.122946,0
10157,1,Σ,возврат долгов от потребителей исходн сырья,1·[1404] + 1·[2404] + 1·[3404] + 1·[4404] + 1·[5404] + 1·[6404] + 1·[7404] + 1·[8404] + 1·[9404] + 1·[10404] + 1·[11404] + 1·[12404] + 1·[13404],,,,,1;1;1;1;1;1;1;1;1;1;1;1;1,1404;2404;3404;4404;5404;6404;7404;8404;9404;10404;11404;12404;13404,0,0
10158,1,Σ,возврат долгов через заем в банке оборотнго кредита потребителями исходн сырья,1·[1414] + 1·[2414] + 1·[3414] + 1·[4414] + 1·[5414] + 1·[6414] + 1·[7414] + 1·[8414] + 1·[9414] + 1·[10414] + 1·[11414] + 1·[12414] + 1·[13414],,,,,1;1;1;1;1;1;1;1;1;1;1;1;1,1414;2414;3414;4414;5414;6414;7414;8414;9414;10414;11414;12414;13414,0,0
10160,2,уставка·Σ,экспортная цена в дол,1·(65·1),1,10160,,,65,const,0,1
10161,7,min,заявка на экспорт в секторе сырья,"min([10171], [10163], [10162])",0;0;0,10171;10163;10162,,,,,0,0
10162,15,ключ,ограничение экспортаот низкой цены экспорта,(-1·1 + 1·[10164]) > 0 ? [1] : 0,,,0,1,-1;1,const;10164,0,0
10163,2,уставка·Σ,квота экспорта на сырье,50·(0.01·1),50,10163,,,0.01,const,0,1
10164,13,Σ/Π,доля экспорта сырья,(0.5·[10165]) / [10039]·[10166],,,0;0,10039;10166,0.5,10165,0,0
10165,9,Π,цена экспорта сырья в рубл,[10160]·[501],0;0,10160;501,,,,,0,0
10166,1,Σ,таможенный тариф на эл - эн,1·1 + 1·[335],,,,,1;1,const;335,0,0
10167,10,Σ·[ref],экспортная выручка в рублевом выражении,(1.333·[10170])·[501],0,501,,,1.333,10170,0,0
10168,9,Π,объем уплаты тарифа,[10169]·[335],0;0,10169;335,,,,,0,0
10169,9,Π,экспортная выручка в долл,[10160]·[10134],0;0,10160;10134,,,,,0,0
10170,10,Σ·[ref],предлож долл от экспортной выручки на бирже,(1.25·[10176])·[530],0,530,,,1.25,10176,0,0
10171,2,уставка·Σ,,5·(0.01·1),5,10171,,,0.01,const,0,1
10173,1,Σ,остаток экспортн выр в дол после продажи необх доли выручки на бирже,1.25·[10176] + -1·[10170],,,,,1.25;-1,10176;10170,0,0
10174,5,∫ с пределами,дол накопления в секторе,"∫(1·[10173] + -1·[10199]) dt, x0=1, pa1=0, hi=1e+06",1;0,0;0,1e+06,0,1;-1,10173;10199,183.881,0
10175,9,Π,дол из чистой прибыли на закупку Фа,[10015]·[527],0;0,10015;527,,,,,0,0
10176,1,Σ,экспортн выр после уплаты таможенных сборов,1·[10169] + -1·[10168],,,,,1;-1,10169;10168,0,0
10197,9,Π,расх на импортн Фа  в рублевом выражении,[10199]·[501],0;0,10199;501,,,,,0,0
10198,2,уставка·Σ,степень интенс расхода накопления инвалюты для импорта Фа,0.4·(1·[10174]),0.4,10198,,,1,10174,0,1
10199,15,ключ,вкл инвал накоплений для импорта Фа,(1·[10075] + -10·[10015]) > 0 ? [10198] : 0,,,0,10198,1;-10,10075;10015,0,0
10200,1,Σ,суммарные рубли за куплен импортн Фа,1·[10175] + 1·[10197],,,,,1;1,10175;10197,0,0
10201,2,уставка·Σ,К импорта в сектор,0·(0.01·1),0,10201,,,0.01,const,0,1
10202,9,Π,спрос сектора на валюту для импорта сырья,[10007]·[10201]·[410]·[470],0;0;0;0,10007;10201;410;470,,,,,0,0
10203,14,clip Σ,степень наличия исходн импортного сырья для производства,"clip(10·[10204], 0, 1)",0,0,1,0,10,10204,0,0
10204,5,∫ с пределами,накоплено импортного сырья в секторе,"∫(1·[10209] + -1·[10210]) dt, x0=1, pa1=0.01, hi=1e+07",1;0.01,0;0,1e+07,0,1;-1,10209;10210,2,0
10205,9,Π,заявка на дол для сырья с учетом фин возможностей,[10202]·[10059],0;0,10202;10059,,,,,0,0
10206,7,min,реадьно полученные дол для импорта сырья,"min([10207], [10202])",0;0,10207;10202,,,,,0,0
10207,9,Π,степень удовлетворения в дол для закупки сырья,[527]·[10205],0;0,527;10205,,,,,0,0
10208,9,Π,поток тарифа в бюджет за импорт сырья,[10206]·[450],0;0,10206;450,,,,,0,0
10209,13,Σ/Π,поток закупленного импортного сырья,(1·[10206] + -1·[10208]) / [410],,,0,410,1;-1,10206;10208,0,0
10210,9,Π,поток расхода импортного сырья,[10201]·[10007],0;0,10201;10007,,,,,0,0
10211,2,уставка·Σ,К сырья в сектор,0.02·(1·1),0.02,10211,,,1,const,0,1
10212,11,Π/Π,спрос сектора на исходный продукт,[10011]·[10211]·[10471] / [10219]·[10219]·[10219],0;0;0,10011;10211;10471,0;0;0,10219;10219;10219,,,0,0
10213,14,clip Σ,степень наличия исходн продуктов для производства,"clip(5·[10214], 0, 1)",0,0,1,0,5,10214,0,0
10214,11,Π/Π,степень наличия исходных продуктов,[10219] / [10004],0,10219,0,10004,,,0,0
10215,5,∫ с пределами,сумма долга поставщику исх прод,"∫(1·[10218] + -1·[10401] + -1·[10411]) dt, x0=1, pa1=0, hi=1e+07",1;0,0;0,1e+07,0,1;-1;-1,10218;10401;10411,0,0
10216,1,Σ,реалбные текущие мат затраты на оплату конкретн исх прод,1·[10217] + -1·[10218],,,,,1;-1,10217;10218,0,0
10217,9,Π,требуемые текущие мат затраты по конкретн поставке,[10292]·[1039],0;0,10292;1039,,,,,0,0
10218,9,Π,степень недостаточности финансовых средств,[10217]·[10060],0;0,10217;10060,,,,,0,0
10219,5,∫ с пределами,склад исходной продукции,"∫(-1·[10220] + 1·[10292]) dt, x0=50, pa1=0.001, hi=1e+06",50;0.001,0;0,1e+06,0,-1;1,10220;10292,0.999993,0
10220,9,Π,поток расходов исходного продукта,[10211]·[10007],0;0,10211;10007,,,,,0,0
10221,2,уставка·Σ,К угля в сектор,0.2·(1·1),0.2,10221,,,1,const,0,1
10222,11,Π/Π,спрос сектора на исходный продукт,[10011]·[10221]·[10472] / [10229]·[10229]·[10229],0;0;0,10011;10221;10472,0;0;0,10229;10229;10229,,,0,0
10223,14,clip Σ,степень наличия исходн продуктов для производства,"clip(5·[10224], 0, 1)",0,0,1,0,5,10224,0,0
10224,11,Π/Π,степень наличия исходных продуктов,[10229] / [10004],0,10229,0,10004,,,0,0
10225,5,∫ с пределами,сумма долга поставщику исх прод,"∫(1·[10228] + -1·[10402] + -1·[10412]) dt, x0=1, pa1=0, hi=1e+07",1;0,0;0,1e+07,0,1;-1;-1,10228;10402;10412,0,0
10226,1,Σ,реалбные текущие мат затраты на оплату конкретн исх прод,1·[10227] + -1·[10228],,,,,1;-1,10227;10228,0,0
10227,9,Π,требуемые текущие мат затраты по конкретн поставке,[10293]·[7039],0;0,10293;7039,,,,,0,0
10228,9,Π,степень недостаточности финансовых средств,[10227]·[10060],0;0,10227;10060,,,,,0,0
10229,5,∫ с пределами,склад исходной продукции,"∫(-1·[10230] + 1·[10293]) dt, x0=50, pa1=0.001, hi=1e+06",50;0.001,0;0,1e+06,0,-1;1,10230;10293,0.999973,0
10230,9,Π,поток расходов исходного продукта,[10221]·[10007],0;0,10221;10007,,,,,0,0
10231,2,уставка·Σ,К газа в сектор,0.2·(1·1),0.2,10231,,,1,const,0,1
10232,12,Π/Σ,спрос сектора на исходный продукт,[10011]·[10231]·[10473] / (0.001·1 + 1·[10234]),0;0;0,10011;10231;10473,,,0.001;1,const;10234,0,0
10233,14,clip Σ,степень наличия исходн продуктов для производства,"clip(5·[10234], 0, 1)",0,0,1,0,5,10234,0,0
10234,4,1/(Tp+1)·g,степень наличия исходных продуктов,"clip(1·(1·[10239]), 0.1, 1)",1,0,1;0.1,0;0,1,10239,0.999482,0
10235,5,∫ с пределами,сумма долга поставщику исх прод,"∫(1·[10238] + -1·[10403] + -1·[10413]) dt, x0=1, pa1=0, hi=1e+07",1;0,0;0,1e+07,0,1;-1;-1,10238;10403;10413,0,0
10236,1,Σ,реалбные текущие мат затраты на оплату конкретн исх прод,1·[10237] + -1·[10238],,,,,1;-1,10237;10238,0,0
10237,9,Π,требуемые текущие мат затраты по конкретн поставке,[10294]·[9039],0;0,10294;9039,,,,,0,0
10238,9,Π,степень недостаточности финансовых средств,[10237]·[10060],0;0,10237;10060,,,,,0,0
10239,12,Π/Σ,склад исходной продукции,[10294] / (1e-07·1 + 1·[10240]),0,10294,,,1e-07;1,const;10240,0,0
10240,9,Π,поток расходов исходного продукта,[10231]·[10007],0;0,10231;10007,,,,,0,0
10241,2,уставка·Σ,К электрич сектор,0·(1·1),0,10241,,,1,const,0,1
10242,12,Π/Σ,спрос сектора на исходный продукт,[10011]·[10241]·[10474] / (0.001·1 + 1·[10244]),0;0;0,10011;10241;10474,,,0.001;1,const;10244,0,0
10243,14,clip Σ,степень наличия исходн продуктов для производства,"clip(5·[10244], 0, 1)",0,0,1,0,5,10244,0,0
10244,4,1/(Tp+1)·g,степень наличия исходных продуктов,"clip(1·(1·[10249]), 0.1, 1)",1,0,1;0.1,0;0,1,10249,8.40779e-45,0
10245,5,∫ с пределами,сумма долга поставщику исх прод,"∫(1·[10248] + -1·[10404] + -1·[10414]) dt, x0=1, pa1=0, hi=1e+07",1;0,0;0,1e+07,0,1;-1;-1,10248;10404;10414,0,0
10246,1,Σ,реалбные текущие мат затраты на оплату конкретн исх прод,1·[10247] + -1·[10248],,,,,1;-1,10247;10248,0,0
10247,9,Π,требуемые текущие мат затраты по конкретн поставке,[10295]·[10039],0;0,10295;10039,,,,,0,0
10248,9,Π,степень недостаточности финансовых средств,[10247]·[10060],0;0,10247;10060,,,,,0,0
10249,12,Π/Σ,склад исходной продукции,[10295] / (1e-07·1 + 1·[10250]),0,10295,,,1e-07;1,const;10250,0,0
10250,9,Π,8оток расходов исходного продукта,[10241]·[10007],0;0,10241;10007,,,,,0,0
10251,2,уставка·Σ,К нефти в сектор,0.15·(1·1),0.15,10251,,,1,const,0,1
10252,11,Π/Π,спрос сектора на исходный продукт,[10011]·[10251]·[10475] / [10259]·[10259]·[10259],0;0;0,10011;10251;10475,0;0;0,10259;10259;10259,,,0,0
10253,14,clip Σ,степень наличия исходн продуктов для производства,"clip(5·[10254], 0, 1)",0,0,1,0,5,10254,0,0
10254,11,Π/Π,степень наличия исходных продуктов,[10259] / [10004],0,10259,0,10004,,,0,0
10255,5,∫ с пределами,сумма долга поставщику исх прод,"∫(1·[10258] + -1·[10405] + -1·[10415]) dt, x0=1, pa1=0, hi=1e+07",1;0,0;0,1e+07,0,1;-1;-1,10258;10405;10415,0,0
10256,1,Σ,реалбные текущие мат затраты на оплату конкретн исх прод,1·[10257] + -1·[10258],,,,,1;-1,10257;10258,0,0
10257,9,Π,требуемые текущие мат затраты по конкретн поставке,[10296]·[8039],0;0,10296;8039,,,,,0,0
10258,9,Π,степень недостаточности финансовых средств,[10257]·[10060],0;0,10257;10060,,,,,0,0
10259,5,∫ с пределами,склад исходной продукции,"∫(-1·[10260] + 1·[10296]) dt, x0=50, pa1=0.001, hi=1e+06",50;0.001,0;0,1e+06,0,-1;1,10260;10296,0.999986,0
10260,9,Π,поток расходов исходного продукта,[10251]·[10007],0;0,10251;10007,,,,,0,0
10261,2,уставка·Σ,К прочих в сектор,0·(1·1),0,10261,,,1,const,0,1
10262,11,Π/Π,спрос сектора на исходный продукт,[10011]·[10261]·[10476] / [10269]·[10269]·[10269],0;0;0,10011;10261;10476,0;0;0,10269;10269;10269,,,0,0
10263,14,clip Σ,степень наличия исходн продуктов для производства,"clip(5·[10264], 0, 1)",0,0,1,0,5,10264,0,0
10264,11,Π/Π,степень наличия исходных продуктов,[10269] / [10004],0,10269,0,10004,,,0,0
10265,5,∫ с пределами,сумма долга поставщику исх прод,"∫(1·[10268] + -1·[10406] + -1·[10416]) dt, x0=1, pa1=0, hi=1e+07",1;0,0;0,1e+07,0,1;-1;-1,10268;10406;10416,0,0
10266,1,Σ,реалбные текущие мат затраты на оплату конкретн исх прод,1·[10267] + -1·[10268],,,,,1;-1,10267;10268,0,0
10267,9,Π,требуемые текущие мат затраты по конкретн поставке,[10297]·[13039],0;0,10297;13039,,,,,0,0
10268,9,Π,степень недостаточности финансовых средств,[10267]·[10060],0;0,10267;10060,,,,,0,0
10269,5,∫ с пределами,склад исходной продукции,"∫(-1·[10270] + 1·[10297]) dt, x0=50, pa1=0.001, hi=1e+06",50;0.001,0;0,1e+06,0,-1;1,10270;10297,1.2,0
10270,9,Π,поток расходов исходного продукта,[10261]·[10007],0;0,10261;10007,,,,,0,0
10271,2,уставка·Σ,К трансп в сектор,0·(1·1),0,10271,,,1,const,0,1
10272,12,Π/Σ,спрос сектора на исходный продукт,[10011]·[10271]·[10477] / (0.001·1 + 1·[10274]),0;0;0,10011;10271;10477,,,0.001;1,const;10274,0,0
10273,14,clip Σ,степень наличия исходн продуктов для производства,"clip(5·[10274], 0, 1)",0,0,1,0,5,10274,0,0
10274,4,1/(Tp+1)·g,степень наличия исходных продуктов,"clip(1·(1·[10279]), 0.1, 1)",1,0,1;0.1,0;0,1,10279,8.40779e-45,0
10275,5,∫ с пределами,сумма долга поставщику исх прод,"∫(1·[10278] + -1·[10407] + -1·[10417]) dt, x0=1, pa1=0, hi=1e+07",1;0,0;0,1e+07,0,1;-1;-1,10278;10407;10417,0,0
10276,1,Σ,реалбные текущие мат затраты на оплату конкретн исх прод,1·[10277] + -1·[10278],,,,,1;-1,10277;10278,0,0
10277,9,Π,требуемые текущие мат затраты по конкретн поставке,[10298]·[12039],0;0,10298;12039,,,,,0,0
10278,9,Π,степень недостаточности финансовых средств,[10277]·[10060],0;0,10277;10060,,,,,0,0
10279,12,Π/Σ,склад исходной продукции,[10298] / (1e-07·1 + 1·[10280]),0,10298,,,1e-07;1,const;10280,0,0
10280,9,Π,поток расходов исходного продукта,[10271]·[10007],0;0,10271;10007,,,,,0,0
10285,2,уставка·Σ,,0·(1·1),0,10285,,,1,const,0,1
10290,2,уставка·Σ,,0.01·(1·1),0.01,0,,,1,const,0,0
10292,1,Σ,,1·[1130],,,,,1,1130,0,0
10293,1,Σ,,1·[7130],,,,,1,7130,0,0
10294,1,Σ,,1·[9130],,,,,1,9130,0,0
10295,1,Σ,,1·[10130],,,,,1,10130,0,0
10296,1,Σ,,1·[8130],,,,,1,8130,0,0
10297,1,Σ,,1·[13130],,,,,1,13130,0,0
10298,1,Σ,,1·[12130],,,,,1,12130,0,0
10299,2,уставка·Σ,максим уровень долга поставщику сырья при котором еще возможна поставка сырья,10·(1·1),10,10299,,,1,const,0,1
10301,14,clip Σ,формир отключ поставок сырья при длительной их неоплате,"clip(1·[10217], 0.0001, 1e+07)",0.0001,0,1e+07,0,1,10217,0,0
10302,11,Π/Π,формир отключ поставок сырья при длительной их неоплате,[10215] / [10301],0,10215,0,10301,,,0,0
10303,15,ключ,формир отключ поставок сырья при длительной их неоплате,(-1·[10302] + 1·[1400]) > 0 ? [1] : 0,,,0,1,-1;1,10302;1400,0,0
10306,14,clip Σ,формир отключ поставок сырья при длительной их неоплате,"clip(1·[1227], 0.0001, 1e+07)",0.0001,0,1e+07,0,1,1227,0,0
10307,11,Π/Π,формир отключ поставок сырья при длительной их неоплате,[10225] / [10306],0,10225,0,10306,,,0,0
10308,15,ключ,формир отключ поставок сырья при длительной их неоплате,(-1·[10307] + 1·[7400]) > 0 ? [1] : 0,,,0,1,-1;1,10307;7400,0,0
10311,14,clip Σ,формир отключ поставок сырья при длительной их неоплате,"clip(1·[1237], 0.0001, 1e+07)",0.0001,0,1e+07,0,1,1237,0,0
10312,11,Π/Π,формир отключ поставок сырья при длительной их неоплате,[10235] / [10311],0,10235,0,10311,,,0,0
10313,15,ключ,формир отключ поставок сырья при длительной их неоплате,(-1·[10312] + 1·[9400]) > 0 ? [1] : 0,,,0,1,-1;1,10312;9400,0,0
10316,14,clip Σ,формир отключ поставок сырья при длительной их неоплате,"clip(1·[1247], 0.0001, 1e+07)",0.0001,0,1e+07,0,1,1247,0,0
10317,11,Π/Π,формир отключ поставок сырья при длительной их неоплате,[10245] / [10316],0,10245,0,10316,,,0,0
10318,15,ключ,формир отключ поставок сырья при длительной их неоплате,(-1·[10317] + 1·[10400]) > 0 ? [1] : 0,,,0,1,-1;1,10317;10400,0,0
10321,14,clip Σ,формир отключ поставок сырья при длительной их неоплате,"clip(1·[1257], 0.0001, 1e+07)",0.0001,0,1e+07,0,1,1257,0,0
10322,11,Π/Π,формир отключ поставок сырья при длительной их неоплате,[10255] / [10321],0,10255,0,10321,,,0,0
10323,15,ключ,формир отключ поставок сырья при длительной их неоплате,(-1·[10322] + 1·[8400]) > 0 ? [1] : 0,,,0,1,-1;1,10322;8400,0,0
10326,14,clip Σ,формир отключ поставок сырья при длительной их неоплате,"clip(1·[1267], 0.0001, 1e+07)",0.0001,0,1e+07,0,1,1267,0,0
10327,11,Π/Π,формир отключ поставок сырья при длительной их неоплате,[10265] / [10326],0,10265,0,10326,,,0,0
10328,15,ключ,формир отключ поставок сырья при длительной их неоплате,(-1·[10327] + 1·[13400]) > 0 ? [1] : 0,,,0,1,-1;1,10327;13400,0,0
10331,14,clip Σ,формир отключ поставок сырья при длительной их неоплате,"clip(1·[1277], 0.0001, 1e+07)",0.0001,0,1e+07,0,1,1277,0,0
10332,11,Π/Π,формир отключ поставок сырья при длительной их неоплате,[10275] / [10331],0,10275,0,10331,,,0,0
10333,15,ключ,формир отключ поставок сырья при длительной их неоплате,(-1·[10332] + 1·[12400]) > 0 ? [1] : 0,,,0,1,-1;1,10332;12400,0,0
10362,14,clip Σ,подключение депозитов для погашения долгов поставщикам сырья,"clip(-1·1 + 1·[10410], 0, 1e+06)",0,0,1e+06,0,-1;1,const;10410,0,0
10363,2,уставка·Σ,предельная величина максим долга при котором прекращаются инвестиц расходы,5·(1·1),5,10363,,,1,const,0,1
10364,8,max,выбор максимального долга за сырье,"max([10215], [10225], [10235], [10245], [10255], [10265], [10275], [10285])",0;0;0;0;0;0;0;0,10215;10225;10235;10245;10255;10265;10275;10285,,,,,0,0
10365,15,ключ,выключение инвестиций при необходимости платить долги поставщикам сырья,(1·[10363] + -1·[10364]) > 0 ? [10065] : 0,,,0,10065,1;-1,10363;10364,0,0
10366,15,ключ,выключ инвестиций в оплату долгов поставщикам сырья,(-1·[10363] + 1·[10364]) > 0 ? [10065] : 0,,,0,10065,-1;1,10363;10364,0,0
10367,1,Σ,поток денег из депозита и инвестиций для погашения долга поставщикам сырья,1·[10366] + 1·[10086],,,,,1;1,10366;10086,0,0
10400,2,уставка·Σ,предельная величина неоплаты поставок сырья при которой еще сохраняется поставка,1·(1·1),1,10400,,,1,const,0,1
10401,11,Π/Π,возврат долга за поставку сырья из прибыли,[10215]·[10117] / [10410],0;0,10215;10117,0,10410,,,0,0
10402,11,Π/Π,возврат долга за поставку сырья из прибыли,[10225]·[10117] / [10410],0;0,10225;10117,0,10410,,,0,0
10403,11,Π/Π,возврат долга за поставку сырья из прибыли,[10235]·[10117] / [10410],0;0,10235;10117,0,10410,,,0,0
10404,11,Π/Π,возврат долга за поставку сырья из прибыли,[10245]·[10117] / [10410],0;0,10245;10117,0,10410,,,0,0
10405,11,Π/Π,возврат долга за поставку сырья из прибыли,[10255]·[10117] / [10410],0;0,10255;10117,0,10410,,,0,0
10406,11,Π/Π,возврат долга за поставку сырья из прибыли,[10265]·[10117] / [10410],0;0,10265;10117,0,10410,,,0,0
10407,11,Π/Π,возврат долга за поставку сырья из прибыли,[10275]·[10117] / [10410],0;0,10275;10117,0,10410,,,0,0
10410,14,clip Σ,сумма всех долгов за поставку сырья,"clip(1·[10215] + 1·[10225] + 1·[10235] + 1·[10245] + 1·[10255] + 1·[10265] + 1·[10275], 0.001, 1e+08)",0.001,0,1e+08,0,1;1;1;1;1;1;1,10215;10225;10235;10245;10255;10265;10275,0,0
10411,11,Π/Π,возврат долга за поставку сырья из прибыли,[10421]·[10441] / [10420],0;0,10421;10441,0,10420,,,0,0
10412,11,Π/Π,возврат долга за поставку сырья из прибыли,[10422]·[10441] / [10420],0;0,10422;10441,0,10420,,,0,0
10413,11,Π/Π,возврат долга за поставку сырья из прибыли,[10423]·[10441] / [10420],0;0,10423;10441,0,10420,,,0,0
10414,11,Π/Π,возврат долга за поставку сырья из прибыли,[10424]·[10441] / [10420],0;0,10424;10441,0,10420,,,0,0
10415,11,Π/Π,возврат долга за поставку сырья из прибыли,[10425]·[10441] / [10420],0;0,10425;10441,0,10420,,,0,0
10416,11,Π/Π,возврат долга за поставку сырья из прибыли,[10426]·[10441] / [10420],0;0,10426;10441,0,10420,,,0,0
10417,11,Π/Π,возврат долга за поставку сырья из прибыли,[10427]·[10441] / [10420],0;0,10427;10441,0,10420,,,0,0
10420,14,clip Σ,сумма всех долгов за поставку сырья,"clip(1·[10421] + 1·[10422] + 1·[10423] + 1·[10424] + 1·[10425] + 1·[10426] + 1·[10427], 0.001, 1e+08)",0.001,0,1e+08,0,1;1;1;1;1;1;1,10421;10422;10423;10424;10425;10426;10427,0,0
10421,14,clip Σ,потребность в оборотном кредите,"clip(1·[10215] + -1·[1299], 0, 1e+06)",0,0,1e+06,0,1;-1,10215;1299,0,0
10422,14,clip Σ,потребность в оборотном кредите,"clip(1·[10225] + -1·[7299], 0, 1e+06)",0,0,1e+06,0,1;-1,10225;7299,0,0
10423,14,clip Σ,потребность в оборотном кредите,"clip(1·[10235] + -1·[9299], 0, 1e+06)",0,0,1e+06,0,1;-1,10235;9299,0,0
10424,14,clip Σ,потребность в оборотном кредите,"clip(1·[10245] + -1·[10299], 0, 1e+06)",0,0,1e+06,0,1;-1,10245;10299,0,0
10425,14,clip Σ,потребность в оборотном кредите,"clip(1·[10255] + -1·[8299], 0, 1e+06)",0,0,1e+06,0,1;-1,10255;8299,0,0
10426,14,clip Σ,потребность в оборотном кредите,"clip(1·[10265] + -1·[13299], 0, 1e+06)",0,0,1e+06,0,1;-1,10265;13299,0,0
10427,14,clip Σ,потребность в оборотном кредите,"clip(1·[10275] + -1·[12299], 0, 1e+06)",0,0,1e+06,0,1;-1,10275;12299,0,0
10441,7,min,поток кредита из банка,"min([10452], [10445])",0;0,10452;10445,,,,,0,0
10442,5,∫ с пределами,текущий кредитный долг банку,"∫(1·[10441] + -1·[1097] + 1·[10443]) dt, x0=1, pa1=0, hi=1e+07",1;0,0;0,1e+07,0,1;-1;1,10441;1097;10443,0,0
10443,9,Π,поток процентов за выданный оборотный кредит,[10442]·[47],0;0,10442;47,,,,,0,0
10444,14,clip Σ,сигнал о возможности кредитования банком оборотных средств,"clip(-0.1·[10442] + 0.1·[10448], 0, 1)",0,0,1,0,-0.1;0.1,10442;10448,0,0
10445,9,Π,поток кредита оборотных средств выдаваемых банком,[10452]·[10444]·[10446],0;0;0,10452;10444;10446,,,,,0,0
10446,14,clip Σ,сигнал о том что норма прибыли больше ставки кредита,"clip(1·[10450], 0, 1)",0,0,1,0,1,10450,0,0
10447,1,Σ,формирование сигнала о возможности кредитования,1·1 + 1·[10450],,,,,1;1,const;10450,0,0
10448,9,Π,формиросание сигнала о возможности кредитования,[10449]·[10447],0;0,10449;10447,,,,,0,0
10449,2,уставка·Σ,коэф ликвидности основных фондов для возможности банковского кредитования,0.1·(0.1·[10063]),0.1,10449,,,0.1,10063,0,1
10450,2,уставка·Σ,учет превышения нормы проб над ставкой кредита для эффективности кредитования,3·(1·[10451]),3,0,,,1,10451,0,0
10451,11,Π/Π,превышение нормы прибыли стаки кркдита,[10058] / [47],0,10058,0,47,,,0,0
10452,9,Π,потребность в оборотном кредите,[10420]·[199],0;0,10420;199,,,,,0,0
10461,9,Π,сигнал о прекращении поставок сырья при неоплате ранее поставленного,[88]·[10303],0;0,88;10303,,,,,0,0
10462,9,Π,сигнал о прекращении поставок сырья при неоплате ранее поставленного,[88]·[10308],0;0,88;10308,,,,,0,0
10463,9,Π,сигнал о прекращении поставок сырья при неоплате ранее поставленного,[88]·[10313],0;0,88;10313,,,,,0,0
10464,9,Π,сигнал о прекращении поставок сырья при неоплате ранее поставленного,[88]·[10318],0;0,88;10318,,,,,0,0
10465,9,Π,сигнал о прекращении поставок сырья при неоплате ранее поставленного,[88]·[10323],0;0,88;10323,,,,,0,0
10466,9,Π,сигнал о прекращении поставок сырья при неоплате ранее поставленного,[88]·[10328],0;0,88;10328,,,,,0,0
10467,9,Π,сигнал о прекращении поставок сырья при неоплате ранее поставленного,[88]·[10333],0;0,88;10333,,,,,0,0
10471,1,Σ,включ сигнала о небходимости прекращения поставок сырья при отсутств их оплаты,1·[10461] + 1·[189],,,,,1;1,10461;189,0,0
10472,1,Σ,включ сигнала о небходимости прекращения поставок сырья при отсутств их оплаты,1·[10462] + 1·[189],,,,,1;1,10462;189,0,0
10473,1,Σ,включ сигнала о небходимости прекращения поставок сырья при отсутств их оплаты,1·[10463] + 1·[189],,,,,1;1,10463;189,0,0
10474,1,Σ,включ сигнала о небходимости прекращения поставок сырья при отсутств их оплаты,1·[10464] + 1·[189],,,,,1;1,10464;189,0,0
10475,1,Σ,включ сигнала о небходимости прекращения поставок сырья при отсутств их оплаты,1·[10465] + 1·[189],,,,,1;1,10465;189,0,0
10476,1,Σ,включ сигнала о небходимости прекращения поставок сырья при отсутств их оплаты,1·[10466] + 1·[189],,,,,1;1,10466;189,0,0
10477,1,Σ,включ сигнала о небходимости прекращения поставок сырья при отсутств их оплаты,1·[10467] + 1·[189],,,,,1;1,10467;189,0,0
10802,2,уставка·Σ,доход,1·(0.1405·[10026]),1,10802,,,0.1405,10026,0,1
10803,9,Π,сумма подоходн налога из соц группы,[10804]·[10811],0;0,10804;10811,,,,,0,0
10804,9,Π,масса подоходного налога,[10802]·[22],0;0,10802;22,,,,,0,0
10805,4,1/(Tp+1)·g,чистый доход,"clip(1·(1·[10802] + -1·[10806] + -1·[10804]), 0.1, 1)",1,0,1;0.1,0;0,1;-1;-1,10802;10806;10804,22.7985,0
10806,9,Π,другие платежи,[10802]·[21],0;0,10802;21,,,,,0,0
10807,9,Π,другие платежи,[10806]·[10811],0;0,10806;10811,,,,,0,0
10808,9,Π,спрос соц группы на услуги,[10874]·[10811],0;0,10874;10811,,,,,0,0
10809,9,Π,спрос на ТНП в социальной группе,[10860]·[10811],0;0,10860;10811,,,,,0,0
10810,9,Π,спрос на стоящ жилье в соц группе,[10844]·[10811],0;0,10844;10811,,,,,0,0
10811,2,уставка·Σ,количество человек в соц группе,1·(1·[10012]),1,10811,,,1,10012,0,1
10812,9,Π,формир фин возмож,[10828]·[10828],0;0,10828;10828,,,,,0,0
10814,10,Σ·[ref],формир финан возм,(2.3·[10812])·[10815],0,10815,,,2.3,10812,0,0
10815,5,∫ с пределами,денежные накопления,"∫(1·[10816] + -1·[10814] + -1·[10870]) dt, x0=1, pa1=0.001, hi=100000",1;0.001,0;0,100000,0,1;-1;-1,10816;10814;10870,6.77862,0
10816,11,Π/Π,формир денежн накоплений,[10838]·[10838]·[10805] / [10819]·[10819],0;0;0,10838;10838;10805,0;0,10819;10819,,,0,0
10817,11,Π/Π,формир соц напряженности,[10815] / [10818],0,10815,0,10818,,,0,0
10818,4,1/(Tp+1)·g,финансовые возможности,"clip(1·(1·[10805] + 1·[10814] + -1·[10816]), 0.1, 1)",1,0,1;0.1,0;0,1;1;-1,10805;10814;10816,19.5155,0
10819,1,Σ,формирование денежн накоплений,1·1 + 1·[10838],,,,,1;1,const;10838,0,0
10820,1,Σ,расходы на ТНП Услуги и Досуг,1·[10818] + -1·[10821],,,,,1;-1,10818;10821,0,0
10821,9,Π,расходы на ПП и Жилье,[10831]·[10818],0;0,10831;10818,,,,,0,0
10822,12,Π/Σ,расходы на ПП,[10828]·[10821] / (1·[10828] + 1·[10836]),0;0,10828;10821,,,1;1,10828;10836,0,0
10823,14,clip Σ,расходы на жилье,"clip(1·[10821] + -1·[10822] + -1·[70], 0.01, 1e+07)",0.01,0,1e+07,0,1;-1;-1,10821;10822;70,0,0
10824,2,уставка·Σ,масштабир цены ПП в соц гр,0.08·(1·[4197]),0.08,0,,,1,4197,0,0
10825,12,Π/Σ,формир доли на ПП,[10824] / (0.001·1 + 0.2·[10822]),0,10824,,,0.001;0.2,const;10822,0,0
10826,11,Π/Π,спрос соц группы на ПП,[10811]·[10822] / [10824],0;0,10811;10822,0,10824,,,0,0
10827,12,Π/Σ,формир доли на ПП,[10825] / (1·[10825] + 1·[10822]),0,10825,,,1;1,10825;10822,0,0
10828,4,1/(Tp+1)·g,формир доли на ПП,"clip(1·(1·[10827]), 0.1, 1)",1,0,1;0.1,0;0,1,10827,0.245039,0
10829,14,clip Σ,,"clip(1·1 + -4·[10832], 0, 1)",0,0,1,0,1;-4,const;10832,0,0
10830,11,Π/Π,спрос на ПП,[10822] / [10824],0,10822,0,10824,,,0,0
10831,14,clip Σ,формир доли на ПП и Жил,"clip(1·[10828] + 1·[10836], 0, 1)",0,0,1,0,1;1,10828;10836,0,0
10832,14,clip Σ,формир доли на Жил,"clip(-0.5·1 + 1·[10828], 0, 100)",0,0,100,0,-0.5;1,const;10828,0,0
10833,1,Σ,формир доли на Жил,1·1 + 1·[10832],,,,,1;1,const;10832,0,0
10834,23,?23,формир доли на Жил,?23(1·[10833]; 10),10,0,,,1,10833,0,0
10835,11,Π/Π,доля на жилье,[10857] / [10834],0,10857,0,10834,,,0,0
10836,12,Π/Σ,доля на Жил,[10835] / (1·1 + 5·[10835]),0,10835,,,1;5,const;10835,0,0
10837,14,clip Σ,всего расходов на ТНП и др,"clip(1·[10820] + -1·[10856], 0, 1000)",0,0,1000,0,1;-1,10820;10856,0,0
10838,1,Σ,уровень жизни,1·1 + -1·[10828],,,,,1;-1,const;10828,0,0
10839,12,Π/Σ,натуральный спрос на покупку жилья (удовлетворенный),[10844] / (0.01·1 + 1·[10842]),0,10844,,,0.01;1,const;10842,0,0
10840,2,уставка·Σ,коэф перевода года в мес,1·(1·[10823]),1,0,,,1,10823,0,0
10841,11,Π/Π,спрос на строит жилья,[10840]·[10840] / [10842]·[10842],0;0,10840;10840,0;0,10842;10842,,,0,0
10842,2,уставка·Σ,цена строящ жилья,1·(1·[3120]),1,0,,,1,3120,0,0
10843,12,Π/Σ,доля на покупку жилья,[10848]·[10849]·[10841]·[10829] / (0.1·1 + 1·[10841]),0;0;0;0,10848;10849;10841;10829,,,0.1;1,const;10841,0,0
10844,9,Π,расходы на покупку жилья,[10823]·[10843],0;0,10823;10843,,,,,0,0
10845,14,clip Σ,расходы на наем жилья,"clip(1·[10823] + -1·[10844], 0, 1e+07)",0,0,1e+07,0,1;-1,10823;10844,0,0
10846,12,Π/Σ,формиров доли расходов на покупку жилья,[10853] / (1·[10842] + 1·[10853]),0,10853,,,1;1,10842;10853,0,0
10847,12,Π/Σ,формир доли расходов на покупку жилья,[10853] / (20·[10892]),0,10853,,,20,10892,0,0
10848,4,1/(Tp+1)·g,формир доли расх на жилье,"clip(1·(1·[10846]), 0.1, 1)",1,0,1;0.1,0;0,1,10846,0.353724,0
10849,4,1/(Tp+1)·g,формир доли расх на жилье,"clip(1·(1·[10847]), 0.1, 1)",1,0,1;0.1,0;0,1,10847,1,0
10850,9,Π,спрос на досуг в соц группы,[10811]·[10866]·[10837],0;0;0,10811;10866;10837,,,,,0,0
10851,5,∫ с пределами,куплено всего жилья,"∫(1·[10839] + -0.01·[10854]) dt, x0=1, pa1=0, hi=10000",1;0,0;0,10000,0,1;-0.01,10839;10854,20.8688,0
10852,12,Π/Σ,всего нанято жилья,[10845] / (0.1·[10853]),0,10845,,,0.1,10853,0,0
10853,2,уставка·Σ,цена найма жилья,1·(1·[3]),1,0,,,1,3,0,0
10854,12,Π/Σ,коэф амортизац купленного жилья,[10851] / (1·1 + 1.5·[10874]),0,10851,,,1;1.5,const;10874,0,0
10855,4,1/(Tp+1)·g,всего имеется жилья,"clip(2·(2·[10852] + 1·[10851]), 0.01, 1)",2,0,1;0.01,0;0,2;1,10852;10851,73.7453,0
10856,9,Π,поток уплаты налога за купленное жилье,[10851]·[10892],0;0,10851;10892,,,,,0,0
10857,11,Π/Π,отношение нормы жилья к имеещемуся,[10893] / [10855],0,10893,0,10855,,,0,0
10858,12,Π/Σ,качество жизни,[10866]·[400] / (1·[10857] + 1·[10828]),0;0,10866;400,,,1;1,10857;10828,0,0
10859,2,уставка·Σ,масшт спроса на аренду жилья для весов ценн в расходах,0.1·(1·[10852]),0.1,0,,,1,10852,0,0
10860,11,Π/Π,поток покупок ТНП,[10864]·[10837] / [10873]·[5150],0;0,10864;10837,0;0,10873;5150,,,0,0
10861,5,∫ с пределами,накоплено купленных ТНП,"∫(1·[10860] + -1·[10862]) dt, x0=0.5, pa1=1, hi=10000",0.5;1,0;0,10000,0,1;-1,10860;10862,48.2684,0
10862,12,Π/Σ,амортизация ТНП,[10861] / (10·1 + 20·[10874]),0,10861,,,10;20,const;10874,0,0
10863,2,уставка·Σ,всего имущества (ТНП+Жил),0.03·(1·[10861] + 1·[10855]),0.03,0,,,1;1,10861;10855,0,0
10864,12,Π/Σ,треб ТНП,[10855] / (0.01·1 + 0.4·[10861]),0,10855,,,0.01;0.4,const;10861,0,0
10865,12,Π/Σ,треб услуг,[10863] / (1·1 + 1·[10863]),0,10863,,,1;1,const;10863,0,0
10866,11,Π/Π,формир спроса на досуг,[10875]·[10837] / [10873]·[4]·[4]·[4],0;0,10875;10837,0;0;0;0,10873;4;4;4,,,0,0
10867,9,Π,объем потребляемых благ в соц сфере для формиров натуральн потребности в эл-эн,[10873]·[10811],0;0,10873;10811,,,,,0,0
10868,1,Σ,всего расходы на личное жилье (его приобретение и налог при его содержании),1·[1856] + 1·[1844],,,,,1;1,1856;1844,0,0
10870,14,clip Σ,уровень денежн нак при котором нчинается активное приобрет жилья,"clip(-3.5·1 + 1·[10815], 0, 1e+08)",0,0,1e+08,0,-3.5;1,const;10815,0,0
10871,2,уставка·Σ,Цдосуга,1.25·(1·1),1.25,0,,,1,const,0,0
10873,4,1/(Tp+1)·g,сумма потребностей в усл+досуге+ТНП,"clip(1·(1·[10864] + 1·[10865] + 1·[10875]), 0.01, 1)",1,0,1;0.01,0;0,1;1;1,10864;10865;10875,12.9251,0
10874,11,Π/Π,спрос на услуги,[10865]·[10837] / [5]·[10873],0;0,10865;10837,0;0,5;10873,,,0,0
10875,12,Π/Σ,поток услуг освобождающий время на досуг,[10874]·[10888] / (0.1·1 + 1·[10874]),0;0,10874;10888,,,0.1;1,const;10874,0,0
10876,11,Π/Π,вес цены блага в расходах соц группы,[10866]·[4]·[4] / [10818],0;0;0,10866;4;4,0,10818,,,0,0
10877,11,Π/Π,вес цены блага в расходах соц группы,[10874]·[5]·[5] / [10818],0;0;0,10874;5;5,0,10818,,,0,0
10878,11,Π/Π,вес цены блага в расходах соц группы,[10860]·[5150]·[5150] / [10818],0;0;0,10860;5150;5150,0,10818,,,0,0
10879,11,Π/Π,вес цены блага в расходах соц группы,[10859]·[3]·[3] / [10818],0;0;0,10859;3;3,0,10818,,,0,0
10880,11,Π/Π,вес цены блага в расходах соц группы,[10841]·[10842]·[10842] / [10818],0;0;0,10841;10842;10842,0,10818,,,0,0
10881,11,Π/Π,вес цены блага в расходах соц группы,[10826]·[10824]·[10824] / [10818]·[10811],0;0;0,10826;10824;10824,0;0,10818;10811,,,0,0
10885,12,Π/Σ,индекс социальной напряженности,[10887]·[10886] / (1·1 + 0.5·[10887]),0;0,10887;10886,,,1;0.5,const;10887,0,0
10886,1,Σ,формир потребн в досуге от соц напряж,1·1 + 2·[10005],,,,,1;2,const;10005,0,0
10887,12,Π/Σ,треб досуга,[1] / (5·[10858] + 1·[10817]),0,1,,,5;1,10858;10817,0,0
10888,4,1/(Tp+1)·g,треб досуга,"clip(1·(1·[10863] + 1·[10815]), 0.1, 1)",1,0,1;0.1,0;0,1;1,10863;10815,10.4379,0
10889,9,Π,накоплено денег в соц группе для возможной покупки дол,[10870]·[10811],0;0,10870;10811,,,,,0,0
10890,9,Π,уровень денежн накоплений насел при котором начинают покупать дол,[10815],0,10815,,,,,0,0
10891,1,Σ,сумма абсол знач весов цен благ соц гр,1·[10876] + 1·[10877] + 1·[10878] + 1·[10879] + 1·[10880] + 1·[10881],,,,,1;1;1;1;1;1,10876;10877;10878;10879;10880;10881,0,0
10892,2,уставка·Σ,ставка налога на жилье,1·(1·[7]),1,0,,,1,7,0,0
10893,2,уставка·Σ,норма жилья,10·(1·1),10,10893,,,1,const,0,1
10894,11,Π/Π,относит вес цены на ПП,[10881] / [10891],0,10881,0,10891,,,0,0
10895,11,Π/Π,относительный вес цены куплен жилья,[10880] / [10891],0,10880,0,10891,,,0,0
10896,11,Π/Π,относительный вес цены досуга,[10876] / [10891],0,10876,0,10891,,,0,0
10897,11,Π/Π,относительный вес цены услуг,[10877] / [10891],0,10877,0,10891,,,0,0
10898,11,Π/Π,относительный вес цены ТНП,[10878] / [10891],0,10878,0,10891,,,0,0
10899,11,Π/Π,относительный вес цены аренд жилья,[10879] / [10891],0,10879,0,10891,,,0,0
11001,14,clip Σ,реальн произв продукции,"clip(1·[11011], 0.2, 1.11111e+06)",0.2,0,1.11111e+06,0,1,11011,0,0
11002,4,1/(Tp+1)·g,потенц произв продукции,"clip(1·(1·[11011]), 0.1, 1)",1,0,1;0.1,0;0,1,11011,0.999753,0
11003,7,min,огранич в произв продукции,"min([11213], [11223], [11233], [11243], [11253], [11263], [11273], [11283], [11203])",0;0;0;0;0;0;0;0;0,11213;11223;11233;11243;11253;11263;11273;11283;11203,,,,,0,0
11004,14,clip Σ,производство продукции,"clip(1·[11017], 0.001, 10000)",0.001,0,10000,0,1,11017,0,0
11005,12,Π/Σ,степень безработицы в секторе,[232]·[11030] / (0.0001·1 + 1·[11009]),0;0,232;11030,,,0.0001;1,const;11009,0,0
11006,9,Π,МЗ от импорта,[11206]·[501],0;0,11206;501,,,,,0,0
11007,7,min,всего реализовано продукции,"min([11001], [11004])",0;0,11001;11004,,,,,0,0
11008,4,1/(Tp+1)·g,материальные затраты,"clip(1·(1.5345·[11018]), 0.02, 1)",1,0,1;0.02,0;0,1.5345,11018,317.052,0
11009,10,Σ·[ref],требуется труда с учетом сменности и потребн в продукции,(0.4·[11093])·[11025],0,11025,,,0.4,11093,0,0
11010,12,Π/Σ,цена рыночная,[11116] / (0.2·1 + 0.8·[11004]),0,11116,,,0.2;0.8,const;11004,0,0
11011,10,Σ·[ref],потенциальное производство продукции,(0.5·[11080])·[11029],0,11029,,,0.5,11080,0,0
11012,2,уставка·Σ,подано труда,2.05·(1·1),2.05,11012,,,1,const,0,1
11013,11,Π/Π,расходы сект на Фп,[11365]·[11066] / [11072],0;0,11365;11066,0,11072,,,0,0
11014,11,Π/Π,расходы сект на Фа,[11365]·[11068] / [11072],0;0,11365;11068,0,11072,,,0,0
11015,11,Π/Π,количество прибыли для импортного оборудования,[11365]·[11075] / [11072],0;0,11365;11075,0,11072,,,0,0
11016,2,уставка·Σ,общее предложение труда в секторе производства,2·(1·[11012] + 1·[235]),2,0,,,1;1,11012;235,0,0
11017,4,1/(Tp+1)·g,,"clip(1·(1·[11011]), 0.02, 1)",1,0,1;0.02,0;0,1,11011,1,0
11018,1,Σ,сумма номинальных материальных затрат,1·[11006] + 1·[11217] + 1·[11227] + 1·[11237] + 1·[11247] + 1·[11257] + 1·[11267] + 1·[11277],,,,,1;1;1;1;1;1;1;1,11006;11217;11227;11237;11247;11257;11267;11277,0,0
11019,9,Π,цена сырья,[11037]·[11105],0;0,11037;11105,,,,,0,0
11020,2,уставка·Σ,ставка зарплаты,1.5·(1·1),1.5,11020,,,1,const,0,1
11021,1,Σ,условно средняя цена поставляемых новых фондов для их развития,0.5·[2039] + 0.5·[3039],,,,,0.5;0.5,2039;3039,0,0
11025,5,∫ с пределами,К сменности,"∫(1·[11076] + -1·[11004]) dt, x0=1, pa1=0.2, hi=2.5",1;0.2,0;0,2.5,0,1;-1,11076;11004,0.999604,0
11026,13,Σ/Π,доход на одного в соц группе сырья,(1·[11052] + 1·[11032]) / [11029],,,0,11029,1;1,11052;11032,0,0
11027,9,Π,выручка пищ пром,[11116]·[11039],0;0,11116;11039,,,,,0,0
11029,7,min,используется труда,"min([11016], [11009])",0;0,11016;11009,,,,,0,0
11030,14,clip Σ,безработица,"clip(1·[11012] + -1·[11029], 0, 100000)",0,0,100000,0,1;-1,11012;11029,0,0
11031,10,Σ·[ref],индексация зарплаты,(12·1)·[11020],0,11020,,,12,const,0,0
11032,9,Π,поток зарплаты,[11029]·[11031],0;0,11029;11031,,,,,0,0
11033,1,Σ,общие затраты,1·[11008] + 1·[11051] + 1·[11032],,,,,1;1;1,11008;11051;11032,0,0
11034,1,Σ,все затраты,1·[11033] + 1·[11055],,,,,1;1,11033;11055,0,0
11035,13,Σ/Π,себестоимость,(1·[11034]) / [11004],,,0,11004,1,11034,0,0
11036,9,Π,формирование цены,[11035]·[11112]·[11113],0;0;0,11035;11112;11113,,,,,0,0
11037,4,1/(Tp+1)·g,цена без НДС,"clip(0.75·(1·[11038] + 1·[11036]), 0.1, 1)",0.75,0,1;0.1,0;0,1;1,11038;11036,851.995,0
11038,9,Π,формирование рыночной цены (с учетом ее доли в общей цене),[11035]·[11112]·[11114],0;0;0,11035;11112;11114,,,,,0,0
11039,4,1/(Tp+1)·g,оптов цена пищ с НДС,"clip(1·(1·[11019]), 0.02, 1)",1,0,1;0.02,0;0,1,11019,985.716,0
11040,9,Π,выручка без НДС,[11037]·[11007],0;0,11037;11007,,,,,0,0
11041,4,1/(Tp+1)·g,сумма выручек внутренней и экспортной,"clip(1.2222·(1·[11027]), 0.02, 1)",1.2222,0,1;0.02,0;0,1,11027,1204.51,0
11042,2,уставка·Σ,сумма выручек внутренней и экспортной,1·(1·[11041]),1,0,,,1,11041,0,0
11043,14,clip Σ,добавленная стоимость,"clip(1·[11042] + -1·[11008], 0, 10000)",0,0,10000,0,1;-1,11042;11008,0,0
11044,14,clip Σ,балансовая прибыль,"clip(1·[11043] + -1·[11050] + -1·[11047] + -1·[11097] + -1·[11054] + -1·[11032] + -1·[11048] + -1·[11073] + -1·[11137], 0, 10000)",0,0,10000,0,1;-1;-1;-1;-1;-1;-1;-1;-1,11043;11050;11047;11097;11054;11032;11048;11073;11137,0,0
11045,1,Σ,чистая прибыль,1·[11044] + -1·[11049],,,,,1;-1,11044;11049,0,0
11046,2,уставка·Σ,стоимость вводимых основных фондов,0.4978·(1·[11078] + 1·[11079] + 1·[11181]),0.4978,0,,,1;1;1,11078;11079;11181,0,0
11047,9,Π,поток НДС,[11043]·[24],0;0,11043;24,,,,,0,0
11048,10,Σ·[ref],поток налога с выручки,(1·[23] + 1·[8])·[11042],0,11042,,,1;1,23;8,0,0
11049,9,Π,поток налога на прибыль,[25]·[11044],0;0,25;11044,,,,,0,0
11050,9,Π,поток налога на фонды,[11063]·[26],0;0,11063;26,,,,,0,0
11051,9,Π,амортизация в себестоимости,[11063]·[11064],0;0,11063;11064,,,,,0,0
11052,12,Π/Σ,доля прибыли в потребление,[11074]·[11045] / (5·1 + 1·[11074]),0;0,11074;11045,,,5;1,const;11074,0,0
11053,4,1/(Tp+1)·g,ФОТ,"clip(1·(1·[11052] + 1·[11032]), 0.1, 1)",1,0,1;0.1,0;0,1;1,11052;11032,43.8561,0
11054,9,Π,налог на ФОТ,[11053]·[28],0;0,11053;28,,,,,0,0
11055,1,Σ,сумма налогов,1·[11054] + 1·[11050] + 1·[11048],,,,,1;1;1,11054;11050;11048,0,0
11056,4,1/(Tp+1)·g,инвестируемая прибыль,"clip(1·(1·[11045] + -1·[11052]), 0.01, 1)",1,0,1;0.01,0;0,1;-1,11045;11052,48.5335,0
11057,12,Π/Σ,норма прибыли,[11045] / (0.001·1 + 1·[11049] + 1·[11034]),0,11045,,,0.001;1;1,const;11049;11034,0,0
11058,4,1/(Tp+1)·g,степень финансовых возможностей,"clip(1·(1·[11057]), 0.1, 1)",1,0,1;0.1,0;0,1,11057,0.0581103,0
11059,14,clip Σ,индекс финансовых возможностей,"clip(20·[11058], 0, 1)",0,0,1,0,20,11058,0,0
11060,14,clip Σ,степень недостаточности финансов,"clip(1·1 + -1·[11059], 0, 1)",0,0,1,0,1;-1,const;11059,0,0
11061,14,clip Σ,норма выплаты амортизации,"clip(1·[11056], 0, 1)",0,0,1,0,1,11056,0,0
11062,9,Π,реальный поток амортизации,[11061]·[11063]·[11064],0;0;0,11061;11063;11064,,,,,0,0
11063,5,∫ с пределами,стоимость производственных фондов,"∫(1·[11046] + -1·[11073]) dt, x0=0.1, pa1=0, hi=10000",0.1;0,0;0,10000,0,1;-1,11046;11073,197.531,0
11064,2,уставка·Σ,коэффициент амортизации,20·(0.01·1),20,11064,,,0.01,const,0,1
11065,2,уставка·Σ,всего инвестиций,0.995·(1·[11056] + 1·[11086] + 1·[11073]),0.995,0,,,1;1;1,11056;11086;11073,0,0
11066,2,уставка·Σ,доля строит в инвестициях,1·(1·1),1,11066,,,1,const,0,1
11067,11,Π/Π,расходы прибыли в строит,[11365]·[11066] / [11072]·[3039],0;0,11365;11066,0;0,11072;3039,,,0,0
11068,2,уставка·Σ,доля машиностроен в инвестиц,2.5·(1·1),2.5,11068,,,1,const,0,1
11069,11,Π/Π,расходы прибыли в машин,[11068]·[11365] / [2039]·[11072],0;0,11068;11365,0;0,2039;11072,,,0,0
11070,2,уставка·Σ,доля НИОКР в инвестиц,0.5·(1·1),0.5,11070,,,1,const,0,1
11071,2,уставка·Σ,доля депозита в инвестиц,0.5·(1·1),0.5,11071,,,1,const,0,1
11072,1,Σ,сумма долей распределения прибыли,1·[11066] + 1·[11068] + 1·[11070] + 1·[11071] + 1·[11075],,,,,1;1;1;1;1,11066;11068;11070;11071;11075,0,0
11073,7,min,реальные амортизационные выплаты,"min([11062], [11056])",0;0,11062;11056,,,,,0,0
11074,14,clip Σ,формирование доли прибыли в потребление,"clip(-5·1 + 100·[11058], 0.2, 100)",0.2,0,100,0,-5;100,const;11058,0,0
11075,2,уставка·Σ,доля прибыли для импорта Фа,0.5·(1·1),0.5,11075,,,1,const,0,1
11076,9,Π,,[11003]·[11116],0;0,11003;11116,,,,,0,0
11077,12,Π/Σ,отношение суммы налогов к добавленной стоимости,[11055] / (0.001·1 + 1·[11043]),0,11055,,,0.001;1,const;11043,0,0
11078,9,Π,стоимость вводимых  Фа,[2039]·[2131],0;0,2039;2131,,,,,0,0
11079,9,Π,стоимость вводимых  Фп,[3039]·[3131],0;0,3039;3131,,,,,0,0
11080,5,∫ с пределами,производительность труда,"∫(1·[11108] + 0·[11080]) dt, x0=1, pa1=0.2, hi=1e+06",1;0.2,0;0,1e+06,0,1;0,11108;11080,1.0001,0
11081,11,Π/Π,расходы прибыли в НИОКР,[11365]·[11070] / [11072],0;0,11365;11070,0,11072,,,0,0
11082,11,Π/Π,расходы прибыли в депозиты,[11365]·[11071] / [11072],0;0,11365;11071,0,11072,,,0,0
11083,3,∫,накопленный депозит,"∫(1·[11082] + 1·[11085] + -1·[11086]) dt, x0=0.001",0.001,0,,,1;1;-1,11082;11085;11086,5.94651,0
11084,14,clip Σ,степень возможностей депозита,"clip(100·[11083], 0, 1)",0,0,1,0,100,11083,0,0
11085,9,Π,самовозрастание депозита,[11083]·[230],0;0,11083;230,,,,,0,0
11086,9,Π,поток инвестиций из депозита,[11362]·[11084],0;0,11362;11084,,,,,0,0
11088,2,уставка·Σ,формир потока амортизац Фа,0.154·(100·[2131] + 1·[791]),0.154,0,,,100;1,2131;791,0,0
11089,5,∫ с пределами,количество Фа,"∫(1·[11088] + -1·[11090]) dt, x0=0.01, pa1=0.01, hi=10000",0.01;0.01,0;0,10000,0,1;-1,11088;11090,5.00031,0
11090,9,Π,реальная амортизация Фа,[11064]·[11004]·[11089],0;0;0,11064;11004;11089,,,,,0,0
11091,9,Π,поток амортизации Фп,[11064]·[11092],0;0,11064;11092,,,,,0,0
11092,5,∫ с пределами,количество Фп,"∫(35.71·[3131] + -1·[11091]) dt, x0=0.01, pa1=0.01, hi=10000",0.01;0.01,0;0,10000,0,35.71;-1,3131;11091,5.00031,0
11093,12,Π/Σ,количество рабочих мест,[11092]·[11089] / (0.5·[11092] + 0.5·[11089]),0;0,11092;11089,,,0.5;0.5,11092;11089,0,0
11094,4,1/(Tp+1)·g,продукция для реализации,"clip(1·(1·[11007]), 0.1, 1)",1,0,1;0.1,0;0,1,11007,0.999753,0
11095,4,1/(Tp+1)·g,формиров возврата кредитов,"clip(1·(1·[11044]), 0.1, 1)",1,0,1;0.1,0;0,1,11044,80.5751,0
11096,7,min,формиров возврата кредитов,"min([11095], [11442])",0;0,11095;11442,,,,,0,0
11097,2,уставка·Σ,темп возврата кредитов,0·(1·[11096]),0,11097,,,1,11096,0,1
11099,2,уставка·Σ,доли,1·(1·1),1,11099,,,1,const,0,1
11100,10,Σ·[ref],сумма инвестиционных средств для изменения производительности фондов,(0.081·[11081] + 0.081·[791])·[880],0,880,,,0.081;0.081,11081;791,0,0
11101,1,Σ,алгоритм НДС,1·1 + -1·[24],,,,,1;-1,const;24,0,0
11102,11,Π/Π,алгоритм НДС,[11104]·[24] / [11101]·[11103],0;0,11104;24,0;0,11101;11103,,,0,0
11103,14,clip Σ,формирование НДС,"clip(1·[11040], 0.01, 10000)",0.01,0,10000,0,1,11040,0,0
11104,14,clip Σ,алгоритм НДС,"clip(1·[11040] + -1·[11008], 0, 10000)",0,0,10000,0,1;-1,11040;11008,0,0
11105,1,Σ,алгоритм НДС,1·1 + 1·[11102],,,,,1;1,const;11102,0,0
11106,1,Σ,+/- потока основных активных фондов,1·[2131] + -0.028·[11090],,,,,1;-0.028,2131;11090,0,0
11107,1,Σ,+/- потока основных пассивных фондов,1·[3131] + -0.026·[11091],,,,,1;-0.026,3131;11091,0,0
11108,14,clip Σ,,"clip(1·[11100] + -1·[11080], 0, 100000)",0,0,100000,0,1;-1,11100;11080,0,0
11112,2,уставка·Σ,норматив прибыли монополиста,1.2·(1·1),1.2,11112,,,1,const,0,1
11113,2,уставка·Σ,степень монополизма,0.2·(1·1),0.2,11113,,,1,const,0,1
11114,10,Σ·[ref],монопольная цена с ее долей,(1·1 + -1·[11113])·[11010],0,11010,,,1;-1,const;11113,0,0
11116,4,1/(Tp+1)·g,сумма спросов,"clip(1·(0.6716·[11119]), 0.02, 1)",1,0,1;0.02,0;0,0.6716,11119,0.999804,0
11117,1,Σ,суммарный поток денег возврата долгов поставщикам сырья,1·[11137] + 1·[11367],,,,,1;1,11137;11367,0,0
11119,4,1/(Tp+1)·g,сумма спросов в пищ пром,"clip(1·(1·[271] + 1·[287]), 0.02, 1)",1,0,1;0.02,0;0,1;1,271;287,1.48869,0
11121,1,Σ,,0.001·[11168],,,,,0.001,11168,0,0
11130,1,Σ,сумма продаж всей с-х продукции,0.28·1,,,,,0.28,const,0,0
11137,9,Π,поток возврата долгов проставщикам,[11138]·[99],0;0,11138;99,,,,,0,0
11138,2,уставка·Σ,коэф уменьшения возврата долгов поставщикам сырья,0·(1·[11139]),0,11138,,,1,11139,0,1
11139,7,min,требуемый поток возврата долгов поставщикам сырья,"min([11095], [11410])",0;0,11095;11410,,,,,0,0
11140,2,уставка·Σ,объем предложен натур прод из производства,1·(1·1),1,11140,,,1,const,0,1
11149,2,уставка·Σ,,0.762·(1·[11168]),0.762,0,,,1,11168,0,0
11155,2,уставка·Σ,,1·(1·[271]),1,0,,,1,271,0,0
11156,4,1/(Tp+1)·g,,"clip(1·(1·[11191]), 0.02, 1)",1,0,1;0.02,0;0,1,11191,1.24273,0
11157,10,Σ·[ref],,(1·1 + -1·[11159])·[11039],0,11039,,,1;-1,const;11159,0,0
11158,4,1/(Tp+1)·g,оптов цена на пищ на розн рынке,"clip(1·(1·[11157] + 1·[11160]), 0.1, 1)",1,0,1;0.1,0;0,1;1,11157;11160,1273.8,0
11159,12,Π/Σ,индекс желательности импорта пищ   прод для рынка,[11039] / (1·[11039] + 1·[11175]),0,11039,,,1;1,11039;11175,0,0
11160,9,Π,оптов цена импортн  пищ прод,[11159]·[11175],0;0,11159;11175,,,,,0,0
11161,2,уставка·Σ,цена с-х продукции за рубежом в дол,12·(1·1),12,11161,,,1,const,0,1
11162,9,Π,МЗ пищ прод в розн торг с учетом тог наценки,[11179]·[11158]·[11156],0;0;0,11179;11158;11156,,,,,0,0
11163,14,clip Σ,формир НДС1 в рынке пищ прод,"clip(1·[11162] + -1·[11196], 0, 1e+07)",0,0,1e+07,0,1;-1,11162;11196,0,0
11164,14,clip Σ,формир НДС1 в розн торг пищ прод,"clip(1·[11162], 0.001, 1e+06)",0.001,0,1e+06,0,1,11162,0,0
11165,11,Π/Π,формир НДС1 в розн торг пищ прод,[11163]·[11170] / [11164]·[11169],0;0,11163;11170,0;0,11164;11169,,,0,0
11166,9,Π,розн цена пищ прод,[11158]·[11167]·[11179],0;0;0,11158;11167;11179,,,,,0,0
11167,1,Σ,формир НДС1 в розн торговле пищ прод,1·1 + 1·[11165],,,,,1;1,const;11165,0,0
11168,1,Σ,средн рыночн цена   пищ продукции,1.1014·[11166],,,,,1.1014,11166,0,0
11169,1,Σ,НДС2 в розн торг пищ продукц,1·1 + -1·[11170],,,,,1;-1,const;11170,0,0
11170,2,уставка·Σ,ставка НДС2 в розн торг пищ прод,1·(1·[29]),1,11170,,,1,29,0,1
11171,2,уставка·Σ,цена импортн пищ прод в дол,1·(50·1),1,11171,,,50,const,0,1
11172,2,уставка·Σ,курс рубль/дол,25·(1·1),25,11172,,,1,const,0,1
11173,2,уставка·Σ,ставка тамож пошлин на пищ продукц,20·(0.01·1),20,11173,,,0.01,const,0,1
11174,1,Σ,тамож пошл на импортн пищ продукц,1·1 + 1·[11173],,,,,1;1,const;11173,0,0
11175,9,Π,доход на одного продавца в розн торговле пищ прод,[4172]·[11171]·[11174]·[11188],0;0;0;0,4172;11171;11174;11188,,,,,0,0
11176,9,Π,выручка за пищ прод на розничн рынке,[11168]·[11191],0;0,11168;11191,,,,,0,0
11177,1,Σ,доход в розничн продажи пищ продукции,-1·[11183] + 1·[11178],,,,,-1;1,11183;11178,0,0
11178,1,Σ,формир дохода от розн прод пищ прод,1·[11176] + -1·[11196],,,,,1;-1,11176;11196,0,0
11179,1,Σ,торг наценка на пищ прод в розн торг,1·1 + 1·[11180],,,,,1;1,const;11180,0,0
11180,2,уставка·Σ,ставка торг наценки на пищ прод,0.25·(1·1),0.25,11180,,,1,const,0,1
11181,9,Π,,[11015]·[527],0;0,11015;527,,,,,0,0
11182,9,Π,масса других налогов в розн торговле пищ прод,[27]·[11177],0;0,27;11177,,,,,0,0
11183,9,Π,масса налога НДС в розн торг пищ продукции,[11178]·[11170],0;0,11178;11170,,,,,0,0
11184,1,Σ,чистая приб от розничн прод пищ продукции,1·[11177] + -1·[11182],,,,,1;-1,11177;11182,0,0
11186,9,Π,взвешенная цена на  пищ прод в общей цене на прод питания в  соц группах,[11187]·[11168],0;0,11187;11168,,,,,0,0
11187,1,Σ,доля цены на пищ прод на розн рынке,1·1 + -1·[4187],,,,,1;-1,const;4187,0,0
11188,1,Σ,НДС2 для пищ розн торг,1·1 + 1·[11170],,,,,1;1,const;11170,0,0
11191,10,Σ·[ref],спрос сф потребл на пищ прод,(1·[6])·[11187],0,11187,,,1,6,0,0
11192,9,Π,спрос сф потр на импортн пищ,[11191]·[11159]·[527],0;0;0,11191;11159;527,,,,,0,0
11193,4,1/(Tp+1)·g,спрос сф потр на отеч пищ,"clip(1·(1·[11191] + -1·[11192]), 0.1, 1)",1,0,1;0.1,0;0,1;-1,11191;11192,0.802937,0
11194,14,clip Σ,спрос сф потр на отеч пищ,"clip(1·[11193], 0, 10000)",0,0,10000,0,1,11193,0,0
11195,10,Σ·[ref],стоимость (МЗ) отеч пищ на розн рынке,(1·[11194])·[11039],0,11039,,,1,11194,0,0
11196,4,1/(Tp+1)·g,стоимость всех пищ прод на розн рынке оптовая,"clip(1·(1·[11195] + 1·[11198]), 0.1, 1)",1,0,1;0.1,0;0,1;1,11195;11198,949.765,0
11198,9,Π,тамож сбор с импортн   пищ  продукции поставляемой в розничную продажу,[11175]·[11192]·[11173],0;0;0,11175;11192;11173,,,,,0,0
11201,2,уставка·Σ,К импорта в сектор,40·(0.01·1),40,11201,,,0.01,const,0,1
11202,9,Π,спрос сектора на валюту для импорта сырья,[11007]·[11201]·[411]·[471],0;0;0;0,11007;11201;411;471,,,,,0,0
11203,14,clip Σ,степень наличия исходн импортного сырья для производства,"clip(10·[11204], 0, 1)",0,0,1,0,10,11204,0,0
11204,5,∫ с пределами,накоплено импортного сырья в секторе,"∫(1·[11209] + -1·[11210]) dt, x0=1, pa1=0.01, hi=1e+07",1;0.01,0;0,1e+07,0,1;-1,11209;11210,1.62171,0
11205,9,Π,заявка на дол для сырья с учетом фин возможностей,[11202]·[11059],0;0,11202;11059,,,,,0,0
11206,7,min,реадьно полученные дол для импорта сырья,"min([11207], [11202])",0;0,11207;11202,,,,,0,0
11207,9,Π,степень удовлетворения в дол для закупки сырья,[527]·[11205],0;0,527;11205,,,,,0,0
11208,9,Π,поток тарифа в бюджет за импорт сырья,[11206]·[451],0;0,11206;451,,,,,0,0
11209,13,Σ/Π,поток закупленного импортного сырья,(1·[11206] + -1·[11208]) / [411],,,0,411,1;-1,11206;11208,0,0
11210,9,Π,поток расхода импортного сырья,[11201]·[11007],0;0,11201;11007,,,,,0,0
11211,2,уставка·Σ,К сырья в сектор,0.01·(1·1),0.01,11211,,,1,const,0,1
11212,11,Π/Π,спрос сектора на исходный продукт,[11011]·[11211]·[11471] / [11219]·[11219]·[11219],0;0;0,11011;11211;11471,0;0;0,11219;11219;11219,,,0,0
11213,14,clip Σ,степень наличия исходн продуктов для производства,"clip(5·[11214], 0, 1)",0,0,1,0,5,11214,0,0
11214,11,Π/Π,степень наличия исходных продуктов,[11219] / [11004],0,11219,0,11004,,,0,0
11215,5,∫ с пределами,сумма долга поставщику исх прод,"∫(1·[11218] + -1·[11401] + -1·[11411]) dt, x0=1, pa1=0, hi=1e+07",1;0,0;0,1e+07,0,1;-1;-1,11218;11401;11411,0,0
11216,1,Σ,реалбные текущие мат затраты на оплату конкретн исх прод,1·[11217] + -1·[11218],,,,,1;-1,11217;11218,0,0
11217,9,Π,требуемые текущие мат затраты по конкретн поставке,[11292]·[1039],0;0,11292;1039,,,,,0,0
11218,9,Π,степень недостаточности финансовых средств,[11217]·[11060],0;0,11217;11060,,,,,0,0
11219,5,∫ с пределами,склад исходной продукции,"∫(-1·[11220] + 1·[11292]) dt, x0=50, pa1=0.001, hi=1e+06",50;0.001,0;0,1e+06,0,-1;1,11220;11292,0.999993,0
11220,9,Π,поток расходов исходного продукта,[11211]·[11007],0;0,11211;11007,,,,,0,0
11221,2,уставка·Σ,К угля в сектор,0.05·(1·1),0.05,11221,,,1,const,0,1
11222,11,Π/Π,спрос сектора на исходный продукт,[11011]·[11221]·[11472] / [11229]·[11229]·[11229],0;0;0,11011;11221;11472,0;0;0,11229;11229;11229,,,0,0
11223,14,clip Σ,степень наличия исходн продуктов для производства,"clip(5·[11224], 0, 1)",0,0,1,0,5,11224,0,0
11224,11,Π/Π,степень наличия исходных продуктов,[11229] / [11004],0,11229,0,11004,,,0,0
11225,5,∫ с пределами,сумма долга поставщику исх прод,"∫(1·[11228] + -1·[11402] + -1·[11412]) dt, x0=1, pa1=0, hi=1e+07",1;0,0;0,1e+07,0,1;-1;-1,11228;11402;11412,0,0
11226,1,Σ,реалбные текущие мат затраты на оплату конкретн исх прод,1·[11227] + -1·[11228],,,,,1;-1,11227;11228,0,0
11227,9,Π,требуемые текущие мат затраты по конкретн поставке,[11293]·[7039],0;0,11293;7039,,,,,0,0
11228,9,Π,степень недостаточности финансовых средств,[11227]·[11060],0;0,11227;11060,,,,,0,0
11229,5,∫ с пределами,склад исходной продукции,"∫(-1·[11230] + 1·[11293]) dt, x0=50, pa1=0.001, hi=1e+06",50;0.001,0;0,1e+06,0,-1;1,11230;11293,0.999976,0
11230,9,Π,поток расходов исходного продукта,[11221]·[11007],0;0,11221;11007,,,,,0,0
11231,2,уставка·Σ,К газа в сектор,0.02·(1·1),0.02,11231,,,1,const,0,1
11232,12,Π/Σ,спрос сектора на исходный продукт,[11011]·[11231]·[11473] / (0.001·1 + 1·[11234]),0;0;0,11011;11231;11473,,,0.001;1,const;11234,0,0
11233,14,clip Σ,степень наличия исходн продуктов для производства,"clip(5·[11234], 0, 1)",0,0,1,0,5,11234,0,0
11234,4,1/(Tp+1)·g,степень наличия исходных продуктов,"clip(1·(1·[11239]), 0.1, 1)",1,0,1;0.1,0;0,1,11239,0.999488,0
11235,5,∫ с пределами,сумма долга поставщику исх прод,"∫(1·[11238] + -1·[11403] + -1·[11413]) dt, x0=1, pa1=0, hi=1e+07",1;0,0;0,1e+07,0,1;-1;-1,11238;11403;11413,0,0
11236,1,Σ,реалбные текущие мат затраты на оплату конкретн исх прод,1·[11237] + -1·[11238],,,,,1;-1,11237;11238,0,0
11237,9,Π,требуемые текущие мат затраты по конкретн поставке,[11294]·[9039],0;0,11294;9039,,,,,0,0
11238,9,Π,степень недостаточности финансовых средств,[11237]·[11060],0;0,11237;11060,,,,,0,0
11239,12,Π/Σ,склад исходной продукции,[11294] / (1e-07·1 + 1·[11240]),0,11294,,,1e-07;1,const;11240,0,0
11240,9,Π,поток расходов исходного продукта,[11231]·[11007],0;0,11231;11007,,,,,0,0
11241,2,уставка·Σ,К электр в сектор,0.02·(1·1),0.02,11241,,,1,const,0,1
11242,12,Π/Σ,спрос сектора на исходный продукт,[11011]·[11241]·[11474] / (0.001·1 + 1·[11244]),0;0;0,11011;11241;11474,,,0.001;1,const;11244,0,0
11243,14,clip Σ,степень наличия исходн продуктов для производства,"clip(5·[11244], 0, 1)",0,0,1,0,5,11244,0,0
11244,4,1/(Tp+1)·g,степень наличия исходных продуктов,"clip(1·(1·[11249]), 0.1, 1)",1,0,1;0.1,0;0,1,11249,0.999438,0
11245,5,∫ с пределами,сумма долга поставщику исх прод,"∫(1·[11248] + -1·[11404] + -1·[11414]) dt, x0=1, pa1=0, hi=1e+07",1;0,0;0,1e+07,0,1;-1;-1,11248;11404;11414,0,0
11246,1,Σ,реалбные текущие мат затраты на оплату конкретн исх прод,1·[11247] + -1·[11248],,,,,1;-1,11247;11248,0,0
11247,9,Π,требуемые текущие мат затраты по конкретн поставке,[11295]·[10039],0;0,11295;10039,,,,,0,0
11248,9,Π,степень недостаточности финансовых средств,[11247]·[11060],0;0,11247;11060,,,,,0,0
11249,12,Π/Σ,склад исходной продукции,[11295] / (1e-07·1 + 1·[11250]),0,11295,,,1e-07;1,const;11250,0,0
11250,9,Π,8оток расходов исходного продукта,[11241]·[11007],0;0,11241;11007,,,,,0,0
11251,2,уставка·Σ,К нефти в сектор,0.02·(1·1),0.02,11251,,,1,const,0,1
11252,11,Π/Π,спрос сектора на исходный продукт,[11011]·[11251]·[11475] / [11259]·[11259]·[11259],0;0;0,11011;11251;11475,0;0;0,11259;11259;11259,,,0,0
11253,14,clip Σ,степень наличия исходн продуктов для производства,"clip(5·[11254], 0, 1)",0,0,1,0,5,11254,0,0
11254,11,Π/Π,степень наличия исходных продуктов,[11259] / [11004],0,11259,0,11004,,,0,0
11255,5,∫ с пределами,сумма долга поставщику исх прод,"∫(1·[11258] + -1·[11405] + -1·[11415]) dt, x0=1, pa1=0, hi=1e+07",1;0,0;0,1e+07,0,1;-1;-1,11258;11405;11415,0,0
11256,1,Σ,реалбные текущие мат затраты на оплату конкретн исх прод,1·[11257] + -1·[11258],,,,,1;-1,11257;11258,0,0
11257,9,Π,требуемые текущие мат затраты по конкретн поставке,[11296]·[8039],0;0,11296;8039,,,,,0,0
11258,9,Π,степень недостаточности финансовых средств,[11257]·[11060],0;0,11257;11060,,,,,0,0
11259,5,∫ с пределами,склад исходной продукции,"∫(-1·[11260] + 1·[11296]) dt, x0=50, pa1=0.001, hi=1e+06",50;0.001,0;0,1e+06,0,-1;1,11260;11296,0.999994,0
11260,9,Π,поток расходов исходного продукта,[11251]·[11007],0;0,11251;11007,,,,,0,0
11261,2,уставка·Σ,К прочих в сектор,0.06·(1·1),0.06,11261,,,1,const,0,1
11262,11,Π/Π,спрос сектора на исходный продукт,[11011]·[11261]·[11476] / [11269]·[11269]·[11269],0;0;0,11011;11261;11476,0;0;0,11269;11269;11269,,,0,0
11263,14,clip Σ,степень наличия исходн продуктов для производства,"clip(5·[11264], 0, 1)",0,0,1,0,5,11264,0,0
11264,11,Π/Π,степень наличия исходных продуктов,[11269] / [11004],0,11269,0,11004,,,0,0
11265,5,∫ с пределами,сумма долга поставщику исх прод,"∫(1·[11268] + -1·[11406] + -1·[11416]) dt, x0=1, pa1=0, hi=1e+07",1;0,0;0,1e+07,0,1;-1;-1,11268;11406;11416,0,0
11266,1,Σ,реалбные текущие мат затраты на оплату конкретн исх прод,1·[11267] + -1·[11268],,,,,1;-1,11267;11268,0,0
11267,9,Π,требуемые текущие мат затраты по конкретн поставке,[11297]·[13039],0;0,11297;13039,,,,,0,0
11268,9,Π,степень недостаточности финансовых средств,[11267]·[11060],0;0,11267;11060,,,,,0,0
11269,5,∫ с пределами,склад исходной продукции,"∫(-1·[11270] + 1·[11297]) dt, x0=50, pa1=0.001, hi=1e+06",50;0.001,0;0,1e+06,0,-1;1,11270;11297,1,0
11270,9,Π,поток расходов исходного продукта,[11261]·[11007],0;0,11261;11007,,,,,0,0
11271,2,уставка·Σ,К трансп в сектор,0.02·(1·1),0.02,11271,,,1,const,0,1
11272,12,Π/Σ,спрос сектора на исходный продукт,[11011]·[11271]·[11477] / (0.001·1 + 1·[11274]),0;0;0,11011;11271;11477,,,0.001;1,const;11274,0,0
11273,14,clip Σ,степень наличия исходн продуктов для производства,"clip(5·[11274], 0, 1)",0,0,1,0,5,11274,0,0
11274,4,1/(Tp+1)·g,степень наличия исходных продуктов,"clip(1·(1·[11279]), 0.1, 1)",1,0,1;0.1,0;0,1,11279,0.999489,0
11275,5,∫ с пределами,сумма долга поставщику исх прод,"∫(1·[11278] + -1·[11407] + -1·[11417]) dt, x0=1, pa1=0, hi=1e+07",1;0,0;0,1e+07,0,1;-1;-1,11278;11407;11417,0,0
11276,1,Σ,реалбные текущие мат затраты на оплату конкретн исх прод,1·[11277] + -1·[11278],,,,,1;-1,11277;11278,0,0
11277,9,Π,требуемые текущие мат затраты по конкретн поставке,[11298]·[12039],0;0,11298;12039,,,,,0,0
11278,9,Π,степень недостаточности финансовых средств,[11277]·[11060],0;0,11277;11060,,,,,0,0
11279,12,Π/Σ,склад исходной продукции,[11298] / (1e-07·1 + 1·[11280]),0,11298,,,1e-07;1,const;11280,0,0
11280,9,Π,поток расходов исходного продукта,[11271]·[11007],0;0,11271;11007,,,,,0,0
11281,2,уставка·Σ,коэф ресурсопотребления из с-х  пищ пром,0.3·(1·1),0.3,11281,,,1,const,0,1
11282,12,Π/Σ,спрос на с-х из пищ,[11011]·[11281]·[11478] / (0.0001·1 + 1·[11289]),0;0;0,11011;11281;11478,,,0.0001;1,const;11289,0,0
11283,14,clip Σ,степень удовл ресурсом из с-х,"clip(5·[11284], 0, 1)",0,0,1,0,5,11284,0,0
11284,11,Π/Π,степень удовл ресурсом из с-х,[11289] / [11004],0,11289,0,11004,,,0,0
11285,5,∫ с пределами,сумма долга за поставлен ресурс,"∫(1·[11288] + -1·[11408] + -1·[11418]) dt, x0=1, pa1=0, hi=1e+07",1;0,0;0,1e+07,0,1;-1;-1,11288;11408;11418,0,0
11286,1,Σ,реально уплачиваемые матер затраты за с-х поставки,1·[11287] + -1·[11288],,,,,1;-1,11287;11288,0,0
11287,9,Π,стоимость поставок из с-х,[4039]·[11299],0;0,4039;11299,,,,,0,0
11288,9,Π,поток долга поставщикам,[11060]·[11287],0;0,11060;11287,,,,,0,0
11289,5,∫ с пределами,на складе сырья с-х прод для с-х произв,"∫(1·[11299] + -1·[11290]) dt, x0=1, pa1=0.0001, hi=1e+06",1;0.0001,0;0,1e+06,0,1;-1,11299;11290,0.999946,0
11290,9,Π,расход запасов на складе при произв продукции,[11281]·[11007],0;0,11281;11007,,,,,0,0
11292,1,Σ,,1·[1131],,,,,1,1131,0,0
11293,1,Σ,,1·[7131],,,,,1,7131,0,0
11294,1,Σ,,1·[9131],,,,,1,9131,0,0
11295,1,Σ,,1·[10131],,,,,1,10131,0,0
11296,1,Σ,,1·[8131],,,,,1,8131,0,0
11297,1,Σ,,1·[13131],,,,,1,13131,0,0
11298,1,Σ,,1·[12131],,,,,1,12131,0,0
11299,1,Σ,поставка с-х прод в сектор,1·[4131],,,,,1,4131,0,0
11301,14,clip Σ,формир отключ поставок сырья при длительной их неоплате,"clip(1·[11217], 0.0001, 1e+07)",0.0001,0,1e+07,0,1,11217,0,0
11302,11,Π/Π,формир отключ поставок сырья при длительной их неоплате,[11215] / [11301],0,11215,0,11301,,,0,0
11303,15,ключ,формир отключ поставок сырья при длительной их неоплате,(-1·[11302] + 1·[1400]) > 0 ? [1] : 0,,,0,1,-1;1,11302;1400,0,0
11306,14,clip Σ,формир отключ поставок сырья при длительной их неоплате,"clip(1·[1227], 0.0001, 1e+07)",0.0001,0,1e+07,0,1,1227,0,0
11307,11,Π/Π,формир отключ поставок сырья при длительной их неоплате,[11225] / [11306],0,11225,0,11306,,,0,0
11308,15,ключ,формир отключ поставок сырья при длительной их неоплате,(-1·[11307] + 1·[7400]) > 0 ? [1] : 0,,,0,1,-1;1,11307;7400,0,0
11311,14,clip Σ,формир отключ поставок сырья при длительной их неоплате,"clip(1·[1237], 0.0001, 1e+07)",0.0001,0,1e+07,0,1,1237,0,0
11312,11,Π/Π,формир отключ поставок сырья при длительной их неоплате,[11235] / [11311],0,11235,0,11311,,,0,0
11313,15,ключ,формир отключ поставок сырья при длительной их неоплате,(-1·[11312] + 1·[9400]) > 0 ? [1] : 0,,,0,1,-1;1,11312;9400,0,0
11316,14,clip Σ,формир отключ поставок сырья при длительной их неоплате,"clip(1·[1247], 0.0001, 1e+07)",0.0001,0,1e+07,0,1,1247,0,0
11317,11,Π/Π,формир отключ поставок сырья при длительной их неоплате,[11245] / [11316],0,11245,0,11316,,,0,0
11318,15,ключ,формир отключ поставок сырья при длительной их неоплате,(-1·[11317] + 1·[10400]) > 0 ? [1] : 0,,,0,1,-1;1,11317;10400,0,0
11321,14,clip Σ,формир отключ поставок сырья при длительной их неоплате,"clip(1·[1257], 0.0001, 1e+07)",0.0001,0,1e+07,0,1,1257,0,0
11322,11,Π/Π,формир отключ поставок сырья при длительной их неоплате,[11255] / [11321],0,11255,0,11321,,,0,0
11323,15,ключ,формир отключ поставок сырья при длительной их неоплате,(-1·[11322] + 1·[8400]) > 0 ? [1] : 0,,,0,1,-1;1,11322;8400,0,0
11326,14,clip Σ,формир отключ поставок сырья при длительной их неоплате,"clip(1·[1267], 0.0001, 1e+07)",0.0001,0,1e+07,0,1,1267,0,0
11327,11,Π/Π,формир отключ поставок сырья при длительной их неоплате,[11265] / [11326],0,11265,0,11326,,,0,0
11328,15,ключ,формир отключ поставок сырья при длительной их неоплате,(-1·[11327] + 1·[13400]) > 0 ? [1] : 0,,,0,1,-1;1,11327;13400,0,0
11331,14,clip Σ,формир отключ поставок сырья при длительной их неоплате,"clip(1·[1277], 0.0001, 1e+07)",0.0001,0,1e+07,0,1,1277,0,0
11332,11,Π/Π,формир отключ поставок сырья при длительной их неоплате,[11275] / [11331],0,11275,0,11331,,,0,0
11333,15,ключ,формир отключ поставок сырья при длительной их неоплате,(-1·[11332] + 1·[12400]) > 0 ? [1] : 0,,,0,1,-1;1,11332;12400,0,0
11362,14,clip Σ,подключение депозитов для погашения долгов поставщикам сырья,"clip(-1·1 + 1·[11410], 0, 1e+07)",0,0,1e+07,0,-1;1,const;11410,0,0
11363,2,уставка·Σ,предельная величина максим долга при котором прекращаются инвестиц расходы,5·(1·1),5,11363,,,1,const,0,1
11364,8,max,выбор максимального долга за сырье,"max([11215], [11225], [11235], [11245], [11255], [11265], [11275], [11285])",0;0;0;0;0;0;0;0,11215;11225;11235;11245;11255;11265;11275;11285,,,,,0,0
11365,15,ключ,выключение инвестиций при необходимости платить долги поставщикам сырья,(1·[11363] + -1·[11364]) > 0 ? [11065] : 0,,,0,11065,1;-1,11363;11364,0,0
11366,15,ключ,выключ инвестиций в оплату долгов поставщикам сырья,(-1·[11363] + 1·[11364]) > 0 ? [11065] : 0,,,0,11065,-1;1,11363;11364,0,0
11367,1,Σ,поток денег из депозита и инвестиций для погашения долга поставщикам сырья,1·[11366] + 1·[11086],,,,,1;1,11366;11086,0,0
11401,11,Π/Π,возврат долга за поставку сырья из прибыли,[11215]·[11117] / [11410],0;0,11215;11117,0,11410,,,0,0
11402,11,Π/Π,возврат долга за поставку сырья из прибыли,[11225]·[11117] / [11410],0;0,11225;11117,0,11410,,,0,0
11403,11,Π/Π,возврат долга за поставку сырья из прибыли,[11235]·[11117] / [11410],0;0,11235;11117,0,11410,,,0,0
11404,11,Π/Π,возврат долга за поставку сырья из прибыли,[11245]·[11117] / [11410],0;0,11245;11117,0,11410,,,0,0
11405,11,Π/Π,возврат долга за поставку сырья из прибыли,[11255]·[11117] / [11410],0;0,11255;11117,0,11410,,,0,0
11406,11,Π/Π,возврат долга за поставку сырья из прибыли,[11265]·[11117] / [11410],0;0,11265;11117,0,11410,,,0,0
11407,11,Π/Π,возврат долга за поставку сырья из прибыли,[11275]·[11117] / [11410],0;0,11275;11117,0,11410,,,0,0
11408,11,Π/Π,возврат долга за поставку сырья из прибыли,[11117]·[11285] / [11410],0;0,11117;11285,0,11410,,,0,0
11410,14,clip Σ,сумма всех долгов за поставку сырья,"clip(1·[11215] + 1·[11225] + 1·[11235] + 1·[11245] + 1·[11255] + 1·[11265] + 1·[11275] + 1·[11285], 0.001, 1e+08)",0.001,0,1e+08,0,1;1;1;1;1;1;1;1,11215;11225;11235;11245;11255;11265;11275;11285,0,0
11411,11,Π/Π,возврат долга за поставку сырья из прибыли,[11421]·[11441] / [11420],0;0,11421;11441,0,11420,,,0,0
11412,11,Π/Π,возврат долга за поставку сырья из прибыли,[11422]·[11441] / [11420],0;0,11422;11441,0,11420,,,0,0
11413,11,Π/Π,возврат долга за поставку сырья из прибыли,[11423]·[11441] / [11420],0;0,11423;11441,0,11420,,,0,0
11414,11,Π/Π,возврат долга за поставку сырья из прибыли,[11424]·[11441] / [11420],0;0,11424;11441,0,11420,,,0,0
11415,11,Π/Π,возврат долга за поставку сырья из прибыли,[11425]·[11441] / [11420],0;0,11425;11441,0,11420,,,0,0
11416,11,Π/Π,возврат долга за поставку сырья из прибыли,[11426]·[11441] / [11420],0;0,11426;11441,0,11420,,,0,0
11417,11,Π/Π,возврат долга за поставку сырья из прибыли,[11427]·[11441] / [11420],0;0,11427;11441,0,11420,,,0,0
11418,11,Π/Π,возврат долга за поставку сырья из прибыли,[11428]·[11441] / [11420],0;0,11428;11441,0,11420,,,0,0
11420,14,clip Σ,сумма всех долгов за поставку сырья,"clip(1·[11421] + 1·[11422] + 1·[11423] + 1·[11424] + 1·[11425] + 1·[11426] + 1·[11427] + 1·[11428], 0.001, 1e+08)",0.001,0,1e+08,0,1;1;1;1;1;1;1;1,11421;11422;11423;11424;11425;11426;11427;11428,0,0
11421,14,clip Σ,потребность в оборотном кредите,"clip(1·[11215] + -1·[1299], 0, 1e+06)",0,0,1e+06,0,1;-1,11215;1299,0,0
11422,14,clip Σ,потребность в оборотном кредите,"clip(1·[11225] + -1·[7299], 0, 1e+06)",0,0,1e+06,0,1;-1,11225;7299,0,0
11423,14,clip Σ,потребность в оборотном кредите,"clip(1·[11235] + -1·[9299], 0, 1e+06)",0,0,1e+06,0,1;-1,11235;9299,0,0
11424,14,clip Σ,потребность в оборотном кредите,"clip(1·[11245] + -1·[10299], 0, 1e+06)",0,0,1e+06,0,1;-1,11245;10299,0,0
11425,14,clip Σ,потребность в оборотном кредите,"clip(1·[11255] + -1·[8299], 0, 1e+06)",0,0,1e+06,0,1;-1,11255;8299,0,0
11426,14,clip Σ,потребность в оборотном кредите,"clip(1·[11265] + -1·[13299], 0, 1e+06)",0,0,1e+06,0,1;-1,11265;13299,0,0
11427,14,clip Σ,потребность в оборотном кредите,"clip(1·[11275] + -1·[12299], 0, 1e+06)",0,0,1e+06,0,1;-1,11275;12299,0,0
11428,14,clip Σ,потребность в оборотном кредите,"clip(1·[11285] + -1·[4299], 0, 1e+06)",0,0,1e+06,0,1;-1,11285;4299,0,0
11438,14,clip Σ,сигнал о прекращении поставок сырья в результате задолженности его оплаты,"clip(-8·[11285] + 10·[4299], 0, 1)",0,0,1,0,-8;10,11285;4299,0,0
11441,7,min,поток кредита из банка,"min([11452], [11445])",0;0,11452;11445,,,,,0,0
11442,5,∫ с пределами,текущий кредитный долг банку,"∫(1·[11441] + -1·[1097] + 1·[11443]) dt, x0=1, pa1=0, hi=1e+07",1;0,0;0,1e+07,0,1;-1;1,11441;1097;11443,0,0
11443,9,Π,поток процентов за выданный оборотный кредит,[11442]·[47],0;0,11442;47,,,,,0,0
11444,14,clip Σ,сигнал о возможности кредитования банком оборотных средств,"clip(-0.1·[11442] + 0.1·[11448], 0, 1)",0,0,1,0,-0.1;0.1,11442;11448,0,0
11445,9,Π,поток кредита оборотных средств выдаваемых банком,[11452]·[11444]·[11446],0;0;0,11452;11444;11446,,,,,0,0
11446,14,clip Σ,сигнал о том что норма прибыли больше ставки кредита,"clip(1·[11450], 0, 1)",0,0,1,0,1,11450,0,0
11447,1,Σ,формирование сигнала о возможности кредитования,1·1 + 1·[11450],,,,,1;1,const;11450,0,0
11448,9,Π,формиросание сигнала о возможности кредитования,[11449]·[11447],0;0,11449;11447,,,,,0,0
11449,2,уставка·Σ,коэф ликвидности основных фондов для возможности банковского кредитования,0.1·(0.1·[11063]),0.1,11449,,,0.1,11063,0,1
11450,2,уставка·Σ,учет превышения нормы проб над ставкой кредита для эффективности кредитования,3·(1·[11451]),3,0,,,1,11451,0,0
11451,11,Π/Π,превышение нормы прибыли стаки кркдита,[11058] / [47],0,11058,0,47,,,0,0
11452,9,Π,потребность в оборотном кредите,[11420]·[199],0;0,11420;199,,,,,0,0
11461,9,Π,сигнал о прекращении поставок сырья при неоплате ранее поставленного,[88]·[11303],0;0,88;11303,,,,,0,0
11462,9,Π,сигнал о прекращении поставок сырья при неоплате ранее поставленного,[88]·[11308],0;0,88;11308,,,,,0,0
11463,9,Π,сигнал о прекращении поставок сырья при неоплате ранее поставленного,[88]·[11313],0;0,88;11313,,,,,0,0
11464,9,Π,сигнал о прекращении поставок сырья при неоплате ранее поставленного,[88]·[11318],0;0,88;11318,,,,,0,0
11465,9,Π,сигнал о прекращении поставок сырья при неоплате ранее поставленного,[88]·[11323],0;0,88;11323,,,,,0,0
11466,9,Π,сигнал о прекращении поставок сырья при неоплате ранее поставленного,[88]·[11328],0;0,88;11328,,,,,0,0
11467,9,Π,сигнал о прекращении поставок сырья при неоплате ранее поставленного,[88]·[11333],0;0,88;11333,,,,,0,0
11468,9,Π,сигнал о прекращении поставок сырья при неоплате ранее поставленного,[11438]·[88],0;0,11438;88,,,,,0,0
11471,1,Σ,включ сигнала о небходимости прекращения поставок сырья при отсутств их оплаты,1·[11461] + 1·[189],,,,,1;1,11461;189,0,0
11472,1,Σ,включ сигнала о небходимости прекращения поставок сырья при отсутств их оплаты,1·[11462] + 1·[189],,,,,1;1,11462;189,0,0
11473,1,Σ,включ сигнала о небходимости прекращения поставок сырья при отсутств их оплаты,1·[11463] + 1·[189],,,,,1;1,11463;189,0,0
11474,1,Σ,включ сигнала о небходимости прекращения поставок сырья при отсутств их оплаты,1·[11464] + 1·[189],,,,,1;1,11464;189,0,0
11475,1,Σ,включ сигнала о небходимости прекращения поставок сырья при отсутств их оплаты,1·[11465] + 1·[189],,,,,1;1,11465;189,0,0
11476,1,Σ,включ сигнала о небходимости прекращения поставок сырья при отсутств их оплаты,1·[11466] + 1·[189],,,,,1;1,11466;189,0,0
11477,1,Σ,включ сигнала о небходимости прекращения поставок сырья при отсутств их оплаты,1·[11467] + 1·[189],,,,,1;1,11467;189,0,0
11478,1,Σ,включ сигнала о небходимости прекращения поставок сырья при отсутств их оплаты,1·[11468] + 1·[189],,,,,1;1,11468;189,0,0
11801,1,Σ,,0.09·1 + 0.75·[11810],,,,,0.09;0.75,const;11810,0,0
11802,2,уставка·Σ,доход,1·(0.2972·[11026]),1,11802,,,0.2972,11026,0,1
11803,9,Π,сумма подоходн налога из соц группы,[11804]·[11811],0;0,11804;11811,,,,,0,0
11804,9,Π,масса подоходного налога,[11802]·[22],0;0,11802;22,,,,,0,0
11805,4,1/(Tp+1)·g,чистый доход,"clip(1·(1·[11802] + -1·[11806] + -1·[11804]), 0.1, 1)",1,0,1;0.1,0;0,1;-1;-1,11802;11806;11804,5.41102,0
11806,9,Π,другие платежи,[11802]·[21],0;0,11802;21,,,,,0,0
11807,9,Π,другие платежи,[11806]·[11811],0;0,11806;11811,,,,,0,0
11808,9,Π,спрос соц группы на услуги,[11874]·[11811],0;0,11874;11811,,,,,0,0
11809,9,Π,спрос на ТНП в социальной группе,[11860]·[11811],0;0,11860;11811,,,,,0,0
11810,9,Π,спрос на стоящ жилье в соц группе,[11844]·[11811],0;0,11844;11811,,,,,0,0
11811,2,уставка·Σ,количество человек в соц группе,1·(1·[11012]),1,11811,,,1,11012,0,1
11812,9,Π,формир фин возмож,[11828]·[11828],0;0,11828;11828,,,,,0,0
11813,1,Σ,,0.05·1 + 0.75·[11866],,,,,0.05;0.75,const;11866,0,0
11814,10,Σ·[ref],формир финан возм,(2.3·[11812])·[11815],0,11815,,,2.3,11812,0,0
11815,5,∫ с пределами,денежные накопления,"∫(1·[11816] + -1·[11814] + -1·[11870]) dt, x0=1, pa1=0.001, hi=100000",1;0.001,0;0,100000,0,1;-1;-1,11816;11814;11870,1.03022,0
11816,11,Π/Π,формир денежн накоплений,[11838]·[11838]·[11805] / [11819]·[11819],0;0;0,11838;11838;11805,0;0,11819;11819,,,0,0
11817,11,Π/Π,формир соц напряженности,[11815] / [11818],0,11815,0,11818,,,0,0
11818,4,1/(Tp+1)·g,финансовые возможности,"clip(1·(1·[11805] + 1·[11814] + -1·[11816]), 0.1, 1)",1,0,1;0.1,0;0,1;1;-1,11805;11814;11816,5.40873,0
11819,1,Σ,формирование денежн накоплений,1·1 + 1·[11838],,,,,1;1,const;11838,0,0
11820,1,Σ,расходы на ТНП Услуги и Досуг,1·[11818] + -1·[11821],,,,,1;-1,11818;11821,0,0
11821,9,Π,расходы на ПП и Жилье,[11831]·[11818],0;0,11831;11818,,,,,0,0
11822,12,Π/Σ,расходы на ПП,[11828]·[11821] / (1·[11828] + 1·[11836]),0;0,11828;11821,,,1;1,11828;11836,0,0
11823,14,clip Σ,расходы на жилье,"clip(1·[11821] + -1·[11822] + -1·[70], 0.01, 1e+07)",0.01,0,1e+07,0,1;-1;-1,11821;11822;70,0,0
11824,2,уставка·Σ,масштабир цены ПП в соц гр,0.08·(1·[4197]),0.08,0,,,1,4197,0,0
11825,12,Π/Σ,формир доли на ПП,[11824] / (0.001·1 + 0.2·[11822]),0,11824,,,0.001;0.2,const;11822,0,0
11826,11,Π/Π,спрос соц группы на ПП,[11811]·[11822] / [11824],0;0,11811;11822,0,11824,,,0,0
11827,12,Π/Σ,формир доли на ПП,[11825] / (1·[11825] + 1·[11822]),0,11825,,,1;1,11825;11822,0,0
11828,4,1/(Tp+1)·g,формир доли на ПП,"clip(1·(1·[11827]), 0.1, 1)",1,0,1;0.1,0;0,1,11827,0.501757,0
11829,14,clip Σ,,"clip(1·1 + -4·[11832], 0, 1)",0,0,1,0,1;-4,const;11832,0,0
11830,11,Π/Π,спрос на ПП,[11822] / [11824],0,11822,0,11824,,,0,0
11831,14,clip Σ,формир доли на ПП и Жил,"clip(1·[11828] + 1·[11836], 0, 1)",0,0,1,0,1;1,11828;11836,0,0
11832,14,clip Σ,формир доли на Жил,"clip(-0.5·1 + 1·[11828], 0, 100)",0,0,100,0,-0.5;1,const;11828,0,0
11833,1,Σ,формир доли на Жил,1·1 + 1·[11832],,,,,1;1,const;11832,0,0
11834,23,?23,формир доли на Жил,?23(1·[11833]; 10),10,0,,,1,11833,0,0
11835,11,Π/Π,доля на жилье,[11857] / [11834],0,11857,0,11834,,,0,0
11836,12,Π/Σ,доля на Жил,[11835] / (1·1 + 5·[11835]),0,11835,,,1;5,const;11835,0,0
11837,14,clip Σ,всего расходов на ТНП и др,"clip(1·[11820] + -1·[11856], 0, 1000)",0,0,1000,0,1;-1,11820;11856,0,0
11838,1,Σ,уровень жизни,1·1 + -1·[11828],,,,,1;-1,const;11828,0,0
11839,12,Π/Σ,натуральный спрос на покупку жилья (удовлетворенный),[11844] / (0.01·1 + 1·[11842]),0,11844,,,0.01;1,const;11842,0,0
11840,2,уставка·Σ,коэф перевода года в мес,1·(1·[11823]),1,0,,,1,11823,0,0
11841,11,Π/Π,спрос на строит жилья,[11840]·[11840] / [11842]·[11842],0;0,11840;11840,0;0,11842;11842,,,0,0
11842,2,уставка·Σ,цена строящ жилья,1·(1·[3120]),1,0,,,1,3120,0,0
11843,12,Π/Σ,доля на покупку жилья,[11848]·[11849]·[11841]·[11829] / (0.1·1 + 1·[11841]),0;0;0;0,11848;11849;11841;11829,,,0.1;1,const;11841,0,0
11844,9,Π,расходы на покупку жилья,[11823]·[11843],0;0,11823;11843,,,,,0,0
11845,14,clip Σ,расходы на наем жилья,"clip(1·[11823] + -1·[11844], 0, 1e+07)",0,0,1e+07,0,1;-1,11823;11844,0,0
11846,12,Π/Σ,формиров доли расходов на покупку жилья,[11853] / (1·[11842] + 1·[11853]),0,11853,,,1;1,11842;11853,0,0
11847,12,Π/Σ,формир доли расходов на покупку жилья,[11853] / (20·[11892]),0,11853,,,20,11892,0,0
11848,4,1/(Tp+1)·g,формир доли расх на жилье,"clip(1·(1·[11846]), 0.1, 1)",1,0,1;0.1,0;0,1,11846,0.353724,0
11849,4,1/(Tp+1)·g,формир доли расх на жилье,"clip(1·(1·[11847]), 0.1, 1)",1,0,1;0.1,0;0,1,11847,1,0
11850,9,Π,спрос на досуг в соц группы,[11811]·[11866]·[11837],0;0;0,11811;11866;11837,,,,,0,0
11851,5,∫ с пределами,куплено всего жилья,"∫(1·[11839] + -0.01·[11854]) dt, x0=1, pa1=0, hi=10000",1;0,0;0,10000,0,1;-0.01,11839;11854,3.66939,0
11852,12,Π/Σ,всего нанято жилья,[11845] / (0.1·[11853]),0,11845,,,0.1,11853,0,0
11853,2,уставка·Σ,цена найма жилья,1·(1·[3]),1,0,,,1,3,0,0
11854,12,Π/Σ,коэф амортизац купленного жилья,[11851] / (1·1 + 1.5·[11874]),0,11851,,,1;1.5,const;11874,0,0
11855,4,1/(Tp+1)·g,всего имеется жилья,"clip(2·(2·[11852] + 1·[11851]), 0.01, 1)",2,0,1;0.01,0;0,2;1,11852;11851,18.8651,0
11856,9,Π,поток уплаты налога за купленное жилье,[11851]·[11892],0;0,11851;11892,,,,,0,0
11857,11,Π/Π,отношение нормы жилья к имеещемуся,[11893] / [11855],0,11893,0,11855,,,0,0
11858,12,Π/Σ,качество жизни,[11866]·[400] / (0.2·[11857] + 0.2·[11828]),0;0,11866;400,,,0.2;0.2,11857;11828,0,0
11859,2,уставка·Σ,масшт спроса на аренду жилья для весов ценн в расходах,0.1·(1·[11852]),0.1,0,,,1,11852,0,0
11860,11,Π/Π,поток покупок ТНП,[11864]·[11837] / [11873]·[5150],0;0,11864;11837,0;0,11873;5150,,,0,0
11861,5,∫ с пределами,накоплено купленных ТНП,"∫(1·[11860] + -1·[11862]) dt, x0=0.5, pa1=1, hi=10000",0.5;1,0;0,10000,0,1;-1,11860;11862,12.5851,0
11862,12,Π/Σ,амортизация ТНП,[11861] / (10·1 + 20·[11874]),0,11861,,,10;20,const;11874,0,0
11863,2,уставка·Σ,всего имущества (ТНП+Жил),0.03·(1·[11861] + 1·[11855]),0.03,0,,,1;1,11861;11855,0,0
11864,12,Π/Σ,треб ТНП,[11855] / (0.01·1 + 0.4·[11861]),0,11855,,,0.01;0.4,const;11861,0,0
11865,12,Π/Σ,треб услуг,[11863] / (1·1 + 1·[11863]),0,11863,,,1;1,const;11863,0,0
11866,11,Π/Π,формир спроса на досуг,[11875]·[11837] / [11873]·[4]·[4]·[4],0;0,11875;11837,0;0;0;0,11873;4;4;4,,,0,0
11867,9,Π,объем потребляемых благ в соц сфере для формиров натуральн потребности в эл-эн,[11873]·[11811],0;0,11873;11811,,,,,0,0
11868,1,Σ,всего расходы на личное жилье (его приобретение и налог при его содержании),1·[1856] + 1·[1844],,,,,1;1,1856;1844,0,0
11870,14,clip Σ,уровень денежн нак при котором нчинается активное приобрет жилья,"clip(-3.5·1 + 1·[11815], 0, 1e+08)",0,0,1e+08,0,-3.5;1,const;11815,0,0
11871,2,уставка·Σ,Цдосуга,1.25·(1·1),1.25,0,,,1,const,0,0
11873,4,1/(Tp+1)·g,сумма потребностей в усл+досуге+ТНП,"clip(1·(1·[11864] + 1·[11865] + 1·[11875]), 0.01, 1)",1,0,1;0.01,0;0,1;1;1,11864;11865;11875,5.14494,0
11874,11,Π/Π,спрос на услуги,[11865]·[11837] / [5]·[11873],0;0,11865;11837,0;0,5;11873,,,0,0
11875,12,Π/Σ,поток услуг освобождающий время на досуг,[11874]·[11888] / (0.1·1 + 1·[11874]),0;0,11874;11888,,,0.1;1,const;11874,0,0
11876,11,Π/Π,вес цены блага в расходах соц группы,[11866]·[4]·[4] / [11818],0;0;0,11866;4;4,0,11818,,,0,0
11877,11,Π/Π,вес цены блага в расходах соц группы,[11874]·[5]·[5] / [11818],0;0;0,11874;5;5,0,11818,,,0,0
11878,11,Π/Π,вес цены блага в расходах соц группы,[11860]·[5150]·[5150] / [11818],0;0;0,11860;5150;5150,0,11818,,,0,0
11879,11,Π/Π,вес цены блага в расходах соц группы,[11859]·[3]·[3] / [11818],0;0;0,11859;3;3,0,11818,,,0,0
11880,11,Π/Π,вес цены блага в расходах соц группы,[11841]·[11842]·[11842] / [11818],0;0;0,11841;11842;11842,0,11818,,,0,0
11881,11,Π/Π,вес цены блага в расходах соц группы,[11826]·[11824]·[11824] / [11818]·[11811],0;0;0,11826;11824;11824,0;0,11818;11811,,,0,0
11885,12,Π/Σ,индекс социальной напряженности,[11887]·[11886] / (1·1 + 0.5·[11887]),0;0,11887;11886,,,1;0.5,const;11887,0,0
11886,1,Σ,формир потребн в досуге от соц напряж,1·1 + 2·[11005],,,,,1;2,const;11005,0,0
11887,12,Π/Σ,треб досуга,[1] / (12·[11858] + 1·[11817]),0,1,,,12;1,11858;11817,0,0
11888,4,1/(Tp+1)·g,треб досуга,"clip(1·(1·[11863] + 1·[11815]), 0.1, 1)",1,0,1;0.1,0;0,1;1,11863;11815,1.97357,0
11889,9,Π,накоплено денег в соц группе для возможной покупки дол,[11870]·[11811],0;0,11870;11811,,,,,0,0
11890,9,Π,уровень денежн накоплений насел при котором начинают покупать дол,[11815],0,11815,,,,,0,0
11891,1,Σ,сумма абсол знач весов цен благ соц гр,1·[11876] + 1·[11877] + 1·[11878] + 1·[11879] + 1·[11880] + 1·[11881],,,,,1;1;1;1;1;1,11876;11877;11878;11879;11880;11881,0,0
11892,2,уставка·Σ,ставка налога на жилье,1·(1·[7]),1,0,,,1,7,0,0
11893,2,уставка·Σ,норма жилья,10·(1·1),10,11893,,,1,const,0,1
11894,11,Π/Π,относит вес цены на ПП,[11881] / [11891],0,11881,0,11891,,,0,0
11895,11,Π/Π,относительный вес цены куплен жилья,[11880] / [11891],0,11880,0,11891,,,0,0
11896,11,Π/Π,относительный вес цены досуга,[11876] / [11891],0,11876,0,11891,,,0,0
11897,11,Π/Π,относительный вес цены услуг,[11877] / [11891],0,11877,0,11891,,,0,0
11898,11,Π/Π,относительный вес цены ТНП,[11878] / [11891],0,11878,0,11891,,,0,0
11899,11,Π/Π,относительный вес цены аренд жилья,[11879] / [11891],0,11879,0,11891,,,0,0
12001,14,clip Σ,13альн произв продукции,"clip(1·[12011], 0.2, 1.11111e+06)",0.2,0,1.11111e+06,0,1,12011,0,0
12002,4,1/(Tp+1)·g,потенц произв продукции,"clip(1·(1·[12011]), 0.1, 1)",1,0,1;0.1,0;0,1,12011,0.997703,0
12003,7,min,огранич в произв продукции,"min([12213], [12223], [12243], [12253], [12263], [12203])",0;0;0;0;0;0,12213;12223;12243;12253;12263;12203,,,,,0,0
12004,14,clip Σ,производство продукции,"clip(1·[12017], 0.001, 10000)",0.001,0,10000,0,1,12017,0,0
12005,12,Π/Σ,степень безработицы в секторе,[232]·[12030] / (1e-05·1 + 1·[12009]),0;0,232;12030,,,1e-05;1,const;12009,0,0
12006,9,Π,МЗ от импорта,[12206]·[501],0;0,12206;501,,,,,0,0
12007,7,min,всего реализовано продукции,"min([12001], [12004])",0;0,12001;12004,,,,,0,0
12008,4,1/(Tp+1)·g,материальные затраты,"clip(1·(1.5255·[12018]), 0.02, 1)",1,0,1;0.02,0;0,1.5255,12018,401.192,0
12009,10,Σ·[ref],требуется труда с учетом сменности и потребн в продукции,(0.2·[12093])·[12025],0,12025,,,0.2,12093,0,0
12010,12,Π/Σ,цена рыночная,[12116] / (0.2·1 + 0.8·[12004]),0,12116,,,0.2;0.8,const;12004,0,0
12011,10,Σ·[ref],потенциальное производство продукции,(0.1·[12080])·[12029],0,12029,,,0.1,12080,0,0
12012,2,уставка·Σ,подано труда,11·(1·1),11,12012,,,1,const,0,1
12013,11,Π/Π,расходы сект на Фп,[12365]·[12066] / [12072],0;0,12365;12066,0,12072,,,0,0
12014,11,Π/Π,расходы сект на Фа,[12365]·[12068] / [12072],0;0,12365;12068,0,12072,,,0,0
12015,11,Π/Π,количество прибыли для импортного оборудования,[12365]·[12075] / [12072],0;0,12365;12075,0,12072,,,0,0
12016,2,уставка·Σ,общее предложение труда в секторе производства,2·(1·[12012] + 1·[235]),2,0,,,1;1,12012;235,0,0
12017,4,1/(Tp+1)·g,,"clip(1·(1·[12011]), 0.02, 1)",1,0,1;0.02,0;0,1,12011,1,0
12018,1,Σ,сумма номинальных материальных затрат,1·[12006] + 1·[12217] + 1·[12227] + 1·[12237] + 1·[12247] + 1·[12257] + 1·[12267] + 1·[12277],,,,,1;1;1;1;1;1;1;1,12006;12217;12227;12237;12247;12257;12267;12277,0,0
12019,9,Π,цена сырья,[12037]·[12105],0;0,12037;12105,,,,,0,0
12020,2,уставка·Σ,ставка зарплаты,2·(1·1),2,12020,,,1,const,0,1
12021,1,Σ,условно средняя цена поставляемых новых фондов для их развития,0.5·[2039] + 0.5·[3039],,,,,0.5;0.5,2039;3039,0,0
12025,5,∫ с пределами,К сменности,"∫(1·[12076] + -1·[12004]) dt, x0=1, pa1=0.2, hi=2.5",1;0.2,0;0,2.5,0,1;-1,12076;12004,0.997623,0
12026,13,Σ/Π,доход на одного в соц группе сырья,(1·[12052] + 1·[12032]) / [12029],,,0,12029,1;1,12052;12032,0,0
12027,2,уставка·Σ,выручеа как суммаа платежей потребителей продукции,1.4387·(1·[1276] + 1·[2276] + 1·[3276] + 1·[4276] + 1·[5276] + 1·[6276] + 1·[7276] + 1·[8276] + 1·[9276] + 1·[10276] + 1·[11276] + 1·[12276] + 1·[13276] + 1·[12157] + 1·[12158] + 1·[12167]),1.4387,0,,,1;1;1;1;1;1;1;1;1;1;1;1;1;1;1;1,1276;2276;3276;4276;5276;6276;7276;8276;9276;10276;11276;12276;13276;12157;12158;12167,0,0
12029,7,min,используется труда,"min([12016], [12009])",0;0,12016;12009,,,,,0,0
12030,14,clip Σ,безработица,"clip(1·[12012] + -1·[12029], 0, 100000)",0,0,100000,0,1;-1,12012;12029,0,0
12031,10,Σ·[ref],индексация зарплаты,(12·1)·[12020],0,12020,,,12,const,0,0
12032,9,Π,поток зарплаты,[12029]·[12031],0;0,12029;12031,,,,,0,0
12033,1,Σ,общие затраты,1·[12008] + 1·[12051] + 1·[12032],,,,,1;1;1,12008;12051;12032,0,0
12034,1,Σ,все затраты,1·[12033] + 1·[12055],,,,,1;1,12033;12055,0,0
12035,13,Σ/Π,себестоимость,(1·[12034]) / [12004],,,0,12004,1,12034,0,0
12036,9,Π,формирование цены,[12112]·[12113]·[12035],0;0;0,12112;12113;12035,,,,,0,0
12037,4,1/(Tp+1)·g,цена без НДС,"clip(0.7828·(1·[12038] + 1·[12036]), 0.1, 1)",0.7828,0,1;0.1,0;0,1;1,12038;12036,899.107,0
12038,9,Π,формирование рыночной цены (с учетом ее доли в общей цене),[12035]·[12112]·[12114],0;0;0,12035;12112;12114,,,,,0,0
12039,4,1/(Tp+1)·g,цена с НДС,"clip(1·(1·[12019]), 0.02, 1)",1,0,1;0.02,0;0,1,12019,1023.35,0
12040,9,Π,выручка без НДС,[12037]·[12007],0;0,12037;12007,,,,,0,0
12041,4,1/(Tp+1)·g,сумма выручек внутренней и экспортной,"clip(1·(1·[996]), 0.02, 1)",1,0,1;0.02,0;0,1,996,15.0352,0
12042,2,уставка·Σ,сумма выручек внутренней и экспортной,1·(1·[12041] + 1·[12027] + 1·[372]),1,0,,,1;1;1,12041;12027;372,0,0
12043,14,clip Σ,добавленная стоимость,"clip(1·[12042] + -1·[12008], 0, 10000)",0,0,10000,0,1;-1,12042;12008,0,0
12044,14,clip Σ,балансовая прибыль,"clip(1·[12043] + -1·[12050] + -1·[12047] + -1·[12097] + -1·[12054] + -1·[12032] + -1·[12048] + -1·[12073] + -1·[12137], 0, 10000)",0,0,10000,0,1;-1;-1;-1;-1;-1;-1;-1;-1,12043;12050;12047;12097;12054;12032;12048;12073;12137,0,0
12045,1,Σ,чистая прибыль,1·[12044] + -1·[12049],,,,,1;-1,12044;12049,0,0
12046,2,уставка·Σ,стоимость вводимых основных фондов,0.5242·(1·[12078] + 1·[12079] + 1·[12200]),0.5242,0,,,1;1;1,12078;12079;12200,0,0
12047,9,Π,поток НДС,[12043]·[24],0;0,12043;24,,,,,0,0
12048,9,Π,поток налога с выручки,[12042]·[23],0;0,12042;23,,,,,0,0
12049,9,Π,поток налога на прибыль,[25]·[12044],0;0,25;12044,,,,,0,0
12050,9,Π,поток налога на фонды,[12063]·[26],0;0,12063;26,,,,,0,0
12051,9,Π,амортизация в себестоимости,[12063]·[12064],0;0,12063;12064,,,,,0,0
12052,12,Π/Σ,доля прибыли в потребление,[12074]·[12045] / (5·1 + 1·[12074]),0;0,12074;12045,,,5;1,const;12074,0,0
12053,4,1/(Tp+1)·g,ФОТ,"clip(1·(1·[12052] + 1·[12032]), 0.1, 1)",1,0,1;0.1,0;0,1;1,12052;12032,325.601,0
12054,9,Π,налог на ФОТ,[12053]·[28],0;0,12053;28,,,,,0,0
12055,1,Σ,сумма налогов,1·[12054] + 1·[12050] + 1·[12048],,,,,1;1;1,12054;12050;12048,0,0
12056,4,1/(Tp+1)·g,инвестируемая прибыль,"clip(1·(1·[12045] + -1·[12052]), 0.01, 1)",1,0,1;0.01,0;0,1;-1,12045;12052,50.6924,0
12057,12,Π/Σ,норма прибыли,[12045] / (0.001·1 + 1·[12049] + 1·[12034]),0,12045,,,0.001;1;1,const;12049;12034,0,0
12058,4,1/(Tp+1)·g,степень финансовых возможностей,"clip(1·(1·[12057]), 0.1, 1)",1,0,1;0.1,0;0,1,12057,0.135002,0
12059,14,clip Σ,индекс финансовых возможностей,"clip(20·[12058], 0, 1)",0,0,1,0,20,12058,0,0
12060,14,clip Σ,степень недостаточности финансов,"clip(1·1 + -1·[12059], 0, 1)",0,0,1,0,1;-1,const;12059,0,0
12061,14,clip Σ,норма выплаты амортизации,"clip(1·[12056], 0, 1)",0,0,1,0,1,12056,0,0
12062,9,Π,реальный поток амортизации,[12061]·[12063]·[12064],0;0;0,12061;12063;12064,,,,,0,0
12063,5,∫ с пределами,стоимость производственных фондов,"∫(1·[12046] + -1·[12073]) dt, x0=0.1, pa1=0, hi=10000",0.1;0,0;0,10000,0,1;-1,12046;12073,1000,0
12064,2,уставка·Σ,коэффициент амортизации,10·(0.01·1),10,12064,,,0.01,const,0,1
12065,2,уставка·Σ,всего инвестиций,1.192·(1·[12056] + 1·[12086] + 1·[12073]),1.192,0,,,1;1;1,12056;12086;12073,0,0
12066,2,уставка·Σ,доля строит в инвестициях,1·(1·1),1,12066,,,1,const,0,1
12067,11,Π/Π,расходы прибыли в строит,[12365]·[12066] / [12072]·[3039],0;0,12365;12066,0;0,12072;3039,,,0,0
12068,2,уставка·Σ,доля машиностроен в инвестиц,2.5·(1·1),2.5,12068,,,1,const,0,1
12069,11,Π/Π,расходы прибыли в машин,[12068]·[12365] / [2039]·[12072],0;0,12068;12365,0;0,2039;12072,,,0,0
12070,2,уставка·Σ,доля НИОКР в инвестиц,0.5·(1·1),0.5,12070,,,1,const,0,1
12071,2,уставка·Σ,доля депозита в инвестиц,0.5·(1·1),0.5,12071,,,1,const,0,1
12072,1,Σ,сумма долей распределения прибыли,1·[12066] + 1·[12068] + 1·[12070] + 1·[12071] + 1·[12075],,,,,1;1;1;1;1,12066;12068;12070;12071;12075,0,0
12073,7,min,реальные амортизационные выплаты,"min([12062], [12056])",0;0,12062;12056,,,,,0,0
12074,14,clip Σ,формирование доли прибыли в потребление,"clip(-5·1 + 100·[12058], 0.2, 100)",0.2,0,100,0,-5;100,const;12058,0,0
12075,2,уставка·Σ,доля прибыли для импорта Фа,0.5·(1·1),0.5,12075,,,1,const,0,1
12076,9,Π,,[12003]·[12116],0;0,12003;12116,,,,,0,0
12077,12,Π/Σ,отношение суммы налогов к добавленной стоимости,[12055] / (0.001·1 + 1·[12043]),0,12055,,,0.001;1,const;12043,0,0
12078,9,Π,стоимость вводимых  Фа,[2039]·[2132],0;0,2039;2132,,,,,0,0
12079,9,Π,стоимость вводимых  Фп,[3039]·[3132],0;0,3039;3132,,,,,0,0
12080,5,∫ с пределами,производительность труда,"∫(1·[12108] + 0·[12080]) dt, x0=1, pa1=0.2, hi=1e+06",1;0.2,0;0,1e+06,0,1;0,12108;12080,1.0001,0
12081,11,Π/Π,расходы прибыли в НИОКР,[12365]·[12070] / [12072],0;0,12365;12070,0,12072,,,0,0
12082,11,Π/Π,расходы прибыли в депозиты,[12365]·[12071] / [12072],0;0,12365;12071,0,12072,,,0,0
12083,3,∫,накопленный депозит,"∫(1·[12082] + 1·[12085] + -1·[12086]) dt, x0=0.001",0.001,0,,,1;1;-1,12082;12085;12086,8.54417,0
12084,14,clip Σ,степень возможностей депозита,"clip(100·[12083], 0, 1)",0,0,1,0,100,12083,0,0
12085,9,Π,самовозрастание депозита,[12083]·[230],0;0,12083;230,,,,,0,0
12086,9,Π,поток инвестиций из депозита,[12362]·[12084],0;0,12362;12084,,,,,0,0
12088,2,уставка·Σ,формир потока амортизац Фа,0.562·(100·[2132] + 1·[842]),0.562,0,,,100;1,2132;842,0,0
12089,5,∫ с пределами,количество Фа,"∫(1·[12088] + -1·[12090]) dt, x0=0.01, pa1=0.01, hi=10000",0.01;0.01,0;0,10000,0,1;-1,12088;12090,50,0
12090,9,Π,реальная амортизация Фа,[12064]·[12004]·[12089],0;0;0,12064;12004;12089,,,,,0,0
12091,9,Π,поток амортизации Фп,[12064]·[12092],0;0,12064;12092,,,,,0,0
12092,5,∫ с пределами,количество Фп,"∫(128.2·[3132] + -1·[12091]) dt, x0=0.01, pa1=0.01, hi=10000",0.01;0.01,0;0,10000,0,128.2;-1,3132;12091,49.998,0
12093,12,Π/Σ,количество рабочих мест,[12092]·[12089] / (0.5·[12092] + 0.5·[12089]),0;0,12092;12089,,,0.5;0.5,12092;12089,0,0
12094,4,1/(Tp+1)·g,продукция для реализации,"clip(1·(1·[12007]), 0.1, 1)",1,0,1;0.1,0;0,1,12007,0.997701,0
12095,4,1/(Tp+1)·g,формиров возврата кредитов,"clip(1·(1·[12044]), 0.1, 1)",1,0,1;0.1,0;0,1,12044,195.527,0
12096,7,min,формиров возврата кредитов,"min([12095], [12442])",0;0,12095;12442,,,,,0,0
12097,2,уставка·Σ,темп возврата кредитов,0·(1·[12096]),0,12097,,,1,12096,0,1
12099,2,уставка·Σ,доли,1·(1·1),1,12099,,,1,const,0,1
12100,10,Σ·[ref],сумма инвестиционных средств для изменения производительности фондов,(0.05903·[12081] + 0.05903·[842])·[880],0,880,,,0.05903;0.05903,12081;842,0,0
12101,1,Σ,алгоритм НДС,1·1 + -1·[24],,,,,1;-1,const;24,0,0
12102,11,Π/Π,алгоритм НДС,[12104]·[24] / [12101]·[12103],0;0,12104;24,0;0,12101;12103,,,0,0
12103,14,clip Σ,формирование НДС,"clip(1·[12040], 0.01, 10000)",0.01,0,10000,0,1,12040,0,0
12104,14,clip Σ,алгоритм НДС,"clip(1·[12040] + -1·[12008], 0, 10000)",0,0,10000,0,1;-1,12040;12008,0,0
12105,1,Σ,алгоритм НДС,1·1 + 1·[12102],,,,,1;1,const;12102,0,0
12106,1,Σ,+/- потока основных активных фондов,1·[3132] + -0.0082·[12090],,,,,1;-0.0082,3132;12090,0,0
12107,1,Σ,+/- потока основных пассивных фондов,1·[3132] + -0.0078·[12091],,,,,1;-0.0078,3132;12091,0,0
12108,14,clip Σ,,"clip(1·[12100] + -1·[12080], 0, 1e+06)",0,0,1e+06,0,1;-1,12100;12080,0,0
12109,11,Π/Π,,[12004] / [12116],0,12004,0,12116,,,0,0
12110,14,clip Σ,,"clip(1·[12109], 0, 1)",0,0,1,0,1,12109,0,0
12112,2,уставка·Σ,норматив прибыли монополиста,1.2·(1·1),1.2,12112,,,1,const,0,1
12113,2,уставка·Σ,степень монополизма,0.5·(1·1),0.5,12113,,,1,const,0,1
12114,10,Σ·[ref],монопольная цена с ее долей,(1·1 + -1·[12113])·[12010],0,12010,,,1;-1,const;12113,0,0
12116,4,1/(Tp+1)·g,сумма спросов,"clip(1·(0.7893·[12119]), 0.02, 1)",1,0,1;0.02,0;0,0.7893,12119,0.997703,0
12117,1,Σ,суммарный поток денег возврата долгов поставщикам сырья,1·[12137] + 1·[12367],,,,,1;1,12137;12367,0,0
12119,4,1/(Tp+1)·g,сумма спросов,"clip(1·(1·[12141] + 1·[12142] + 1·[12143] + 1·[12144] + 1·[12145] + 1·[12146] + 1·[12147] + 1·[12148] + 1·[12149] + 1·[12150] + 1·[12151] + 1·[12152] + 1·[12153] + 1·[12154] + 1·[12155] + 1·[12156]), 0.02, 1)",1,0,1;0.02,0;0,1;1;1;1;1;1;1;1;1;1;1;1;1;1;1;1,12141;12142;12143;12144;12145;12146;12147;12148;12149;12150;12151;12152;12153;12154;12155;12156,1.26404,0
12121,11,Π/Π,доля транс в сырье,[12094]·[12141] / [12001],0;0,12094;12141,0,12001,,,0,0
12122,11,Π/Π,доля транс в машин,[12094]·[12142] / [12001],0;0,12094;12142,0,12001,,,0,0
12123,11,Π/Π,доля транс в бюджет,[12094]·[12143] / [12001],0;0,12094;12143,0,12001,,,0,0
12124,11,Π/Π,доля транс в с-х,[12094]·[12144] / [12001],0;0,12094;12144,0,12001,,,0,0
12125,11,Π/Π,доля транс в ТНП,[12094]·[12145] / [12001],0;0,12094;12145,0,12001,,,0,0
12126,11,Π/Π,доля транс в ВПК,[12094]·[12146] / [12001],0;0,12094;12146,0,12001,,,0,0
12127,11,Π/Π,доля транс в уголь,[12094]·[12147] / [12001],0;0,12094;12147,0,12001,,,0,0
12128,11,Π/Π,доля транс в нефть,[12094]·[12148] / [12001],0;0,12094;12148,0,12001,,,0,0
12129,11,Π/Π,доля транс в газпром,[12094]·[12149] / [12001],0;0,12094;12149,0,12001,,,0,0
12130,11,Π/Π,доля транс в эл-энерг,[12094]·[12150] / [12001],0;0,12094;12150,0,12001,,,0,0
12131,11,Π/Π,доля транс в пищев пром,[12094]·[12151] / [12001],0;0,12094;12151,0,12001,,,0,0
12132,11,Π/Π,доля транс в транспорт,[12094]·[12152] / [12001],0;0,12094;12152,0,12001,,,0,0
12133,11,Π/Π,доля транс проч пром,[12094]·[12153] / [12001],0;0,12094;12153,0,12001,,,0,0
12134,11,Π/Π,доля транс на экспорт,[12094]·[12154] / [12001],0;0,12094;12154,0,12001,,,0,0
12135,11,Π/Π,доля транс в бюджет,[12094]·[12155] / [12001],0;0,12094;12155,0,12001,,,0,0
12136,11,Π/Π,доля транс в торг,[12094]·[12156] / [12001],0;0,12094;12156,0,12001,,,0,0
12137,9,Π,поток возврата долгов проставщикам,[12138]·[99],0;0,12138;99,,,,,0,0
12138,2,уставка·Σ,коэф уменьшения возврата долгов поставщикам сырья,0·(1·[12139]),0,12138,,,1,12139,0,1
12139,7,min,требуемый поток возврата долгов поставщикам сырья,"min([12095], [12410])",0;0,12095;12410,,,,,0,0
12141,4,1/(Tp+1)·g,спрос на транс в сырье,"clip(1·(1·[1272]), 0.5, 1)",1,0,1;0.5,0;0,1,1272,0.0998,0
12142,4,1/(Tp+1)·g,спрос на транс из маш,"clip(1·(1·[2272]), 0.1, 1)",1,0,1;0.1,0;0,1,2272,0.0997448,0
12143,4,1/(Tp+1)·g,спрос на транс из строит,"clip(1·(1·[3272]), 0.1, 1)",1,0,1;0.1,0;0,1,3272,0.0300132,0
12144,4,1/(Tp+1)·g,спрос на транс   из с-х,"clip(1·(1·[4272]), 0.1, 1)",1,0,1;0.1,0;0,1,4272,0.0999355,0
12145,4,1/(Tp+1)·g,спрос на транс   из ТНП,"clip(1·(1·[5272]), 0.1, 1)",1,0,1;0.1,0;0,1,5272,0.0199812,0
12146,4,1/(Tp+1)·g,спрос на транс   из ВПК,"clip(1·(1·[6272]), 0.1, 1)",1,0,1;0.1,0;0,1,6272,0.0198312,0
12147,4,1/(Tp+1)·g,спрос на транс  в угле,"clip(1·(1·[7272]), 0.5, 1)",1,0,1;0.5,0;0,1,7272,0.149667,0
12148,4,1/(Tp+1)·g,спрос на транс из нефти,"clip(1·(1·[8272]), 0.1, 1)",1,0,1;0.1,0;0,1,8272,0.0599446,0
12149,4,1/(Tp+1)·g,спрос на транс   из газа,"clip(1·(1·[9272]), 0.1, 1)",1,0,1;0.1,0;0,1,9272,0.0599992,0
12150,4,1/(Tp+1)·g,спрос на транс из эл-энер,"clip(1·(0), 0.1, 1)",1,0,1;0.1,0;0,,,0,0
12151,4,1/(Tp+1)·g,спрос на транс   из пищев пром,"clip(1·(1·[11272]), 0.1, 1)",1,0,1;0.1,0;0,1,11272,0.0199853,0
12152,4,1/(Tp+1)·g,спрос на трансп  из транспорта,"clip(1·(0), 0.1, 1)",1,0,1;0.1,0;0,,,0,0
12153,4,1/(Tp+1)·g,спрос на трансп  из проч пром,"clip(1·(1·[13272]), 0.5, 1)",1,0,1;0.5,0;0,1,13272,0.0498769,0
12154,4,1/(Tp+1)·g,поставка трансп на  экспорт,"clip(1·(1·[12161]), 0.1, 1)",1,0,1;0.1,0;0,1,12161,0.1,0
12155,4,1/(Tp+1)·g,спрос на трансп в бюджет,"clip(1·(1·[272]), 0.1, 1)",1,0,1;0.1,0;0,1,272,0.394294,0
12156,4,1/(Tp+1)·g,спрос на трансп в торговлю,"clip(1·(1·[989]), 0.1, 1)",1,0,1;0.1,0;0,1,989,0.0609632,0
12157,1,Σ,возврат долгов от потребителей исходн сырья,1·[1407] + 1·[2407] + 1·[3407] + 1·[4407] + 1·[5407] + 1·[6407] + 1·[7407] + 1·[8407] + 1·[9407] + 1·[10407] + 1·[11407] + 1·[12407] + 1·[13407],,,,,1;1;1;1;1;1;1;1;1;1;1;1;1,1407;2407;3407;4407;5407;6407;7407;8407;9407;10407;11407;12407;13407,0,0
12158,1,Σ,возврат долгов через заем в банке оборотнго кредита потребителями исходн сырья,1·[1417] + 1·[2417] + 1·[3417] + 1·[4417] + 1·[5417] + 1·[6417] + 1·[7417] + 1·[8417] + 1·[9417] + 1·[10417] + 1·[11417] + 1·[12417] + 1·[13417],,,,,1;1;1;1;1;1;1;1;1;1;1;1;1,1417;2417;3417;4417;5417;6417;7417;8417;9417;10417;11417;12417;13417,0,0
12160,2,уставка·Σ,экспортная цена в дол,1·(65·1),1,12160,,,65,const,0,1
12161,7,min,заявка на экспорт в секторе сырья,"min([12171], [12163], [12162])",0;0;0,12171;12163;12162,,,,,0,0
12162,15,ключ,ограничение экспортаот низкой цены экспорта,(-1·1 + 1·[12164]) > 0 ? [1] : 0,,,0,1,-1;1,const;12164,0,0
12163,2,уставка·Σ,квота экспорта на сырье,50·(0.01·1),50,12163,,,0.01,const,0,1
12164,13,Σ/Π,доля экспорта сырья,(0.9·[12165]) / [12039]·[12166],,,0;0,12039;12166,0.9,12165,0,0
12165,9,Π,цена экспорта сырья в рубл,[12160]·[501],0;0,12160;501,,,,,0,0
12166,1,Σ,таможенный тариф на транспорт,1·1 + 1·[336],,,,,1;1,const;336,0,0
12167,10,Σ·[ref],экспортная выручка в рублевом выражении,(1.333·[12170])·[501],0,501,,,1.333,12170,0,0
12168,9,Π,объем уплаты тарифа,[12169]·[336],0;0,12169;336,,,,,0,0
12169,9,Π,экспортная выручка в долл,[12160]·[12134],0;0,12160;12134,,,,,0,0
12170,10,Σ·[ref],предлож долл от экспортной выручки на бирже,(1.25·[12176])·[530],0,530,,,1.25,12176,0,0
12171,2,уставка·Σ,,10·(0.01·1),10,12171,,,0.01,const,0,1
12173,1,Σ,остаток экспортн выр в дол после продажи необх доли выручки на бирже,1.25·[12176] + -1·[12170],,,,,1.25;-1,12176;12170,0,0
12174,5,∫ с пределами,дол накопления в секторе,"∫(1·[12173] + -1·[12199]) dt, x0=1, pa1=0, hi=1e+06",1;0,0;0,1e+06,0,1;-1,12173;12199,357.875,0
12175,9,Π,дол из чистой прибыли на закупку Фа,[12015]·[527],0;0,12015;527,,,,,0,0
12176,1,Σ,экспортн выр после уплаты таможенных сборов,1·[12169] + -1·[12168],,,,,1;-1,12169;12168,0,0
12197,9,Π,расх на импортн Фа  в рублевом выражении,[12199]·[501],0;0,12199;501,,,,,0,0
12198,2,уставка·Σ,степень интенс расхода накопления инвалюты для импорта Фа,0.4·(1·[12174]),0.4,12198,,,1,12174,0,1
12199,15,ключ,вкл инвал накоплений для импорта Фа,(1·[12075] + -10·[12015]) > 0 ? [12198] : 0,,,0,12198,1;-10,12075;12015,0,0
12200,1,Σ,суммарные рубли за куплен импортн Фа,1·[12175] + 1·[12197],,,,,1;1,12175;12197,0,0
12201,2,уставка·Σ,К импорта в сектор,10·(0.01·1),10,12201,,,0.01,const,0,1
12202,9,Π,спрос сектора на валюту для импорта сырья,[12007]·[12201]·[412]·[472],0;0;0;0,12007;12201;412;472,,,,,0,0
12203,14,clip Σ,степень наличия исходн импортного сырья для производства,"clip(10·[12204], 0, 1)",0,0,1,0,10,12204,0,0
12204,5,∫ с пределами,накоплено импортного сырья в секторе,"∫(1·[12209] + -1·[12210]) dt, x0=1, pa1=0.01, hi=1e+07",1;0.01,0;0,1e+07,0,1;-1,12209;12210,2.65506,0
12205,9,Π,заявка на дол для сырья с учетом фин возможностей,[12202]·[12059],0;0,12202;12059,,,,,0,0
12206,7,min,реадьно полученные дол для импорта сырья,"min([12207], [12202])",0;0,12207;12202,,,,,0,0
12207,9,Π,степень удовлетворения в дол для закупки сырья,[527]·[12205],0;0,527;12205,,,,,0,0
12208,9,Π,поток тарифа в бюджет за импорт сырья,[12206]·[452],0;0,12206;452,,,,,0,0
12209,13,Σ/Π,поток закупленного импортного сырья,(1·[12206] + -1·[12208]) / [412],,,0,412,1;-1,12206;12208,0,0
12210,9,Π,поток расхода импортного сырья,[12201]·[12007],0;0,12201;12007,,,,,0,0
12211,2,уставка·Σ,К сырья в сектор,0.01·(1·1),0.01,12211,,,1,const,0,1
12212,11,Π/Π,спрос сектора на исходный продукт,[12011]·[12211]·[12471] / [12219]·[12219]·[12219],0;0;0,12011;12211;12471,0;0;0,12219;12219;12219,,,0,0
12213,14,clip Σ,степень наличия исходн продуктов для производства,"clip(5·[12214], 0, 1)",0,0,1,0,5,12214,0,0
12214,11,Π/Π,степень наличия исходных продуктов,[12219] / [12004],0,12219,0,12004,,,0,0
12215,5,∫ с пределами,сумма долга поставщику исх прод,"∫(1·[12218] + -1·[12401] + -1·[12411]) dt, x0=1, pa1=0, hi=1e+07",1;0,0;0,1e+07,0,1;-1;-1,12218;12401;12411,0,0
12216,1,Σ,реальные текущие мат затраты на оплату конкретн исх прод,1·[12217] + -1·[12218],,,,,1;-1,12217;12218,0,0
12217,9,Π,1ребуемые текущие мат затраты по конкретн поставке,[12292]·[1039],0;0,12292;1039,,,,,0,0
12218,9,Π,степень недостаточности финансовых средств,[12217]·[12060],0;0,12217;12060,,,,,0,0
12219,5,∫ с пределами,склад исходной продукции,"∫(-1·[12220] + 1·[12292]) dt, x0=50, pa1=0.001, hi=1e+06",50;0.001,0;0,1e+06,0,-1;1,12220;12292,1.00001,0
12220,9,Π,поток расходов исходного продукта,[12211]·[12007],0;0,12211;12007,,,,,0,0
12221,2,уставка·Σ,К угля в сектор,0.05·(1·1),0.05,12221,,,1,const,0,1
12222,11,Π/Π,спрос сектора на исходный продукт,[12011]·[12221]·[12472] / [12229]·[12229]·[12229],0;0;0,12011;12221;12472,0;0;0,12229;12229;12229,,,0,0
12223,14,clip Σ,степень наличия исходн продуктов для производства,"clip(5·[12224], 0, 1)",0,0,1,0,5,12224,0,0
12224,11,Π/Π,степень наличия исходных продуктов,[12229] / [12004],0,12229,0,12004,,,0,0
12225,5,∫ с пределами,сумма долга поставщику исх прод,"∫(1·[12228] + -1·[12402] + -1·[12412]) dt, x0=1, pa1=0, hi=1e+07",1;0,0;0,1e+07,0,1;-1;-1,12228;12402;12412,0,0
12226,1,Σ,реалбные текущие мат затраты на оплату конкретн исх прод,1·[12227] + -1·[12228],,,,,1;-1,12227;12228,0,0
12227,9,Π,требуемые текущие мат затраты по конкретн поставке,[12293]·[7039],0;0,12293;7039,,,,,0,0
12228,9,Π,степень недостаточности финансовых средств,[12227]·[12060],0;0,12227;12060,,,,,0,0
12229,5,∫ с пределами,склад исходной продукции,"∫(-1·[12230] + 1·[12293]) dt, x0=50, pa1=0.001, hi=1e+06",50;0.001,0;0,1e+06,0,-1;1,12230;12293,0.999982,0
12230,9,Π,поток расходов исходного продукта,[12221]·[12007],0;0,12221;12007,,,,,0,0
12231,2,уставка·Σ,К газа в сектор,0·(1·1),0,12231,,,1,const,0,1
12232,12,Π/Σ,спрос сектора на исходный продукт,[12011]·[12231]·[12473] / (0.001·1 + 1·[12234]),0;0;0,12011;12231;12473,,,0.001;1,const;12234,0,0
12233,14,clip Σ,степень наличия исходн продуктов для производства,"clip(5·[12234], 0, 1)",0,0,1,0,5,12234,0,0
12234,4,1/(Tp+1)·g,степень наличия исходных продуктов,"clip(1·(1·[12239]), 0.1, 1)",1,0,1;0.1,0;0,1,12239,0,0
12235,5,∫ с пределами,сумма долга поставщику исх прод,"∫(1·[12238] + -1·[12403] + -1·[12413]) dt, x0=1, pa1=0, hi=1e+07",1;0,0;0,1e+07,0,1;-1;-1,12238;12403;12413,0,0
12236,1,Σ,реалбные текущие мат затраты на оплату конкретн исх прод,1·[12237] + -1·[12238],,,,,1;-1,12237;12238,0,0
12237,9,Π,требуемые текущие мат затраты по конкретн поставке,[12294]·[9039],0;0,12294;9039,,,,,0,0
12238,9,Π,степень недостаточности финансовых средств,[12237]·[12060],0;0,12237;12060,,,,,0,0
12239,12,Π/Σ,склад исходной продукции,[12294] / (1e-07·1 + 1·[12240]),0,12294,,,1e-07;1,const;12240,0,0
12240,9,Π,поток расходов исходного продукта,[12231]·[12007],0;0,12231;12007,,,,,0,0
12241,2,уставка·Σ,К электр в сектор,0.04·(1·1),0.04,12241,,,1,const,0,1
12242,12,Π/Σ,спрос сектора на исходный продукт,[12011]·[12241]·[12474] / (0.001·1 + 1·[12244]),0;0;0,12011;12241;12474,,,0.001;1,const;12244,0,0
12243,14,clip Σ,степень наличия исходн продуктов для производства,"clip(5·[12244], 0, 1)",0,0,1,0,5,12244,0,0
12244,4,1/(Tp+1)·g,степень наличия исходных продуктов,"clip(1·(1·[12249]), 0.1, 1)",1,0,1;0.1,0;0,1,12249,0.999448,0
12245,5,∫ с пределами,сумма долга поставщику исх прод,"∫(1·[12248] + -1·[12404] + -1·[12414]) dt, x0=1, pa1=0, hi=1e+07",1;0,0;0,1e+07,0,1;-1;-1,12248;12404;12414,0,0
12246,1,Σ,реалбные текущие мат затраты на оплату конкретн исх прод,1·[12247] + -1·[12248],,,,,1;-1,12247;12248,0,0
12247,9,Π,требуемые текущие мат затраты по конкретн поставке,[12295]·[10039],0;0,12295;10039,,,,,0,0
12248,9,Π,степень недостаточности финансовых средств,[12247]·[12060],0;0,12247;12060,,,,,0,0
12249,12,Π/Σ,склад исходной продукции,[12295] / (1e-07·1 + 1·[12250]),0,12295,,,1e-07;1,const;12250,0,0
12250,9,Π,8оток расходов исходного продукта,[12241]·[12007],0;0,12241;12007,,,,,0,0
12251,2,уставка·Σ,К нефти в сектор,0.14·(1·1),0.14,12251,,,1,const,0,1
12252,11,Π/Π,спрос сектора на исходный продукт,[12011]·[12251]·[12475] / [12259]·[12259]·[12259],0;0;0,12011;12251;12475,0;0;0,12259;12259;12259,,,0,0
12253,14,clip Σ,степень наличия исходн продуктов для производства,"clip(5·[12254], 0, 1)",0,0,1,0,5,12254,0,0
12254,11,Π/Π,степень наличия исходных продуктов,[12259] / [12004],0,12259,0,12004,,,0,0
12255,5,∫ с пределами,сумма долга поставщику исх прод,"∫(1·[12258] + -1·[12405] + -1·[12415]) dt, x0=1, pa1=0, hi=1e+07",1;0,0;0,1e+07,0,1;-1;-1,12258;12405;12415,0,0
12256,1,Σ,реалбные текущие мат затраты на оплату конкретн исх прод,1·[12257] + -1·[12258],,,,,1;-1,12257;12258,0,0
12257,9,Π,требуемые текущие мат затраты по конкретн поставке,[12296]·[8039],0;0,12296;8039,,,,,0,0
12258,9,Π,степень недостаточности финансовых средств,[12257]·[12060],0;0,12257;12060,,,,,0,0
12259,5,∫ с пределами,склад исходной продукции,"∫(-1·[12260] + 1·[12296]) dt, x0=50, pa1=0.001, hi=1e+06",50;0.001,0;0,1e+06,0,-1;1,12260;12296,0.999997,0
12260,9,Π,поток расходов исходного продукта,[12251]·[12007],0;0,12251;12007,,,,,0,0
12261,2,уставка·Σ,К прочих в сектор,0·(1·1),0,12261,,,1,const,0,1
12262,11,Π/Π,спрос сектора на исходный продукт,[12011]·[12261]·[12476] / [12269]·[12269]·[12269],0;0;0,12011;12261;12476,0;0;0,12269;12269;12269,,,0,0
12263,14,clip Σ,степень наличия исходн продуктов для производства,"clip(5·[12264], 0, 1)",0,0,1,0,5,12264,0,0
12264,11,Π/Π,степень наличия исходных продуктов,[12269] / [12004],0,12269,0,12004,,,0,0
12265,5,∫ с пределами,сумма долга поставщику исх прод,"∫(1·[12268] + -1·[12406] + -1·[12416]) dt, x0=1, pa1=0, hi=1e+07",1;0,0;0,1e+07,0,1;-1;-1,12268;12406;12416,0,0
12266,1,Σ,реалбные текущие мат затраты на оплату конкретн исх прод,1·[12267] + -1·[12268],,,,,1;-1,12267;12268,0,0
12267,9,Π,13ебуемые текущие мат затраты по конкретн поставке,[12297]·[13039],0;0,12297;13039,,,,,0,0
12268,9,Π,степень недостаточности финансовых средств,[12267]·[12060],0;0,12267;12060,,,,,0,0
12269,5,∫ с пределами,склад исходной продукции,"∫(-1·[12270] + 1·[12297]) dt, x0=50, pa1=0.001, hi=1e+06",50;0.001,0;0,1e+06,0,-1;1,12270;12297,1.09,0
12270,9,Π,поток расходов исходного продукта,[12261]·[12007],0;0,12261;12007,,,,,0,0
12271,2,уставка·Σ,К трансп в сектор,0·(1·1),0,12271,,,1,const,0,1
12272,12,Π/Σ,спрос сектора на исходный продукт,[12011]·[12271]·[12477] / (0.001·1 + 1·[12274]),0;0;0,12011;12271;12477,,,0.001;1,const;12274,0,0
12273,14,clip Σ,степень наличия исходн продуктов для производства,"clip(5·[12274], 0, 1)",0,0,1,0,5,12274,0,0
12274,4,1/(Tp+1)·g,степень наличия исходных продуктов,"clip(1·(1·[12279]), 0.1, 1)",1,0,1;0.1,0;0,1,12279,8.40779e-45,0
12275,5,∫ с пределами,сумма долга поставщику исх прод,"∫(1·[12278] + -1·[12407] + -1·[12417]) dt, x0=1, pa1=0, hi=1e+07",1;0,0;0,1e+07,0,1;-1;-1,12278;12407;12417,0,0
12276,1,Σ,реалбные текущие мат затраты на оплату конкретн исх прод,1·[12277] + -1·[12278],,,,,1;-1,12277;12278,0,0
12277,9,Π,требуемые текущие мат затраты по конкретн поставке,[12298]·[12039],0;0,12298;12039,,,,,0,0
12278,9,Π,степень недостаточности финансовых средств,[12277]·[12060],0;0,12277;12060,,,,,0,0
12279,12,Π/Σ,склад исходной продукции,[12298] / (1e-07·1 + 1·[12280]),0,12298,,,1e-07;1,const;12280,0,0
12280,9,Π,поток расходов исходного продукта,[12271]·[12007],0;0,12271;12007,,,,,0,0
12285,2,уставка·Σ,,0·(1·1),0,12285,,,1,const,0,1
12290,2,уставка·Σ,,0.01·(1·1),0.01,0,,,1,const,0,0
12292,1,Σ,,1·[1132],,,,,1,1132,0,0
12293,1,Σ,,1·[7132],,,,,1,7132,0,0
12294,1,Σ,,1·[9132],,,,,1,9132,0,0
12295,1,Σ,,1·[10132],,,,,1,10132,0,0
12296,1,Σ,,1·[8132],,,,,1,8132,0,0
12297,1,Σ,,1·[13132],,,,,1,13132,0,0
12298,1,Σ,,1·[12132],,,,,1,12132,0,0
12299,2,уставка·Σ,максим уровень долга поставщику сырья при котором берут кредит,10·(1·1),10,12299,,,1,const,0,1
12301,14,clip Σ,формир отключ поставок сырья при длительной их неоплате,"clip(1·[12217], 0.0001, 1e+07)",0.0001,0,1e+07,0,1,12217,0,0
12302,11,Π/Π,формир отключ поставок сырья при длительной их неоплате,[12215] / [12301],0,12215,0,12301,,,0,0
12303,15,ключ,формир отключ поставок сырья при длительной их неоплате,(-1·[12302] + 1·[1400]) > 0 ? [1] : 0,,,0,1,-1;1,12302;1400,0,0
12306,14,clip Σ,формир отключ поставок сырья при длительной их неоплате,"clip(1·[1227], 0.0001, 1e+07)",0.0001,0,1e+07,0,1,1227,0,0
12307,11,Π/Π,формир отключ поставок сырья при длительной их неоплате,[12225] / [12306],0,12225,0,12306,,,0,0
12308,15,ключ,формир отключ поставок сырья при длительной их неоплате,(-1·[12307] + 1·[7400]) > 0 ? [1] : 0,,,0,1,-1;1,12307;7400,0,0
12311,14,clip Σ,формир отключ поставок сырья при длительной их неоплате,"clip(1·[1237], 0.0001, 1e+07)",0.0001,0,1e+07,0,1,1237,0,0
12312,11,Π/Π,формир отключ поставок сырья при длительной их неоплате,[12235] / [12311],0,12235,0,12311,,,0,0
12313,15,ключ,формир отключ поставок сырья при длительной их неоплате,(-1·[12312] + 1·[9400]) > 0 ? [1] : 0,,,0,1,-1;1,12312;9400,0,0
12316,14,clip Σ,формир отключ поставок сырья при длительной их неоплате,"clip(1·[1247], 0.0001, 1e+07)",0.0001,0,1e+07,0,1,1247,0,0
12317,11,Π/Π,формир отключ поставок сырья при длительной их неоплате,[12245] / [12316],0,12245,0,12316,,,0,0
12318,15,ключ,формир отключ поставок сырья при длительной их неоплате,(-1·[12317] + 1·[10400]) > 0 ? [1] : 0,,,0,1,-1;1,12317;10400,0,0
12321,14,clip Σ,формир отключ поставок сырья при длительной их неоплате,"clip(1·[1257], 0.0001, 1e+07)",0.0001,0,1e+07,0,1,1257,0,0
12322,11,Π/Π,формир отключ поставок сырья при длительной их неоплате,[12255] / [12321],0,12255,0,12321,,,0,0
12323,15,ключ,формир отключ поставок сырья при длительной их неоплате,(-1·[12322] + 1·[8400]) > 0 ? [1] : 0,,,0,1,-1;1,12322;8400,0,0
12326,14,clip Σ,формир отключ поставок сырья при длительной их неоплате,"clip(1·[1267], 0.0001, 1e+07)",0.0001,0,1e+07,0,1,1267,0,0
12327,11,Π/Π,формир отключ поставок сырья при длительной их неоплате,[12265] / [12326],0,12265,0,12326,,,0,0
12328,15,ключ,формир отключ поставок сырья при длительной их неоплате,(-1·[12327] + 1·[13400]) > 0 ? [1] : 0,,,0,1,-1;1,12327;13400,0,0
12331,14,clip Σ,формир отключ поставок сырья при длительной их неоплате,"clip(1·[1277], 0.0001, 1e+07)",0.0001,0,1e+07,0,1,1277,0,0
12332,11,Π/Π,формир отключ поставок сырья при длительной их неоплате,[12275] / [12331],0,12275,0,12331,,,0,0
12333,15,ключ,формир отключ поставок сырья при длительной их неоплате,(-1·[12332] + 1·[12400]) > 0 ? [1] : 0,,,0,1,-1;1,12332;12400,0,0
12362,14,clip Σ,подключение депозитов для погашения долгов поставщикам сырья,"clip(-1·1 + 1·[12410], 0, 1e+06)",0,0,1e+06,0,-1;1,const;12410,0,0
12363,2,уставка·Σ,предельная величина максим долга при котором прекращаются инвестиц расходы,5·(1·1),5,12363,,,1,const,0,1
12364,8,max,выбор максимального долга за сырье,"max([12215], [12225], [12235], [12245], [12255], [12265], [12275], [12285])",0;0;0;0;0;0;0;0,12215;12225;12235;12245;12255;12265;12275;12285,,,,,0,0
12365,15,ключ,выключение инвестиций при необходимости платить долги поставщикам сырья,(1·[12363] + -1·[12364]) > 0 ? [12065] : 0,,,0,12065,1;-1,12363;12364,0,0
12366,15,ключ,выключ инвестиций в оплату долгов поставщикам сырья,(-1·[12363] + 1·[12364]) > 0 ? [12065] : 0,,,0,12065,-1;1,12363;12364,0,0
12367,1,Σ,поток денег из депозита и инвестиций для погашения долга поставщикам сырья,1·[12366] + 1·[12086],,,,,1;1,12366;12086,0,0
12400,2,уставка·Σ,предельная величина неоплаты поставок сырья при которой еще сохраняется поставка,1·(1·1),1,12400,,,1,const,0,1
12401,11,Π/Π,возврат долга за поставку сырья из прибыли,[12215]·[12117] / [12410],0;0,12215;12117,0,12410,,,0,0
12402,11,Π/Π,возврат долга за поставку сырья из прибыли,[12225]·[12117] / [12410],0;0,12225;12117,0,12410,,,0,0
12403,11,Π/Π,возврат долга за поставку сырья из прибыли,[12235]·[12117] / [12410],0;0,12235;12117,0,12410,,,0,0
12404,11,Π/Π,возврат долга за поставку сырья из прибыли,[12245]·[12117] / [12410],0;0,12245;12117,0,12410,,,0,0
12405,11,Π/Π,возврат долга за поставку сырья из прибыли,[12255]·[12117] / [12410],0;0,12255;12117,0,12410,,,0,0
12406,11,Π/Π,возврат долга за поставку сырья из прибыли,[12265]·[12117] / [12410],0;0,12265;12117,0,12410,,,0,0
12407,11,Π/Π,возврат долга за поставку сырья из прибыли,[12275]·[12117] / [12410],0;0,12275;12117,0,12410,,,0,0
12410,14,clip Σ,сумма всех долгов за поставку сырья,"clip(1·[12215] + 1·[12225] + 1·[12235] + 1·[12245] + 1·[12255] + 1·[12265] + 1·[12275], 0.001, 1e+08)",0.001,0,1e+08,0,1;1;1;1;1;1;1,12215;12225;12235;12245;12255;12265;12275,0,0
12411,11,Π/Π,возврат долга за поставку сырья из прибыли,[12421]·[12441] / [12420],0;0,12421;12441,0,12420,,,0,0
12412,11,Π/Π,возврат долга за поставку сырья из прибыли,[12422]·[12441] / [12420],0;0,12422;12441,0,12420,,,0,0
12413,11,Π/Π,возврат долга за поставку сырья из прибыли,[12423]·[12441] / [12420],0;0,12423;12441,0,12420,,,0,0
12414,11,Π/Π,возврат долга за поставку сырья из прибыли,[12424]·[12441] / [12420],0;0,12424;12441,0,12420,,,0,0
12415,11,Π/Π,возврат долга за поставку сырья из прибыли,[12425]·[12441] / [12420],0;0,12425;12441,0,12420,,,0,0
12416,11,Π/Π,возврат долга за поставку сырья из прибыли,[12426]·[12441] / [12420],0;0,12426;12441,0,12420,,,0,0
12417,11,Π/Π,возврат долга за поставку сырья из прибыли,[12427]·[12441] / [12420],0;0,12427;12441,0,12420,,,0,0
12420,14,clip Σ,сумма всех долгов за поставку сырья,"clip(1·[12421] + 1·[12422] + 1·[12423] + 1·[12424] + 1·[12425] + 1·[12426] + 1·[12427], 0.001, 1e+08)",0.001,0,1e+08,0,1;1;1;1;1;1;1,12421;12422;12423;12424;12425;12426;12427,0,0
12421,14,clip Σ,потребность в оборотном кредите,"clip(1·[12215] + -1·[1299], 0, 1e+06)",0,0,1e+06,0,1;-1,12215;1299,0,0
12422,14,clip Σ,потребность в оборотном кредите,"clip(1·[12225] + -1·[7299], 0, 1e+06)",0,0,1e+06,0,1;-1,12225;7299,0,0
12423,14,clip Σ,потребность в оборотном кредите,"clip(1·[12235] + -1·[9299], 0, 1e+06)",0,0,1e+06,0,1;-1,12235;9299,0,0
12424,14,clip Σ,потребность в оборотном кредите,"clip(1·[12245] + -1·[10299], 0, 1e+06)",0,0,1e+06,0,1;-1,12245;10299,0,0
12425,14,clip Σ,потребность в оборотном кредите,"clip(1·[12255] + -1·[8299], 0, 1e+06)",0,0,1e+06,0,1;-1,12255;8299,0,0
12426,14,clip Σ,потребность в оборотном кредите,"clip(1·[12265] + -1·[13299], 0, 1e+06)",0,0,1e+06,0,1;-1,12265;13299,0,0
12427,14,clip Σ,потребность в оборотном кредите,"clip(1·[12275] + -1·[12299], 0, 1e+06)",0,0,1e+06,0,1;-1,12275;12299,0,0
12441,7,min,поток кредита из банка,"min([12452], [12445])",0;0,12452;12445,,,,,0,0
12442,5,∫ с пределами,текущий кредитный долг банку,"∫(1·[12441] + -1·[1097] + 1·[12443]) dt, x0=1, pa1=0, hi=1e+07",1;0,0;0,1e+07,0,1;-1;1,12441;1097;12443,0,0
12443,9,Π,поток процентов за выданный оборотный кредит,[12442]·[47],0;0,12442;47,,,,,0,0
12444,14,clip Σ,сигнал о возможности кредитования банком оборотных средств,"clip(-0.1·[12442] + 0.1·[12448], 0, 1)",0,0,1,0,-0.1;0.1,12442;12448,0,0
12445,9,Π,поток кредита оборотных средств выдаваемых банком,[12452]·[12444]·[12446],0;0;0,12452;12444;12446,,,,,0,0
12446,14,clip Σ,сигнал о том что норма прибыли больше ставки кредита,"clip(1·[12450], 0, 1)",0,0,1,0,1,12450,0,0
12447,1,Σ,формирование сигнала о возможности кредитования,1·1 + 1·[12450],,,,,1;1,const;12450,0,0
12448,9,Π,формиросание сигнала о возможности кредитования,[12449]·[12447],0;0,12449;12447,,,,,0,0
12449,2,уставка·Σ,коэф ликвидности основных фондов для возможности банковского кредитования,0.1·(0.1·[12063]),0.1,12449,,,0.1,12063,0,1
12450,2,уставка·Σ,учет превышения нормы проб над ставкой кредита для эффективности кредитования,3·(1·[12451]),3,0,,,1,12451,0,0
12451,11,Π/Π,превышение нормы прибыли стаки кркдита,[12058] / [47],0,12058,0,47,,,0,0
12452,9,Π,потребность в оборотном кредите,[12420]·[199],0;0,12420;199,,,,,0,0
12461,9,Π,сигнал о прекращении поставок сырья при неоплате ранее поставленного,[88]·[12303],0;0,88;12303,,,,,0,0
12462,9,Π,сигнал о прекращении поставок сырья при неоплате ранее поставленного,[88]·[12308],0;0,88;12308,,,,,0,0
12463,9,Π,сигнал о прекращении поставок сырья при неоплате ранее поставленного,[88]·[12313],0;0,88;12313,,,,,0,0
12464,9,Π,сигнал о прекращении поставок сырья при неоплате ранее поставленного,[88]·[12318],0;0,88;12318,,,,,0,0
12465,9,Π,сигнал о прекращении поставок сырья при неоплате ранее поставленного,[88]·[12323],0;0,88;12323,,,,,0,0
12466,9,Π,сигнал о прекращении поставок сырья при неоплате ранее поставленного,[88]·[12328],0;0,88;12328,,,,,0,0
12467,9,Π,сигнал о прекращении поставок сырья при неоплате ранее поставленного,[88]·[12333],0;0,88;12333,,,,,0,0
12471,1,Σ,включ сигнала о небходимости прекращения поставок сырья при отсутств их оплаты,1·[12461] + 1·[189],,,,,1;1,12461;189,0,0
12472,1,Σ,включ сигнала о небходимости прекращения поставок сырья при отсутств их оплаты,1·[12462] + 1·[189],,,,,1;1,12462;189,0,0
12473,1,Σ,включ сигнала о небходимости прекращения поставок сырья при отсутств их оплаты,1·[12463] + 1·[189],,,,,1;1,12463;189,0,0
12474,1,Σ,включ сигнала о небходимости прекращения поставок сырья при отсутств их оплаты,1·[12464] + 1·[189],,,,,1;1,12464;189,0,0
12475,1,Σ,включ сигнала о небходимости прекращения поставок сырья при отсутств их оплаты,1·[12465] + 1·[189],,,,,1;1,12465;189,0,0
12476,1,Σ,включ сигнала о небходимости прекращения поставок сырья при отсутств их оплаты,1·[12466] + 1·[189],,,,,1;1,12466;189,0,0
12477,1,Σ,включ сигнала о небходимости прекращения поставок сырья при отсутств их оплаты,1·[12467] + 1·[189],,,,,1;1,12467;189,0,0
12802,2,уставка·Σ,доход,1·(0.3361·[12026]),1,12802,,,0.3361,12026,0,1
12803,9,Π,сумма подоходн налога из соц группы,[12804]·[12811],0;0,12804;12811,,,,,0,0
12804,9,Π,масса подоходного налога,[12802]·[22],0;0,12802;22,,,,,0,0
12805,4,1/(Tp+1)·g,чистый доход,"clip(1·(1·[12802] + -1·[12806] + -1·[12804]), 0.1, 1)",1,0,1;0.1,0;0,1;-1;-1,12802;12806;12804,9.10489,0
12806,9,Π,другие платежи,[12802]·[21],0;0,12802;21,,,,,0,0
12807,9,Π,другие платежи,[12806]·[12811],0;0,12806;12811,,,,,0,0
12808,9,Π,спрос соц группы на услуги,[12874]·[12811],0;0,12874;12811,,,,,0,0
12809,9,Π,спрос на ТНП в социальной группе,[12860]·[12811],0;0,12860;12811,,,,,0,0
12810,9,Π,спрос на стоящ жилье в соц группе,[12844]·[12811],0;0,12844;12811,,,,,0,0
12811,2,уставка·Σ,количество человек в соц группе,1·(1·[12012]),1,12811,,,1,12012,0,1
12812,9,Π,формир фин возмож,[12828]·[12828],0;0,12828;12828,,,,,0,0
12814,10,Σ·[ref],формир финан возм,(2.3·[12812])·[12815],0,12815,,,2.3,12812,0,0
12815,5,∫ с пределами,денежные накопления,"∫(1·[12816] + -1·[12814] + -1·[12870]) dt, x0=1, pa1=0.001, hi=100000",1;0.001,0;0,100000,0,1;-1;-1,12816;12814;12870,3.60366,0
12816,11,Π/Π,формир денежн накоплений,[12838]·[12838]·[12805] / [12819]·[12819],0;0;0,12838;12838;12805,0;0,12819;12819,,,0,0
12817,11,Π/Π,формир соц напряженности,[12815] / [12818],0,12815,0,12818,,,0,0
12818,4,1/(Tp+1)·g,финансовые возможности,"clip(1·(1·[12805] + 1·[12814] + -1·[12816]), 0.1, 1)",1,0,1;0.1,0;0,1;1;-1,12805;12814;12816,9.00053,0
12819,1,Σ,формирование денежн накоплений,1·1 + 1·[12838],,,,,1;1,const;12838,0,0
12820,1,Σ,расходы на ТНП Услуги и Досуг,1·[12818] + -1·[12821],,,,,1;-1,12818;12821,0,0
12821,9,Π,расходы на ПП и Жилье,[12831]·[12818],0;0,12831;12818,,,,,0,0
12822,12,Π/Σ,расходы на ПП,[12828]·[12821] / (1·[12828] + 1·[12836]),0;0,12828;12821,,,1;1,12828;12836,0,0
12823,14,clip Σ,расходы на жилье,"clip(1·[12821] + -1·[12822] + -1·[70], 0.01, 1e+07)",0.01,0,1e+07,0,1;-1;-1,12821;12822;70,0,0
12824,2,уставка·Σ,масштабир цены ПП в соц гр,0.08·(1·[4197]),0.08,0,,,1,4197,0,0
12825,12,Π/Σ,формир доли на ПП,[12824] / (0.001·1 + 0.2·[12822]),0,12824,,,0.001;0.2,const;12822,0,0
12826,11,Π/Π,спрос соц группы на ПП,[12811]·[12822] / [12824],0;0,12811;12822,0,12824,,,0,0
12827,12,Π/Σ,формир доли на ПП,[12825] / (1·[12825] + 1·[12822]),0,12825,,,1;1,12825;12822,0,0
12828,4,1/(Tp+1)·g,формир доли на ПП,"clip(1·(1·[12827]), 0.1, 1)",1,0,1;0.1,0;0,1,12827,0.383614,0
12829,14,clip Σ,,"clip(1·1 + -4·[12832], 0, 1)",0,0,1,0,1;-4,const;12832,0,0
12830,11,Π/Π,спрос на ПП,[12822] / [12824],0,12822,0,12824,,,0,0
12831,14,clip Σ,формир доли на ПП и Жил,"clip(1·[12828] + 1·[12836], 0, 1)",0,0,1,0,1;1,12828;12836,0,0
12832,14,clip Σ,формир доли на Жил,"clip(-0.5·1 + 1·[12828], 0, 100)",0,0,100,0,-0.5;1,const;12828,0,0
12833,1,Σ,формир доли на Жил,1·1 + 1·[12832],,,,,1;1,const;12832,0,0
12834,23,?23,формир доли на Жил,?23(1·[12833]; 10),10,0,,,1,12833,0,0
12835,11,Π/Π,доля на жилье,[12857] / [12834],0,12857,0,12834,,,0,0
12836,12,Π/Σ,доля на Жил,[12835] / (1·1 + 5·[12835]),0,12835,,,1;5,const;12835,0,0
12837,14,clip Σ,всего расходов на ТНП и др,"clip(1·[12820] + -1·[12856], 0, 1000)",0,0,1000,0,1;-1,12820;12856,0,0
12838,1,Σ,уровень жизни,1·1 + -1·[12828],,,,,1;-1,const;12828,0,0
12839,12,Π/Σ,натуральный спрос на покупку жилья (удовлетворенный),[12844] / (0.01·1 + 1·[12842]),0,12844,,,0.01;1,const;12842,0,0
12840,2,уставка·Σ,коэф перевода года в мес,1·(1·[12823]),1,0,,,1,12823,0,0
12841,11,Π/Π,спрос на строит жилья,[12840]·[12840] / [12842]·[12842],0;0,12840;12840,0;0,12842;12842,,,0,0
12842,2,уставка·Σ,цена строящ жилья,1·(1·[3120]),1,0,,,1,3120,0,0
12843,12,Π/Σ,доля на покупку жилья,[12848]·[12849]·[12841]·[12829] / (0.1·1 + 1·[12841]),0;0;0;0,12848;12849;12841;12829,,,0.1;1,const;12841,0,0
12844,9,Π,расходы на покупку жилья,[12823]·[12843],0;0,12823;12843,,,,,0,0
12845,14,clip Σ,расходы на наем жилья,"clip(1·[12823] + -1·[12844], 0, 1e+07)",0,0,1e+07,0,1;-1,12823;12844,0,0
12846,12,Π/Σ,формиров доли расходов на покупку жилья,[12853] / (1·[12842] + 1·[12853]),0,12853,,,1;1,12842;12853,0,0
12847,12,Π/Σ,формир доли расходов на покупку жилья,[12853] / (20·[12892]),0,12853,,,20,12892,0,0
12848,4,1/(Tp+1)·g,формир доли расх на жилье,"clip(1·(1·[12846]), 0.1, 1)",1,0,1;0.1,0;0,1,12846,0.353724,0
12849,4,1/(Tp+1)·g,формир доли расх на жилье,"clip(1·(1·[12847]), 0.1, 1)",1,0,1;0.1,0;0,1,12847,1,0
12850,9,Π,спрос на досуг в соц группы,[12811]·[12866]·[12837],0;0;0,12811;12866;12837,,,,,0,0
12851,5,∫ с пределами,куплено всего жилья,"∫(1·[12839] + -0.01·[12854]) dt, x0=1, pa1=0, hi=10000",1;0,0;0,10000,0,1;-0.01,12839;12854,8.49825,0
12852,12,Π/Σ,всего нанято жилья,[12845] / (0.1·[12853]),0,12845,,,0.1,12853,0,0
12853,2,уставка·Σ,цена найма жилья,1·(1·[3]),1,0,,,1,3,0,0
12854,12,Π/Σ,коэф амортизац купленного жилья,[12851] / (1·1 + 1.5·[12874]),0,12851,,,1;1.5,const;12874,0,0
12855,4,1/(Tp+1)·g,всего имеется жилья,"clip(2·(2·[12852] + 1·[12851]), 0.01, 1)",2,0,1;0.01,0;0,2;1,12852;12851,36.0213,0
12856,9,Π,поток уплаты налога за купленное жилье,[12851]·[12892],0;0,12851;12892,,,,,0,0
12857,11,Π/Π,отношение нормы жилья к имеещемуся,[12893] / [12855],0,12893,0,12855,,,0,0
12858,12,Π/Σ,качество жизни,[12866]·[400] / (1·[12857] + 1·[12828]),0;0,12866;400,,,1;1,12857;12828,0,0
12859,2,уставка·Σ,масшт спроса на аренду жилья для весов ценн в расходах,0.1·(1·[12852]),0.1,0,,,1,12852,0,0
12860,11,Π/Π,поток покупок ТНП,[12864]·[12837] / [12873]·[5150],0;0,12864;12837,0;0,12873;5150,,,0,0
12861,5,∫ с пределами,накоплено купленных ТНП,"∫(1·[12860] + -1·[12862]) dt, x0=0.5, pa1=1, hi=10000",0.5;1,0;0,10000,0,1;-1,12860;12862,22.7991,0
12862,12,Π/Σ,амортизация ТНП,[12861] / (10·1 + 20·[12874]),0,12861,,,10;20,const;12874,0,0
12863,2,уставка·Σ,всего имущества (ТНП+Жил),0.03·(1·[12861] + 1·[12855]),0.03,0,,,1;1,12861;12855,0,0
12864,12,Π/Σ,треб ТНП,[12855] / (0.01·1 + 0.4·[12861]),0,12855,,,0.01;0.4,const;12861,0,0
12865,12,Π/Σ,треб услуг,[12863] / (1·1 + 1·[12863]),0,12863,,,1;1,const;12863,0,0
12866,11,Π/Π,формир спроса на досуг,[12875]·[12837] / [12873]·[4]·[4]·[4],0;0,12875;12837,0;0;0;0,12873;4;4;4,,,0,0
12867,9,Π,объем потребляемых благ в соц сфере для формиров натуральн потребности в эл-эн,[12873]·[12811],0;0,12873;12811,,,,,0,0
12868,1,Σ,всего расходы на личное жилье (его приобретение и налог при его содержании),1·[1856] + 1·[1844],,,,,1;1,1856;1844,0,0
12870,14,clip Σ,уровень денежн нак при котором нчинается активное приобрет жилья,"clip(-3.5·1 + 1·[12815], 0, 1e+08)",0,0,1e+08,0,-3.5;1,const;12815,0,0
12871,2,уставка·Σ,Цдосуга,1.25·(1·1),1.25,0,,,1,const,0,0
12873,4,1/(Tp+1)·g,сумма потребностей в усл+досуге+ТНП,"clip(1·(1·[12864] + 1·[12865] + 1·[12875]), 0.01, 1)",1,0,1;0.01,0;0,1;1;1,12864;12865;12875,7.99263,0
12874,11,Π/Π,спрос на услуги,[12865]·[12837] / [5]·[12873],0;0,12865;12837,0;0,5;12873,,,0,0
12875,12,Π/Σ,поток услуг освобождающий время на досуг,[12874]·[12888] / (0.1·1 + 1·[12874]),0;0,12874;12888,,,0.1;1,const;12874,0,0
12876,11,Π/Π,вес цены блага в расходах соц группы,[12866]·[4]·[4] / [12818],0;0;0,12866;4;4,0,12818,,,0,0
12877,11,Π/Π,вес цены блага в расходах соц группы,[12874]·[5]·[5] / [12818],0;0;0,12874;5;5,0,12818,,,0,0
12878,11,Π/Π,вес цены блага в расходах соц группы,[12860]·[5150]·[5150] / [12818],0;0;0,12860;5150;5150,0,12818,,,0,0
12879,11,Π/Π,вес цены блага в расходах соц группы,[12859]·[3]·[3] / [12818],0;0;0,12859;3;3,0,12818,,,0,0
12880,11,Π/Π,вес цены блага в расходах соц группы,[12841]·[12842]·[12842] / [12818],0;0;0,12841;12842;12842,0,12818,,,0,0
12881,11,Π/Π,вес цены блага в расходах соц группы,[12826]·[12824]·[12824] / [12818]·[12811],0;0;0,12826;12824;12824,0;0,12818;12811,,,0,0
12885,12,Π/Σ,индекс социальной напряженности,[12887]·[12886] / (1·1 + 0.5·[12887]),0;0,12887;12886,,,1;0.5,const;12887,0,0
12886,1,Σ,формир потребн в досуге от соц напряж,1·1 + 2·[12005],,,,,1;2,const;12005,0,0
12887,12,Π/Σ,треб досуга,[1] / (5·[12858] + 1·[12817]),0,1,,,5;1,12858;12817,0,0
12888,4,1/(Tp+1)·g,треб досуга,"clip(1·(1·[12863] + 1·[12815]), 0.1, 1)",1,0,1;0.1,0;0,1;1,12863;12815,5.36824,0
12889,9,Π,накоплено денег в соц группе для возможной покупки дол,[12870]·[12811],0;0,12870;12811,,,,,0,0
12890,9,Π,уровень денежн накоплений насел при котором начинают покупать дол,[12815],0,12815,,,,,0,0
12891,1,Σ,сумма абсол знач весов цен благ соц гр,1·[12876] + 1·[12877] + 1·[12878] + 1·[12879] + 1·[12880] + 1·[12881],,,,,1;1;1;1;1;1,12876;12877;12878;12879;12880;12881,0,0
12892,2,уставка·Σ,ставка налога на жилье,1·(1·[7]),1,0,,,1,7,0,0
12893,2,уставка·Σ,норма жилья,10·(1·1),10,12893,,,1,const,0,1
12894,11,Π/Π,относит вес цены на ПП,[12881] / [12891],0,12881,0,12891,,,0,0
12895,11,Π/Π,относительный вес цены куплен жилья,[12880] / [12891],0,12880,0,12891,,,0,0
12896,11,Π/Π,относительный вес цены досуга,[12876] / [12891],0,12876,0,12891,,,0,0
12897,11,Π/Π,относительный вес цены услуг,[12877] / [12891],0,12877,0,12891,,,0,0
12898,11,Π/Π,относительный вес цены ТНП,[12878] / [12891],0,12878,0,12891,,,0,0
12899,11,Π/Π,относительный вес цены аренд жилья,[12879] / [12891],0,12879,0,12891,,,0,0
13001,14,clip Σ,реальн произв продукции,"clip(1·[13011], 0.2, 1.11111e+07)",0.2,0,1.11111e+07,0,1,13011,0,0
13002,4,1/(Tp+1)·g,потенц произв продукции,"clip(1·(1·[13011]), 0.1, 1)",1,0,1;0.1,0;0,1,13011,0.998026,0
13003,7,min,огранич в произв продукции,"min([13213], [13223], [13233], [13243], [13253], [13263], [13273], [13203])",0;0;0;0;0;0;0;0,13213;13223;13233;13243;13253;13263;13273;13203,,,,,0,0
13004,14,clip Σ,производство продукции,"clip(1·[13017], 0.001, 10000)",0.001,0,10000,0,1,13017,0,0
13005,12,Π/Σ,степень безработицы в секторе,[232]·[13030] / (0.0001·1 + 1·[13009]),0;0,232;13030,,,0.0001;1,const;13009,0,0
13006,9,Π,МЗ от импорта,[13206]·[501],0;0,13206;501,,,,,0,0
13007,7,min,всего реализовано продукции,"min([13001], [13004])",0;0,13001;13004,,,,,0,0
13008,4,1/(Tp+1)·g,материальные затраты,"clip(1·(1.5544·[13018]), 0.02, 1)",1,0,1;0.02,0;0,1.5544,13018,309.738,0
13009,10,Σ·[ref],требуется труда с учетом сменности и потребн в продукции,(0.1·[13093])·[13025],0,13025,,,0.1,13093,0,0
13010,12,Π/Σ,цена рыночная,[13116] / (0.2·1 + 0.8·[13004]),0,13116,,,0.2;0.8,const;13004,0,0
13011,10,Σ·[ref],потенциальное производство продукции,(0.2·[13080])·[13029],0,13029,,,0.2,13080,0,0
13012,2,уставка·Σ,подано труда,5·(1·1),5,13012,,,1,const,0,1
13013,11,Π/Π,расходы сект на Фп,[13365]·[13066] / [13072],0;0,13365;13066,0,13072,,,0,0
13014,11,Π/Π,расходы сект на Фа,[13365]·[13068] / [13072],0;0,13365;13068,0,13072,,,0,0
13015,11,Π/Π,количество прибыли для импортного оборудования,[13365]·[13075] / [13072],0;0,13365;13075,0,13072,,,0,0
13016,2,уставка·Σ,общее предложение труда в секторе производства,2·(1·[13012] + 1·[235]),2,0,,,1;1,13012;235,0,0
13017,4,1/(Tp+1)·g,,"clip(1·(1·[13011]), 0.02, 1)",1,0,1;0.02,0;0,1,13011,1,0
13018,1,Σ,сумма номинальных материальных затрат,1·[13006] + 1·[13217] + 1·[13227] + 1·[13237] + 1·[13247] + 1·[13257] + 1·[13267] + 1·[13277],,,,,1;1;1;1;1;1;1;1,13006;13217;13227;13237;13247;13257;13267;13277,0,0
13019,9,Π,цена сырья,[13037]·[13105],0;0,13037;13105,,,,,0,0
13020,2,уставка·Σ,ставка зарплаты,1·(1·1),1,13020,,,1,const,0,1
13021,1,Σ,условно средняя цена поставляемых новых фондов для их развития,0.5·[2039] + 0.5·[3039],,,,,0.5;0.5,2039;3039,0,0
13025,5,∫ с пределами,Ксменности,"∫(1·[13076] + -1·[13004]) dt, x0=0.25, pa1=0.2, hi=2.5",0.25;0.2,0;0,2.5,0,1;-1,13076;13004,0.997931,0
13026,13,Σ/Π,доход на одного в соц группе сырья,(1·[13052] + 1·[13032]) / [13029],,,0,13029,1;1,13052;13032,0,0
13027,2,уставка·Σ,вырукеа как сумма платежей потребителей продукции,2.3743·(1·[1266] + 1·[2266] + 1·[3266] + 1·[4266] + 1·[5266] + 1·[6266] + 1·[7266] + 1·[8266] + 1·[9266] + 1·[10266] + 1·[11266] + 1·[12266] + 1·[13266] + 1·[13157] + 1·[13158] + 1·[13167]),2.3743,0,,,1;1;1;1;1;1;1;1;1;1;1;1;1;1;1;1,1266;2266;3266;4266;5266;6266;7266;8266;9266;10266;11266;12266;13266;13157;13158;13167,0,0
13029,7,min,используется труда,"min([13016], [13009])",0;0,13016;13009,,,,,0,0
13030,14,clip Σ,безработица,"clip(1·[13012] + -1·[13029], 0, 100000)",0,0,100000,0,1;-1,13012;13029,0,0
13031,10,Σ·[ref],индексация зарплаты,(12·1)·[13020],0,13020,,,12,const,0,0
13032,9,Π,поток зарплаты,[13029]·[13031],0;0,13029;13031,,,,,0,0
13033,1,Σ,общие затраты,1·[13008] + 1·[13051] + 1·[13032],,,,,1;1;1,13008;13051;13032,0,0
13034,1,Σ,все затраты,1·[13033] + 1·[13055],,,,,1;1,13033;13055,0,0
13035,13,Σ/Π,себестоимость,(1·[13034]) / [13004],,,0,13004,1,13034,0,0
13036,9,Π,формирование цены,[13112]·[13113]·[13035],0;0;0,13112;13113;13035,,,,,0,0
13037,4,1/(Tp+1)·g,цена без НДС,"clip(0.57·(1·[13038] + 1·[13036]), 0.1, 1)",0.57,0,1;0.1,0;0,1;1,13038;13036,412.778,0
13038,9,Π,формирование рыночной цены (с учетом ее доли в общей цене),[13035]·[13112]·[13114],0;0;0,13035;13112;13114,,,,,0,0
13039,4,1/(Tp+1)·g,цена с НДС,"clip(1·(1·[13019]), 0.02, 1)",1,0,1;0.02,0;0,1,13019,438.379,0
13040,9,Π,выручка без НДС,[13037]·[13007],0;0,13037;13007,,,,,0,0
13041,4,1/(Tp+1)·g,сумма выручек внутренней и экспортной,"clip(1·(1·[997]), 0.02, 1)",1,0,1;0.02,0;0,1,997,55.7655,0
13042,2,уставка·Σ,сумма выручек внутренней и экспортной,1·(1·[13041] + 1·[13027] + 1·[373]),1,0,,,1;1;1,13041;13027;373,0,0
13043,14,clip Σ,добавленная стоимость,"clip(1·[13042] + -1·[13008], 0, 10000)",0,0,10000,0,1;-1,13042;13008,0,0
13044,14,clip Σ,балансовая прибыль,"clip(1·[13043] + -1·[13050] + -1·[13047] + -1·[13097] + -1·[13054] + -1·[13032] + -1·[13048] + -1·[13073] + -1·[13137], 0, 10000)",0,0,10000,0,1;-1;-1;-1;-1;-1;-1;-1;-1,13043;13050;13047;13097;13054;13032;13048;13073;13137,0,0
13045,4,1/(Tp+1)·g,чистая прибыль,"clip(1·(1·[13044] + -1·[13049]), 2, 1)",1,0,1;2,0;0,1;-1,13044;13049,287,0
13046,2,уставка·Σ,стоимость вводимых основных фондов,0.503·(1·[13078] + 1·[13079] + 1·[13200]),0.503,0,,,1;1;1,13078;13079;13200,0,0
13047,9,Π,поток НДС,[13043]·[24],0;0,13043;24,,,,,0,0
13048,9,Π,поток налога с выручки,[13042]·[23],0;0,13042;23,,,,,0,0
13049,9,Π,поток налога на прибыль,[25]·[13044],0;0,25;13044,,,,,0,0
13050,9,Π,поток налога на фонды,[13063]·[26],0;0,13063;26,,,,,0,0
13051,9,Π,амортизация в себестоимости,[13063]·[13064],0;0,13063;13064,,,,,0,0
13052,12,Π/Σ,доля прибыли в потребление,[13074]·[13045] / (5·1 + 1·[13074]),0;0,13074;13045,,,5;1,const;13074,0,0
13053,4,1/(Tp+1)·g,ФОТ,"clip(1·(1·[13052] + 1·[13032]), 2, 1)",1,0,1;2,0;0,1;1,13052;13032,310.409,0
13054,9,Π,налог на ФОТ,[13053]·[28],0;0,13053;28,,,,,0,0
13055,1,Σ,сумма налогов,1·[13054] + 1·[13050] + 1·[13048],,,,,1;1;1,13054;13050;13048,0,0
13056,4,1/(Tp+1)·g,инвестируемая прибыль,"clip(1·(1·[13045] + -1·[13052]), 0.01, 1)",1,0,1;0.01,0;0,1;-1,13045;13052,36.2677,0
13057,12,Π/Σ,норма прибыли,[13045] / (0.001·1 + 1·[13049] + 1·[13034]),0,13045,,,0.001;1;1,const;13049;13034,0,0
13058,4,1/(Tp+1)·g,степень финансовых возможностей,"clip(1·(1·[13057]), 0.1, 1)",1,0,1;0.1,0;0,1,13057,0.395374,0
13059,14,clip Σ,индекс финансовых возможностей,"clip(20·[13058], 0, 1)",0,0,1,0,20,13058,0,0
13060,14,clip Σ,степень недостаточности финансов,"clip(1·1 + -1·[13059], 0, 1)",0,0,1,0,1;-1,const;13059,0,0
13061,14,clip Σ,норма выплаты амортизации,"clip(1·[13056], 0, 1)",0,0,1,0,1,13056,0,0
13062,9,Π,реальный поток амортизации,[13061]·[13063]·[13064],0;0;0,13061;13063;13064,,,,,0,0
13063,5,∫ с пределами,стоимость производственных фондов,"∫(1·[13046] + -1·[13073]) dt, x0=0.1, pa1=0, hi=10000",0.1;0,0;0,10000,0,1;-1,13046;13073,450.003,0
13064,2,уставка·Σ,коэффициент амортизации,10·(0.01·1),10,13064,,,0.01,const,0,1
13065,2,уставка·Σ,всего инвестиций,1.243·(1·[13056] + 1·[13086] + 1·[13073]),1.243,0,,,1;1;1,13056;13086;13073,0,0
13066,2,уставка·Σ,доля строит в инвестициях,1·(1·1),1,13066,,,1,const,0,1
13067,11,Π/Π,расходы прибыли в строит,[13365]·[13066] / [13072]·[3039],0;0,13365;13066,0;0,13072;3039,,,0,0
13068,2,уставка·Σ,доля машиностроен в инвестиц,2.5·(1·1),2.5,13068,,,1,const,0,1
13069,11,Π/Π,расходы прибыли в машин,[13068]·[13365] / [2039]·[13072],0;0,13068;13365,0;0,2039;13072,,,0,0
13070,2,уставка·Σ,доля НИОКР в инвестиц,0.5·(1·1),0.5,13070,,,1,const,0,1
13071,2,уставка·Σ,доля депозита в инвестиц,0.5·(1·1),0.5,13071,,,1,const,0,1
13072,1,Σ,сумма долей распределения прибыли,1·[13066] + 1·[13068] + 1·[13070] + 1·[13071] + 1·[13075],,,,,1;1;1;1;1,13066;13068;13070;13071;13075,0,0
13073,7,min,реальные амортизационные выплаты,"min([13062], [13056])",0;0,13062;13056,,,,,0,0
13074,14,clip Σ,формирование доли прибыли в потребление,"clip(-5·1 + 100·[13058], 0.2, 100)",0.2,0,100,0,-5;100,const;13058,0,0
13075,2,уставка·Σ,доля прибыли для импорта Фа,0.5·(1·1),0.5,13075,,,1,const,0,1
13076,9,Π,,[13003]·[13116],0;0,13003;13116,,,,,0,0
13077,12,Π/Σ,отношение суммы налогов к добавленной стоимости,[13055] / (0.001·1 + 1·[13043]),0,13055,,,0.001;1,const;13043,0,0
13078,9,Π,стоимость вводимых  Фа,[2039]·[2133],0;0,2039;2133,,,,,0,0
13079,9,Π,стоимость вводимых  Фп,[3039]·[3133],0;0,3039;3133,,,,,0,0
13080,5,∫ с пределами,производительность труда,"∫(1·[13108] + 0·[13080]) dt, x0=1, pa1=0, hi=1e+06",1;0,0;0,1e+06,0,1;0,13108;13080,1.00005,0
13081,11,Π/Π,расходы прибыли в НИОКР,[13365]·[13070] / [13072],0;0,13365;13070,0,13072,,,0,0
13082,11,Π/Π,расходы прибыли в депозиты,[13365]·[13071] / [13072],0;0,13365;13071,0,13072,,,0,0
13083,3,∫,накопленный депозит,"∫(1·[13082] + 1·[13085] + -1·[13086]) dt, x0=0.001",0.001,0,,,1;1;-1,13082;13085;13086,4.62514,0
13084,14,clip Σ,степень возможностей депозита,"clip(100·[13083], 0, 1)",0,0,1,0,100,13083,0,0
13085,9,Π,самовозрастание депозита,[13083]·[230],0;0,13083;230,,,,,0,0
13086,9,Π,поток инвестиций из депозита,[13362]·[13084],0;0,13362;13084,,,,,0,0
13088,2,уставка·Σ,формир потока амортизац Фа,0.7572·(100·[2133] + 1·[843]),0.7572,0,,,100;1,2133;843,0,0
13089,5,∫ с пределами,количество Фа,"∫(1·[13088] + -1·[13090]) dt, x0=0.01, pa1=0.01, hi=10000",0.01;0.01,0;0,10000,0,1;-1,13088;13090,50.0019,0
13090,9,Π,реальная амортизация Фа,[13064]·[13004]·[13089],0;0;0,13064;13004;13089,,,,,0,0
13091,9,Π,поток амортизации Фп,[13064]·[13092],0;0,13064;13092,,,,,0,0
13092,5,∫ с пределами,количество Фп,"∫(172.41·[3133] + -1·[13091]) dt, x0=0.01, pa1=0.001, hi=10000",0.01;0.001,0;0,10000,0,172.41;-1,3133;13091,50,0
13093,12,Π/Σ,количество рабочих мест,[13092]·[13089] / (0.5·[13092] + 0.5·[13089]),0;0,13092;13089,,,0.5;0.5,13092;13089,0,0
13094,4,1/(Tp+1)·g,продукция для реализации,"clip(1·(1·[13007]), 0.1, 1)",1,0,1;0.1,0;0,1,13007,0.997975,0
13095,4,1/(Tp+1)·g,формиров возврата кредитов,"clip(1·(1·[13044]), 0.1, 1)",1,0,1;0.1,0;0,1,13044,409.713,0
13096,7,min,формиров возврата кредитов,"min([13095], [13442])",0;0,13095;13442,,,,,0,0
13097,2,уставка·Σ,темп возврата кредитов,0·(1·[13096]),0,13097,,,1,13096,0,1
13099,2,уставка·Σ,доли,1·(1·1),1,13099,,,1,const,0,1
13100,10,Σ·[ref],сумма инвестиционных средств для изменения производительности фондов,(0.0791·[13081] + 0.0791·[843])·[880],0,880,,,0.0791;0.0791,13081;843,0,0
13101,1,Σ,алгоритм НДС,1·1 + -1·[24],,,,,1;-1,const;24,0,0
13102,11,Π/Π,алгоритм НДС,[13104]·[24] / [13101]·[13103],0;0,13104;24,0;0,13101;13103,,,0,0
13103,14,clip Σ,формирование НДС,"clip(1·[13040], 0.01, 10000)",0.01,0,10000,0,1,13040,0,0
13104,14,clip Σ,алгоритм НДС,"clip(1·[13040] + -1·[13008], 0, 10000)",0,0,10000,0,1;-1,13040;13008,0,0
13105,1,Σ,алгоритм НДС,1·1 + 1·[13102],,,,,1;1,const;13102,0,0
13106,1,Σ,+/- потока основных активных фондов,1·[2133] + -0.0054·[13090],,,,,1;-0.0054,2133;13090,0,0
13107,1,Σ,+/- потока основных пассивных фондов,1·[3133] + -0.005·[13091],,,,,1;-0.005,3133;13091,0,0
13108,14,clip Σ,,"clip(1·[13100] + -1·[13080], 0, 1e+06)",0,0,1e+06,0,1;-1,13100;13080,0,0
13109,12,Π/Σ,отношение к спросу на продукцию,[13004] / (1e-06·1 + 1·[13116]),0,13004,,,1e-06;1,const;13116,0,0
13110,14,clip Σ,индекс достаточности предложения,"clip(1·[13109], 0, 1)",0,0,1,0,1,13109,0,0
13112,2,уставка·Σ,норматив прибыли монополиста,1.2·(1·1),1.2,13112,,,1,const,0,1
13113,2,уставка·Σ,степень монополизма,0.3·(1·1),0.3,13113,,,1,const,0,1
13114,10,Σ·[ref],монопольная цена с ее долей,(1·1 + -1·[13113])·[13010],0,13010,,,1;-1,const;13113,0,0
13116,4,1/(Tp+1)·g,сумма спросов,"clip(1·(0.4667·[13119]), 2, 1)",1,0,1;2,0;0,0.4667,13119,0.997952,0
13117,1,Σ,суммарный поток денег возврата долгов поставщикам сырья,1·[13137] + 1·[13367],,,,,1;1,13137;13367,0,0
13119,4,1/(Tp+1)·g,сумма спросов,"clip(1·(1·[13141] + 1·[13142] + 1·[13143] + 1·[13144] + 1·[13145] + 1·[13146] + 1·[13147] + 1·[13148] + 1·[13149] + 1·[13150] + 1·[13151] + 1·[13152] + 1·[13153] + 1·[13154] + 1·[13155] + 1·[13156]), 0.02, 1)",1,0,1;0.02,0;0,1;1;1;1;1;1;1;1;1;1;1;1;1;1;1;1,13141;13142;13143;13144;13145;13146;13147;13148;13149;13150;13151;13152;13153;13154;13155;13156,2.13831,0
13121,11,Π/Π,доля проч в сырье,[13094]·[13141] / [13001],0;0,13094;13141,0,13001,,,0,0
13122,11,Π/Π,доля проч в машин,[13094]·[13142] / [13001],0;0,13094;13142,0,13001,,,0,0
13123,11,Π/Π,доля проч в бюджет,[13094]·[13143] / [13001],0;0,13094;13143,0,13001,,,0,0
13124,11,Π/Π,доля проч в с-х,[13094]·[13144] / [13001],0;0,13094;13144,0,13001,,,0,0
13125,11,Π/Π,доля проч в ТНП,[13094]·[13145] / [13001],0;0,13094;13145,0,13001,,,0,0
13126,11,Π/Π,доля проч в ВПК,[13094]·[13146] / [13001],0;0,13094;13146,0,13001,,,0,0
13127,11,Π/Π,доля проч в уголь,[13094]·[13147] / [13001],0;0,13094;13147,0,13001,,,0,0
13128,11,Π/Π,доля проч в нефть,[13094]·[13148] / [13001],0;0,13094;13148,0,13001,,,0,0
13129,11,Π/Π,доля проч в газпром,[13094]·[13149] / [13001],0;0,13094;13149,0,13001,,,0,0
13130,11,Π/Π,доля проч в эл-энерг,[13094]·[13150] / [13001],0;0,13094;13150,0,13001,,,0,0
13131,11,Π/Π,доля проч в пищев пром,[13094]·[13151] / [13001],0;0,13094;13151,0,13001,,,0,0
13132,11,Π/Π,доля проч в транспорт,[13094]·[13152] / [13001],0;0,13094;13152,0,13001,,,0,0
13133,11,Π/Π,доля проч проч пром,[13094]·[13153] / [13001],0;0,13094;13153,0,13001,,,0,0
13134,11,Π/Π,доля проч на экспорт,[13094]·[13154] / [13001],0;0,13094;13154,0,13001,,,0,0
13135,11,Π/Π,доля проч в бюджет,[13094]·[13155] / [13001],0;0,13094;13155,0,13001,,,0,0
13136,11,Π/Π,доля проч в торг,[13094]·[13156] / [13001],0;0,13094;13156,0,13001,,,0,0
13137,9,Π,поток возврата долгов проставщикам,[13138]·[99],0;0,13138;99,,,,,0,0
13138,2,уставка·Σ,коэф уменьшения возврата долгов поставщикам сырья,0·(1·[13139]),0,13138,,,1,13139,0,1
13139,7,min,требуемый поток возврата долгов поставщикам сырья,"min([13095], [13410])",0;0,13095;13410,,,,,0,0
13141,4,1/(Tp+1)·g,спрос на проч в сырье,"clip(1·(1·[1262]), 0.5, 1)",1,0,1;0.5,0;0,1,1262,0.0599149,0
13142,4,1/(Tp+1)·g,спрос на проч из маш,"clip(1·(1·[2262]), 0.1, 1)",1,0,1;0.1,0;0,1,2262,0.0785533,0
13143,4,1/(Tp+1)·g,спрос на проч из строит,"clip(1·(1·[3262]), 0.1, 1)",1,0,1;0.1,0;0,1,3262,0.100084,0
13144,4,1/(Tp+1)·g,спрос на проч из с-х,"clip(1·(1·[4262]), 0.1, 1)",1,0,1;0.1,0;0,1,4262,0.0999791,0
13145,4,1/(Tp+1)·g,спрос на проч из ТНП,"clip(1·(1·[5262]), 0.1, 1)",1,0,1;0.1,0;0,1,5262,0.00999519,0
13146,4,1/(Tp+1)·g,спрос на проч из ВПК,"clip(1·(1·[6262]), 0.1, 1)",1,0,1;0.1,0;0,1,6262,0.148803,0
13147,4,1/(Tp+1)·g,спрос на проч в угле,"clip(1·(0), 0.5, 1)",1,0,1;0.5,0;0,,,0,0
13148,4,1/(Tp+1)·g,спрос на проч из нефти,"clip(1·(1·[8262]), 0.1, 1)",1,0,1;0.1,0;0,1,8262,0.0599728,0
13149,4,1/(Tp+1)·g,спрос на проч из газа,"clip(1·(1·[9262]), 0.1, 1)",1,0,1;0.1,0;0,1,9262,0.0600275,0
13150,4,1/(Tp+1)·g,спрос на проч из эл-энер,"clip(1·(0), 0.1, 1)",1,0,1;0.1,0;0,,,0,0
13151,4,1/(Tp+1)·g,спрос на проч из пищев пром,"clip(1·(1·[11262]), 0.1, 1)",1,0,1;0.1,0;0,1,11262,0.0599844,0
13152,4,1/(Tp+1)·g,спрос на проч из транспорта,"clip(1·(0), 0.1, 1)",1,0,1;0.1,0;0,,,0,0
13153,4,1/(Tp+1)·g,спрос на проч из проч пром,"clip(1·(1·[13262]), 0.01, 1)",1,0,1;0.01,0;0,1,13262,0.0598754,0
13154,4,1/(Tp+1)·g,спрос на проч от экспорт,"clip(1·(1·[13161]), 0.1, 1)",1,0,1;0.1,0;0,1,13161,0.05,0
13155,4,1/(Tp+1)·g,спрос на проч в бюджет,"clip(1·(1·[273]), 0.1, 1)",1,0,1;0.1,0;0,1,273,1.30142,0
13156,4,1/(Tp+1)·g,спрос на проч в торговлю,"clip(1·(1·[806]), 0.1, 1)",1,0,1;0.1,0;0,1,806,0.0496894,0
13157,1,Σ,возврат долгов от потребителей исходн сырья,1·[1406] + 1·[2406] + 1·[3406] + 1·[4406] + 1·[5406] + 1·[6406] + 1·[7406] + 1·[8406] + 1·[9406] + 1·[10406] + 1·[11406] + 1·[12406] + 1·[13406],,,,,1;1;1;1;1;1;1;1;1;1;1;1;1,1406;2406;3406;4406;5406;6406;7406;8406;9406;10406;11406;12406;13406,0,0
13158,1,Σ,возврат долгов через заем в банке оборотнго кредита потребителями исходн сырья,1·[1416] + 1·[2416] + 1·[3416] + 1·[4416] + 1·[5416] + 1·[6416] + 1·[7416] + 1·[8416] + 1·[9416] + 1·[10416] + 1·[11416] + 1·[12416] + 1·[13416],,,,,1;1;1;1;1;1;1;1;1;1;1;1;1,1416;2416;3416;4416;5416;6416;7416;8416;9416;10416;11416;12416;13416,0,0
13160,2,уставка·Σ,экспортная цена в дол,1·(65·1),1,13160,,,65,const,0,1
13161,7,min,заявка на экспорт в секторе сырья,"min([13171], [13163], [13162])",0;0;0,13171;13163;13162,,,,,0,0
13162,15,ключ,ограничение экспортаот низкой цены экспорта,(-1·1 + 1·[13164]) > 0 ? [1] : 0,,,0,1,-1;1,const;13164,0,0
13163,2,уставка·Σ,квота экспорта на сырье,50·(0.01·1),50,13163,,,0.01,const,0,1
13164,13,Σ/Π,доля экспорта сырья,(0.4·[13165]) / [13039]·[13166],,,0;0,13039;13166,0.4,13165,0,0
13165,9,Π,цена экспорта сырья в рубл,[13160]·[501],0;0,13160;501,,,,,0,0
13166,1,Σ,таможенный тариф на проч,1·1 + 1·[337],,,,,1;1,const;337,0,0
13167,10,Σ·[ref],экспортная выручка в рублевом выражении,(1.333·[13170])·[501],0,501,,,1.333,13170,0,0
13168,9,Π,объем уплаты тарифа,[13169]·[337],0;0,13169;337,,,,,0,0
13169,9,Π,экспортная выручка в долл,[13160]·[13134],0;0,13160;13134,,,,,0,0
13170,10,Σ·[ref],предлож долл от экспортной выручки на бирже,(1.25·[13176])·[530],0,530,,,1.25,13176,0,0
13171,2,уставка·Σ,,5·(0.01·1),5,13171,,,0.01,const,0,1
13173,1,Σ,остаток экспортн выр в дол после продажи необх доли выручки на бирже,1.25·[13176] + -1·[13170],,,,,1.25;-1,13176;13170,0,0
13174,5,∫ с пределами,дол накопления в секторе,"∫(1·[13173] + -1·[13199]) dt, x0=1, pa1=0, hi=1e+06",1;0,0;0,1e+06,0,1;-1,13173;13199,183.844,0
13175,9,Π,дол из чистой прибыли на закупку Фа,[13015]·[527],0;0,13015;527,,,,,0,0
13176,1,Σ,экспортн выр после уплаты таможенных сборов,1·[13169] + -1·[13168],,,,,1;-1,13169;13168,0,0
13197,9,Π,расх на импортн Фа  в рублевом выражении,[13199]·[501],0;0,13199;501,,,,,0,0
13198,2,уставка·Σ,степень интенс расхода накопления инвалюты для импорта Фа,0.4·(1·[13174]),0.4,13198,,,1,13174,0,1
13199,15,ключ,вкл инвал накоплений для импорта Фа,(1·[13075] + -10·[13015]) > 0 ? [13198] : 0,,,0,13198,1;-10,13075;13015,0,0
13200,1,Σ,суммарные рубли за куплен импортн Фа,1·[13175] + 1·[13197],,,,,1;1,13175;13197,0,0
13201,2,уставка·Σ,К импорта в сектор,10·(0.01·1),10,13201,,,0.01,const,0,1
13202,9,Π,спрос сектора на валюту для импорта сырья,[13007]·[13201]·[413]·[473],0;0;0;0,13007;13201;413;473,,,,,0,0
13203,14,clip Σ,степень наличия исходн импортного сырья для производства,"clip(10·[13204], 0, 1)",0,0,1,0,10,13204,0,0
13204,5,∫ с пределами,накоплено импортного сырья в секторе,"∫(1·[13209] + -1·[13210]) dt, x0=1, pa1=0.01, hi=1e+07",1;0.01,0;0,1e+07,0,1;-1,13209;13210,2.65505,0
13205,9,Π,заявка на дол для сырья с учетом фин возможностей,[13202]·[13059],0;0,13202;13059,,,,,0,0
13206,7,min,реадьно полученные дол для импорта сырья,"min([13207], [13202])",0;0,13207;13202,,,,,0,0
13207,9,Π,степень удовлетворения в дол для закупки сырья,[527]·[13205],0;0,527;13205,,,,,0,0
13208,9,Π,поток тарифа в бюджет за импорт сырья,[13206]·[453],0;0,13206;453,,,,,0,0
13209,13,Σ/Π,поток закупленного импортного сырья,(1·[13206] + -1·[13208]) / [413],,,0,413,1;-1,13206;13208,0,0
13210,9,Π,поток расхода импортного сырья,[13201]·[13007],0;0,13201;13007,,,,,0,0
13211,2,уставка·Σ,К сырья в сектор,0.01·(1·1),0.01,13211,,,1,const,0,1
13212,11,Π/Π,спрос сектора на исходный продукт,[13011]·[13211]·[13471] / [13219]·[13219]·[13219],0;0;0,13011;13211;13471,0;0;0,13219;13219;13219,,,0,0
13213,14,clip Σ,степень наличия исходн продуктов для производства,"clip(5·[13214], 0, 1)",0,0,1,0,5,13214,0,0
13214,11,Π/Π,степень наличия исходных продуктов,[13219] / [13004],0,13219,0,13004,,,0,0
13215,5,∫ с пределами,сумма долга поставщику исх прод,"∫(1·[13218] + -1·[13401] + -1·[13411]) dt, x0=1, pa1=0, hi=1e+07",1;0,0;0,1e+07,0,1;-1;-1,13218;13401;13411,0,0
13216,1,Σ,реальные текущие мат затраты на оплату конкретн исх прод,1·[13217] + -1·[13218],,,,,1;-1,13217;13218,0,0
13217,9,Π,требуемые текущие мат затраты по конкретн поставке,[13292]·[1039],0;0,13292;1039,,,,,0,0
13218,9,Π,степень недостаточности финансовых средств,[13217]·[13060],0;0,13217;13060,,,,,0,0
13219,5,∫ с пределами,склад исходной продукции,"∫(-1·[13220] + 1·[13292]) dt, x0=50, pa1=0.001, hi=1e+06",50;0.001,0;0,1e+06,0,-1;1,13220;13292,1.00003,0
13220,9,Π,поток расходов исходного продукта,[13211]·[13007],0;0,13211;13007,,,,,0,0
13221,2,уставка·Σ,К угля в сектор,0.05·(1·1),0.05,13221,,,1,const,0,1
13222,11,Π/Π,спрос сектора на исходный продукт,[13011]·[13221]·[13472] / [13229]·[13229]·[13229],0;0;0,13011;13221;13472,0;0;0,13229;13229;13229,,,0,0
13223,14,clip Σ,степень наличия исходн продуктов для производства,"clip(5·[13224], 0, 1)",0,0,1,0,5,13224,0,0
13224,11,Π/Π,степень наличия исходных продуктов,[13229] / [13004],0,13229,0,13004,,,0,0
13225,5,∫ с пределами,сумма долга поставщику исх прод,"∫(1·[13228] + -1·[13402] + -1·[13412]) dt, x0=1, pa1=0, hi=1e+07",1;0,0;0,1e+07,0,1;-1;-1,13228;13402;13412,0,0
13226,1,Σ,реалбные текущие мат затраты на оплату конкретн исх прод,1·[13227] + -1·[13228],,,,,1;-1,13227;13228,0,0
13227,9,Π,требуемые текущие мат затраты по конкретн поставке,[13293]·[7039],0;0,13293;7039,,,,,0,0
13228,9,Π,степень недостаточности финансовых средств,[13227]·[13060],0;0,13227;13060,,,,,0,0
13229,5,∫ с пределами,склад исходной продукции,"∫(-1·[13230] + 1·[13293]) dt, x0=50, pa1=0.001, hi=1e+06",50;0.001,0;0,1e+06,0,-1;1,13230;13293,1.00002,0
13230,9,Π,поток расходов исходного продукта,[13221]·[13007],0;0,13221;13007,,,,,0,0
13231,2,уставка·Σ,К газа в сектор,0.02·(1·1),0.02,13231,,,1,const,0,1
13232,12,Π/Σ,спрос сектора на исходный продукт,[13011]·[13231]·[13473] / (0.001·1 + 1·[13234]),0;0;0,13011;13231;13473,,,0.001;1,const;13234,0,0
13233,14,clip Σ,степень наличия исходн продуктов для производства,"clip(5·[13234], 0, 1)",0,0,1,0,5,13234,0,0
13234,4,1/(Tp+1)·g,степень наличия исходных продуктов,"clip(1·(1·[13239]), 0.1, 1)",1,0,1;0.1,0;0,1,13239,0.999584,0
13235,5,∫ с пределами,сумма долга поставщику исх прод,"∫(1·[13238] + -1·[13403] + -1·[13413]) dt, x0=1, pa1=0, hi=1e+07",1;0,0;0,1e+07,0,1;-1;-1,13238;13403;13413,0,0
13236,1,Σ,реалбные текущие мат затраты на оплату конкретн исх прод,1·[13237] + -1·[13238],,,,,1;-1,13237;13238,0,0
13237,9,Π,требуемые текущие мат затраты по конкретн поставке,[13294]·[9039],0;0,13294;9039,,,,,0,0
13238,9,Π,степень недостаточности финансовых средств,[13237]·[13060],0;0,13237;13060,,,,,0,0
13239,12,Π/Σ,склад исходной продукции,[13294] / (1e-07·1 + 1·[13240]),0,13294,,,1e-07;1,const;13240,0,0
13240,9,Π,поток расходов исходного продукта,[13231]·[13007],0;0,13231;13007,,,,,0,0
13241,2,уставка·Σ,К электр в сектор,0.04·(1·1),0.04,13241,,,1,const,0,1
13242,12,Π/Σ,спрос сектора на исходный продукт,[13011]·[13241]·[13474] / (0.001·1 + 1·[13244]),0;0;0,13011;13241;13474,,,0.001;1,const;13244,0,0
13243,14,clip Σ,степень наличия исходн продуктов для производства,"clip(5·[13244], 0, 1)",0,0,1,0,5,13244,0,0
13244,4,1/(Tp+1)·g,степень наличия исходных продуктов,"clip(1·(1·[13249]), 0.1, 1)",1,0,1;0.1,0;0,1,13249,0.999533,0
13245,5,∫ с пределами,сумма долга поставщику исх прод,"∫(1·[13248] + -1·[13404] + -1·[13414]) dt, x0=1, pa1=0, hi=1e+07",1;0,0;0,1e+07,0,1;-1;-1,13248;13404;13414,0,0
13246,1,Σ,реалбные текущие мат затраты на оплату конкретн исх прод,1·[13247] + -1·[13248],,,,,1;-1,13247;13248,0,0
13247,9,Π,требуемые текущие мат затраты по конкретн поставке,[13295]·[10039],0;0,13295;10039,,,,,0,0
13248,9,Π,степень недостаточности финансовых средств,[13247]·[13060],0;0,13247;13060,,,,,0,0
13249,12,Π/Σ,склад исходной продукции,[13295] / (1e-07·1 + 1·[13250]),0,13295,,,1e-07;1,const;13250,0,0
13250,9,Π,8оток расходов исходного продукта,[13241]·[13007],0;0,13241;13007,,,,,0,0
13251,2,уставка·Σ,К нефти в сектор,0.02·(1·1),0.02,13251,,,1,const,0,1
13252,11,Π/Π,спрос сектора на исходный продукт,[13011]·[13251]·[13475] / [13259]·[13259]·[13259],0;0;0,13011;13251;13475,0;0;0,13259;13259;13259,,,0,0
13253,14,clip Σ,степень наличия исходн продуктов для производства,"clip(5·[13254], 0, 1)",0,0,1,0,5,13254,0,0
13254,11,Π/Π,степень наличия исходных продуктов,[13259] / [13004],0,13259,0,13004,,,0,0
13255,5,∫ с пределами,сумма долга поставщику исх прод,"∫(1·[13258] + -1·[13405] + -1·[13415]) dt, x0=1, pa1=0, hi=1e+07",1;0,0;0,1e+07,0,1;-1;-1,13258;13405;13415,0,0
13256,1,Σ,реалбные текущие мат затраты на оплату конкретн исх прод,1·[13257] + -1·[13258],,,,,1;-1,13257;13258,0,0
13257,9,Π,требуемые текущие мат затраты по конкретн поставке,[13296]·[8039],0;0,13296;8039,,,,,0,0
13258,9,Π,степень недостаточности финансовых средств,[13257]·[13060],0;0,13257;13060,,,,,0,0
13259,5,∫ с пределами,склад исходной продукции,"∫(-1·[13260] + 1·[13296]) dt, x0=50, pa1=0.001, hi=1e+06",50;0.001,0;0,1e+06,0,-1;1,13260;13296,1.00006,0
13260,9,Π,поток расходов исходного продукта,[13251]·[13007],0;0,13251;13007,,,,,0,0
13261,2,уставка·Σ,К прочих в сектор,0.06·(1·1),0.06,13261,,,1,const,0,1
13262,11,Π/Π,спрос сектора на исходный продукт,[13011]·[13261]·[13476] / [13269]·[13269]·[13269],0;0;0,13011;13261;13476,0;0;0,13269;13269;13269,,,0,0
13263,14,clip Σ,степень наличия исходн продуктов для производства,"clip(5·[13264], 0, 1)",0,0,1,0,5,13264,0,0
13264,11,Π/Π,степень наличия исходных продуктов,[13269] / [13004],0,13269,0,13004,,,0,0
13265,5,∫ с пределами,сумма долга поставщику исх прод,"∫(1·[13268] + -1·[13406] + -1·[13416]) dt, x0=1, pa1=0, hi=1e+07",1;0,0;0,1e+07,0,1;-1;-1,13268;13406;13416,0,0
13266,1,Σ,реалбные текущие мат затраты на оплату конкретн исх прод,1·[13267] + -1·[13268],,,,,1;-1,13267;13268,0,0
13267,9,Π,требуемые текущие мат затраты по конкретн поставке,[13297]·[13039],0;0,13297;13039,,,,,0,0
13268,9,Π,степень недостаточности финансовых средств,[13267]·[13060],0;0,13267;13060,,,,,0,0
13269,5,∫ с пределами,склад исходной продукции,"∫(-1·[13270] + 1·[13297]) dt, x0=50, pa1=0.001, hi=1e+06",50;0.001,0;0,1e+06,0,-1;1,13270;13297,1.00003,0
13270,9,Π,поток расходов исходного продукта,[13261]·[13007],0;0,13261;13007,,,,,0,0
13271,2,уставка·Σ,К трансп в сектор,0.05·(1·1),0.05,13271,,,1,const,0,1
13272,12,Π/Σ,спрос сектора на исходный продукт,[13011]·[13271]·[13477] / (0.001·1 + 1·[13274]),0;0;0,13011;13271;13477,,,0.001;1,const;13274,0,0
13273,14,clip Σ,степень наличия исходн продуктов для производства,"clip(5·[13274], 0, 1)",0,0,1,0,5,13274,0,0
13274,4,1/(Tp+1)·g,степень наличия исходных продуктов,"clip(1·(1·[13279]), 0.1, 1)",1,0,1;0.1,0;0,1,13279,0.999584,0
13275,5,∫ с пределами,сумма долга поставщику исх прод,"∫(1·[13278] + -1·[13407] + -1·[13417]) dt, x0=1, pa1=0, hi=1e+07",1;0,0;0,1e+07,0,1;-1;-1,13278;13407;13417,0,0
13276,1,Σ,реалбные текущие мат затраты на оплату конкретн исх прод,1·[13277] + -1·[13278],,,,,1;-1,13277;13278,0,0
13277,9,Π,требуемые текущие мат затраты по конкретн поставке,[13298]·[12039],0;0,13298;12039,,,,,0,0
13278,9,Π,степень недостаточности финансовых средств,[13277]·[13060],0;0,13277;13060,,,,,0,0
13279,12,Π/Σ,склад исходной продукции,[13298] / (1e-07·1 + 1·[13280]),0,13298,,,1e-07;1,const;13280,0,0
13280,9,Π,поток расходов исходного продукта,[13271]·[13007],0;0,13271;13007,,,,,0,0
13285,2,уставка·Σ,,0·(1·1),0,13285,,,1,const,0,1
13290,2,уставка·Σ,,0.01·(1·1),0.01,0,,,1,const,0,0
13292,1,Σ,,1·[1133],,,,,1,1133,0,0
13293,1,Σ,,1·[7133],,,,,1,7133,0,0
13294,1,Σ,,1·[9133],,,,,1,9133,0,0
13295,1,Σ,,1·[10133],,,,,1,10133,0,0
13296,1,Σ,,1·[8133],,,,,1,8133,0,0
13297,1,Σ,,1·[13133],,,,,1,13133,0,0
13298,1,Σ,,1·[12133],,,,,1,12133,0,0
13299,2,уставка·Σ,максим уровень долга поставщику сырья при котором берут кредит,10·(1·1),10,13299,,,1,const,0,1
13301,14,clip Σ,формир отключ поставок сырья при длительной их неоплате,"clip(1·[13217], 0.0001, 1e+07)",0.0001,0,1e+07,0,1,13217,0,0
13302,11,Π/Π,формир отключ поставок сырья при длительной их неоплате,[13215] / [13301],0,13215,0,13301,,,0,0
13303,15,ключ,формир отключ поставок сырья при длительной их неоплате,(-1·[13302] + 1·[1400]) > 0 ? [1] : 0,,,0,1,-1;1,13302;1400,0,0
13306,14,clip Σ,формир отключ поставок сырья при длительной их неоплате,"clip(1·[1227], 0.0001, 1e+07)",0.0001,0,1e+07,0,1,1227,0,0
13307,11,Π/Π,формир отключ поставок сырья при длительной их неоплате,[13225] / [13306],0,13225,0,13306,,,0,0
13308,15,ключ,формир отключ поставок сырья при длительной их неоплате,(-1·[13307] + 1·[7400]) > 0 ? [1] : 0,,,0,1,-1;1,13307;7400,0,0
13311,14,clip Σ,формир отключ поставок сырья при длительной их неоплате,"clip(1·[1237], 0.0001, 1e+07)",0.0001,0,1e+07,0,1,1237,0,0
13312,11,Π/Π,формир отключ поставок сырья при длительной их неоплате,[13235] / [13311],0,13235,0,13311,,,0,0
13313,15,ключ,формир отключ поставок сырья при длительной их неоплате,(-1·[13312] + 1·[9400]) > 0 ? [1] : 0,,,0,1,-1;1,13312;9400,0,0
13316,14,clip Σ,формир отключ поставок сырья при длительной их неоплате,"clip(1·[1247], 0.0001, 1e+07)",0.0001,0,1e+07,0,1,1247,0,0
13317,11,Π/Π,формир отключ поставок сырья при длительной их неоплате,[13245] / [13316],0,13245,0,13316,,,0,0
13318,15,ключ,формир отключ поставок сырья при длительной их неоплате,(-1·[13317] + 1·[10400]) > 0 ? [1] : 0,,,0,1,-1;1,13317;10400,0,0
13321,14,clip Σ,формир отключ поставок сырья при длительной их неоплате,"clip(1·[1257], 0.0001, 1e+07)",0.0001,0,1e+07,0,1,1257,0,0
13322,11,Π/Π,формир отключ поставок сырья при длительной их неоплате,[13255] / [13321],0,13255,0,13321,,,0,0
13323,15,ключ,формир отключ поставок сырья при длительной их неоплате,(-1·[13322] + 1·[8400]) > 0 ? [1] : 0,,,0,1,-1;1,13322;8400,0,0
13326,14,clip Σ,формир отключ поставок сырья при длительной их неоплате,"clip(1·[1267], 0.0001, 1e+07)",0.0001,0,1e+07,0,1,1267,0,0
13327,11,Π/Π,формир отключ поставок сырья при длительной их неоплате,[13265] / [13326],0,13265,0,13326,,,0,0
13328,15,ключ,формир отключ поставок сырья при длительной их неоплате,(-1·[13327] + 1·[13400]) > 0 ? [1] : 0,,,0,1,-1;1,13327;13400,0,0
13331,14,clip Σ,формир отключ поставок сырья при длительной их неоплате,"clip(1·[1277], 0.0001, 1e+07)",0.0001,0,1e+07,0,1,1277,0,0
13332,11,Π/Π,формир отключ поставок сырья при длительной их неоплате,[13275] / [13331],0,13275,0,13331,,,0,0
13333,15,ключ,формир отключ поставок сырья при длительной их неоплате,(-1·[13332] + 1·[12400]) > 0 ? [1] : 0,,,0,1,-1;1,13332;12400,0,0
13362,14,clip Σ,подключение депозитов для погашения долгов поставщикам сырья,"clip(-1·1 + 1·[13410], 0, 1e+07)",0,0,1e+07,0,-1;1,const;13410,0,0
13363,2,уставка·Σ,предельная величина максим долга при котором прекращаются инвестиц расходы,5·(1·1),5,13363,,,1,const,0,1
13364,8,max,выбор максимального долга за сырье,"max([13215], [13225], [13235], [13245], [13255], [13265], [13275], [13285])",0;0;0;0;0;0;0;0,13215;13225;13235;13245;13255;13265;13275;13285,,,,,0,0
13365,15,ключ,выключение инвестиций при необходимости платить долги поставщикам сырья,(1·[13363] + -1·[13364]) > 0 ? [13065] : 0,,,0,13065,1;-1,13363;13364,0,0
13366,15,ключ,выключ инвестиций в оплату долгов поставщикам сырья,(-1·[13363] + 1·[13364]) > 0 ? [13065] : 0,,,0,13065,-1;1,13363;13364,0,0
13367,1,Σ,поток денег из депозита и инвестиций для погашения долга поставщикам сырья,1·[13366] + 1·[13086],,,,,1;1,13366;13086,0,0
13400,2,уставка·Σ,предельная величина неоплаты поставок сырья при которой еще сохраняется поставка,1·(1·1),1,13400,,,1,const,0,1
13401,11,Π/Π,возврат долга за поставку сырья из прибыли,[13215]·[13117] / [13410],0;0,13215;13117,0,13410,,,0,0
13402,11,Π/Π,возврат долга за поставку сырья из прибыли,[13225]·[13117] / [13410],0;0,13225;13117,0,13410,,,0,0
13403,11,Π/Π,возврат долга за поставку сырья из прибыли,[13235]·[13117] / [13410],0;0,13235;13117,0,13410,,,0,0
13404,11,Π/Π,возврат долга за поставку сырья из прибыли,[13245]·[13117] / [13410],0;0,13245;13117,0,13410,,,0,0
13405,11,Π/Π,возврат долга за поставку сырья из прибыли,[13255]·[13117] / [13410],0;0,13255;13117,0,13410,,,0,0
13406,11,Π/Π,возврат долга за поставку сырья из прибыли,[13265]·[13117] / [13410],0;0,13265;13117,0,13410,,,0,0
13407,11,Π/Π,возврат долга за поставку сырья из прибыли,[13275]·[13117] / [13410],0;0,13275;13117,0,13410,,,0,0
13410,14,clip Σ,сумма всех долгов за поставку сырья,"clip(1·[13215] + 1·[13225] + 1·[13235] + 1·[13245] + 1·[13255] + 1·[13265] + 1·[13275], 0.001, 1e+08)",0.001,0,1e+08,0,1;1;1;1;1;1;1,13215;13225;13235;13245;13255;13265;13275,0,0
13411,11,Π/Π,возврат долга за поставку сырья из прибыли,[13421]·[13441] / [13420],0;0,13421;13441,0,13420,,,0,0
13412,11,Π/Π,возврат долга за поставку сырья из прибыли,[13422]·[13441] / [13420],0;0,13422;13441,0,13420,,,0,0
13413,11,Π/Π,возврат долга за поставку сырья из прибыли,[13423]·[13441] / [13420],0;0,13423;13441,0,13420,,,0,0
13414,11,Π/Π,возврат долга за поставку сырья из прибыли,[13424]·[13441] / [13420],0;0,13424;13441,0,13420,,,0,0
13415,11,Π/Π,возврат долга за поставку сырья из прибыли,[13425]·[13441] / [13420],0;0,13425;13441,0,13420,,,0,0
13416,11,Π/Π,возврат долга за поставку сырья из прибыли,[13426]·[13441] / [13420],0;0,13426;13441,0,13420,,,0,0
13417,11,Π/Π,возврат долга за поставку сырья из прибыли,[13427]·[13441] / [13420],0;0,13427;13441,0,13420,,,0,0
13420,14,clip Σ,сумма всех долгов за поставку сырья,"clip(1·[13421] + 1·[13422] + 1·[13423] + 1·[13424] + 1·[13425] + 1·[13426] + 1·[13427], 0.001, 1e+08)",0.001,0,1e+08,0,1;1;1;1;1;1;1,13421;13422;13423;13424;13425;13426;13427,0,0
13421,14,clip Σ,потребность в оборотном кредите,"clip(1·[13215] + -1·[1299], 0, 1e+06)",0,0,1e+06,0,1;-1,13215;1299,0,0
13422,14,clip Σ,потребность в оборотном кредите,"clip(1·[13225] + -1·[7299], 0, 1e+06)",0,0,1e+06,0,1;-1,13225;7299,0,0
13423,14,clip Σ,потребность в оборотном кредите,"clip(1·[13235] + -1·[9299], 0, 1e+06)",0,0,1e+06,0,1;-1,13235;9299,0,0
13424,14,clip Σ,потребность в оборотном кредите,"clip(1·[13245] + -1·[10299], 0, 1e+06)",0,0,1e+06,0,1;-1,13245;10299,0,0
13425,14,clip Σ,потребность в оборотном кредите,"clip(1·[13255] + -1·[8299], 0, 1e+06)",0,0,1e+06,0,1;-1,13255;8299,0,0
13426,14,clip Σ,потребность в оборотном кредите,"clip(1·[13265] + -1·[13299], 0, 1e+06)",0,0,1e+06,0,1;-1,13265;13299,0,0
13427,14,clip Σ,потребность в оборотном кредите,"clip(1·[13275] + -1·[12299], 0, 1e+06)",0,0,1e+06,0,1;-1,13275;12299,0,0
13441,7,min,поток кредита из банка,"min([13452], [13445])",0;0,13452;13445,,,,,0,0
13442,5,∫ с пределами,текущий кредитный долг банку,"∫(1·[13441] + -1·[1097] + 1·[13443]) dt, x0=1, pa1=0, hi=1e+07",1;0,0;0,1e+07,0,1;-1;1,13441;1097;13443,0,0
13443,9,Π,поток процентов за выданный оборотный кредит,[13442]·[47],0;0,13442;47,,,,,0,0
13444,14,clip Σ,сигнал о возможности кредитования банком оборотных средств,"clip(-0.1·[13442] + 0.1·[13448], 0, 1)",0,0,1,0,-0.1;0.1,13442;13448,0,0
13445,9,Π,поток кредита оборотных средств выдаваемых банком,[13452]·[13444]·[13446],0;0;0,13452;13444;13446,,,,,0,0
13446,14,clip Σ,сигнал о том что норма прибыли больше ставки кредита,"clip(1·[13450], 0, 1)",0,0,1,0,1,13450,0,0
13447,1,Σ,формирование сигнала о возможности кредитования,1·1 + 1·[13450],,,,,1;1,const;13450,0,0
13448,9,Π,формиросание сигнала о возможности кредитования,[13449]·[13447],0;0,13449;13447,,,,,0,0
13449,2,уставка·Σ,коэф ликвидности основных фондов для возможности банковского кредитования,0.1·(0.1·[13063]),0.1,13449,,,0.1,13063,0,1
13450,2,уставка·Σ,учет превышения нормы проб над ставкой кредита для эффективности кредитования,3·(1·[13451]),3,0,,,1,13451,0,0
13451,11,Π/Π,превышение нормы прибыли стаки кркдита,[13058] / [47],0,13058,0,47,,,0,0
13452,9,Π,потребность в оборотном кредите,[13420]·[199],0;0,13420;199,,,,,0,0
13461,9,Π,сигнал о прекращении поставок сырья при неоплате ранее поставленного,[88]·[13303],0;0,88;13303,,,,,0,0
13462,9,Π,сигнал о прекращении поставок сырья при неоплате ранее поставленного,[88]·[13308],0;0,88;13308,,,,,0,0
13463,9,Π,сигнал о прекращении поставок сырья при неоплате ранее поставленного,[88]·[13313],0;0,88;13313,,,,,0,0
13464,9,Π,сигнал о прекращении поставок сырья при неоплате ранее поставленного,[88]·[13318],0;0,88;13318,,,,,0,0
13465,9,Π,сигнал о прекращении поставок сырья при неоплате ранее поставленного,[88]·[13323],0;0,88;13323,,,,,0,0
13466,9,Π,сигнал о прекращении поставок сырья при неоплате ранее поставленного,[88]·[13328],0;0,88;13328,,,,,0,0
13467,9,Π,сигнал о прекращении поставок сырья при неоплате ранее поставленного,[88]·[13333],0;0,88;13333,,,,,0,0
13471,1,Σ,включ сигнала о небходимости прекращения поставок сырья при отсутств их оплаты,1·[13461] + 1·[189],,,,,1;1,13461;189,0,0
13472,1,Σ,включ сигнала о небходимости прекращения поставок сырья при отсутств их оплаты,1·[13462] + 1·[189],,,,,1;1,13462;189,0,0
13473,1,Σ,включ сигнала о небходимости прекращения поставок сырья при отсутств их оплаты,1·[13463] + 1·[189],,,,,1;1,13463;189,0,0
13474,1,Σ,включ сигнала о небходимости прекращения поставок сырья при отсутств их оплаты,1·[13464] + 1·[189],,,,,1;1,13464;189,0,0
13475,1,Σ,включ сигнала о небходимости прекращения поставок сырья при отсутств их оплаты,1·[13465] + 1·[189],,,,,1;1,13465;189,0,0
13476,1,Σ,включ сигнала о небходимости прекращения поставок сырья при отсутств их оплаты,1·[13466] + 1·[189],,,,,1;1,13466;189,0,0
13477,1,Σ,включ сигнала о небходимости прекращения поставок сырья при отсутств их оплаты,1·[13467] + 1·[189],,,,,1;1,13467;189,0,0
13801,1,Σ,,0.07·1 + 0.75·[13810],,,,,0.07;0.75,const;13810,0,0
13802,2,уставка·Σ,доход,1·(0.0766·[13026]),1,13802,,,0.0766,13026,0,1
13803,9,Π,сумма подоходн налога из соц группы,[13804]·[13811],0;0,13804;13811,,,,,0,0
13804,9,Π,масса подоходного налога,[13802]·[22],0;0,13802;22,,,,,0,0
13805,4,1/(Tp+1)·g,чистый доход,"clip(1·(1·[13802] + -1·[13806] + -1·[13804]), 0.1, 1)",1,0,1;0.1,0;0,1;-1;-1,13802;13806;13804,3.95505,0
13806,9,Π,другие платежи,[13802]·[21],0;0,13802;21,,,,,0,0
13807,9,Π,другие платежи,[13806]·[13811],0;0,13806;13811,,,,,0,0
13808,9,Π,спрос соц группы на услуги,[13874]·[13811],0;0,13874;13811,,,,,0,0
13809,9,Π,спрос на ТНП в социальной группе,[13860]·[13811],0;0,13860;13811,,,,,0,0
13810,9,Π,спрос на стоящ жилье в соц группе,[13844]·[13811],0;0,13844;13811,,,,,0,0
13811,2,уставка·Σ,количество человек в соц группе,1·(1·[13012]),1,13811,,,1,13012,0,1
13812,9,Π,формир фин возмож,[13828]·[13828],0;0,13828;13828,,,,,0,0
13814,10,Σ·[ref],формир финан возм,(2.3·[13812])·[13815],0,13815,,,2.3,13812,0,0
13815,5,∫ с пределами,денежные накопления,"∫(1·[13816] + -1·[13814] + -1·[13870]) dt, x0=1, pa1=0.001, hi=100000",1;0.001,0;0,100000,0,1;-1;-1,13816;13814;13870,0.43846,0
13816,11,Π/Π,формир денежн накоплений,[13838]·[13838]·[13805] / [13819]·[13819],0;0;0,13838;13838;13805,0;0,13819;13819,,,0,0
13817,11,Π/Π,формир соц напряженности,[13815] / [13818],0,13815,0,13818,,,0,0
13818,4,1/(Tp+1)·g,финансовые возможности,"clip(1·(1·[13805] + 1·[13814] + -1·[13816]), 0.1, 1)",1,0,1;0.1,0;0,1;1;-1,13805;13814;13816,3.9546,0
13819,1,Σ,формирование денежн накоплений,1·1 + 1·[13838],,,,,1;1,const;13838,0,0
13820,1,Σ,расходы на ТНП Услуги и Досуг,1·[13818] + -1·[13821],,,,,1;-1,13818;13821,0,0
13821,9,Π,расходы на ПП и Жилье,[13831]·[13818],0;0,13831;13818,,,,,0,0
13822,12,Π/Σ,расходы на ПП,[13828]·[13821] / (1·[13828] + 1·[13836]),0;0,13828;13821,,,1;1,13828;13836,0,0
13823,14,clip Σ,расходы на жилье,"clip(1·[13821] + -1·[13822] + -1·[70], 0.01, 1e+07)",0.01,0,1e+07,0,1;-1;-1,13821;13822;70,0,0
13824,2,уставка·Σ,масштабир цены ПП в соц гр,0.08·(1·[4197]),0.08,0,,,1,4197,0,0
13825,12,Π/Σ,формир доли на ПП,[13824] / (0.001·1 + 0.2·[13822]),0,13824,,,0.001;0.2,const;13822,0,0
13826,11,Π/Π,спрос соц группы на ПП,[13811]·[13822] / [13824],0;0,13811;13822,0,13824,,,0,0
13827,12,Π/Σ,формир доли на ПП,[13825] / (1·[13825] + 1·[13822]),0,13825,,,1;1,13825;13822,0,0
13828,4,1/(Tp+1)·g,формир доли на ПП,"clip(1·(1·[13827]), 0.1, 1)",1,0,1;0.1,0;0,1,13827,0.582687,0
13829,14,clip Σ,,"clip(1·1 + -4·[13832], 0, 1)",0,0,1,0,1;-4,const;13832,0,0
13830,11,Π/Π,спрос на ПП,[13822] / [13824],0,13822,0,13824,,,0,0
13831,14,clip Σ,формир доли на ПП и Жил,"clip(1·[13828] + 1·[13836], 0, 1)",0,0,1,0,1;1,13828;13836,0,0
13832,14,clip Σ,формир доли на Жил,"clip(-0.5·1 + 1·[13828], 0, 100)",0,0,100,0,-0.5;1,const;13828,0,0
13833,1,Σ,формир доли на Жил,1·1 + 1·[13832],,,,,1;1,const;13832,0,0
13834,23,?23,формир доли на Жил,?23(1·[13833]; 10),10,0,,,1,13833,0,0
13835,11,Π/Π,доля на жилье,[13857] / [13834],0,13857,0,13834,,,0,0
13836,12,Π/Σ,доля на Жил,[13835] / (1·1 + 5·[13835]),0,13835,,,1;5,const;13835,0,0
13837,14,clip Σ,всего расходов на ТНП и др,"clip(1·[13820] + -1·[13856], 0, 1000)",0,0,1000,0,1;-1,13820;13856,0,0
13838,1,Σ,уровень жизни,1·1 + -1·[13828],,,,,1;-1,const;13828,0,0
13839,12,Π/Σ,натуральный спрос на покупку жилья (удовлетворенный),[13844] / (0.01·1 + 1·[13842]),0,13844,,,0.01;1,const;13842,0,0
13840,2,уставка·Σ,коэф перевода года в мес,1·(1·[13823]),1,0,,,1,13823,0,0
13841,11,Π/Π,спрос на строит жилья,[13840]·[13840] / [13842]·[13842],0;0,13840;13840,0;0,13842;13842,,,0,0
13842,2,уставка·Σ,цена строящ жилья,1·(1·[3120]),1,0,,,1,3120,0,0
13843,12,Π/Σ,доля на покупку жилья,[13848]·[13849]·[13841]·[13829] / (0.1·1 + 1·[13841]),0;0;0;0,13848;13849;13841;13829,,,0.1;1,const;13841,0,0
13844,9,Π,расходы на покупку жилья,[13823]·[13843],0;0,13823;13843,,,,,0,0
13845,14,clip Σ,расходы на наем жилья,"clip(1·[13823] + -1·[13844], 0, 1e+07)",0,0,1e+07,0,1;-1,13823;13844,0,0
13846,12,Π/Σ,формиров доли расходов на покупку жилья,[13853] / (1·[13842] + 1·[13853]),0,13853,,,1;1,13842;13853,0,0
13847,12,Π/Σ,формир доли расходов на покупку жилья,[13853] / (20·[13892]),0,13853,,,20,13892,0,0
13848,4,1/(Tp+1)·g,формир доли расх на жилье,"clip(1·(1·[13846]), 0.1, 1)",1,0,1;0.1,0;0,1,13846,0.353724,0
13849,4,1/(Tp+1)·g,формир доли расх на жилье,"clip(1·(1·[13847]), 0.1, 1)",1,0,1;0.1,0;0,1,13847,1,0
13850,9,Π,спрос на досуг в соц группы,[13811]·[13866]·[13837],0;0;0,13811;13866;13837,,,,,0,0
13851,5,∫ с пределами,куплено всего жилья,"∫(1·[13839] + -0.01·[13854]) dt, x0=1, pa1=0, hi=10000",1;0,0;0,10000,0,1;-0.01,13839;13854,0.547585,0
13852,12,Π/Σ,всего нанято жилья,[13845] / (0.1·[13853]),0,13845,,,0.1,13853,0,0
13853,2,уставка·Σ,цена найма жилья,1·(1·[3]),1,0,,,1,3,0,0
13854,12,Π/Σ,коэф амортизац купленного жилья,[13851] / (1·1 + 1.5·[13874]),0,13851,,,1;1.5,const;13874,0,0
13855,4,1/(Tp+1)·g,всего имеется жилья,"clip(2·(2·[13852] + 1·[13851]), 0.01, 1)",2,0,1;0.01,0;0,2;1,13852;13851,6.68891,0
13856,9,Π,поток уплаты налога за купленное жилье,[13851]·[13892],0;0,13851;13892,,,,,0,0
13857,11,Π/Π,отношение нормы жилья к имеещемуся,[13893] / [13855],0,13893,0,13855,,,0,0
13858,12,Π/Σ,качество жизни,[13866]·[400] / (0.05·[13857] + 0.1·[13828]),0;0,13866;400,,,0.05;0.1,13857;13828,0,0
13859,2,уставка·Σ,масшт спроса на аренду жилья для весов ценн в расходах,0.1·(1·[13852]),0.1,0,,,1,13852,0,0
13860,11,Π/Π,поток покупок ТНП,[13864]·[13837] / [13873]·[5150],0;0,13864;13837,0;0,13873;5150,,,0,0
13861,5,∫ с пределами,накоплено купленных ТНП,"∫(1·[13860] + -1·[13862]) dt, x0=0.5, pa1=1, hi=10000",0.5;1,0;0,10000,0,1;-1,13860;13862,7.48173,0
13862,12,Π/Σ,амортизация ТНП,[13861] / (10·1 + 20·[13874]),0,13861,,,10;20,const;13874,0,0
13863,2,уставка·Σ,всего имущества (ТНП+Жил),0.03·(1·[13861] + 1·[13855]),0.03,0,,,1;1,13861;13855,0,0
13864,12,Π/Σ,треб ТНП,[13855] / (0.01·1 + 0.4·[13861]),0,13855,,,0.01;0.4,const;13861,0,0
13865,12,Π/Σ,треб услуг,[13863] / (1·1 + 1·[13863]),0,13863,,,1;1,const;13863,0,0
13866,11,Π/Π,формир спроса на досуг,[13875]·[13837] / [13873]·[4]·[4]·[4],0;0,13875;13837,0;0;0;0,13873;4;4;4,,,0,0
13867,9,Π,объем потребляемых благ в соц сфере для формиров натуральн потребности в эл-эн,[13873]·[13811],0;0,13873;13811,,,,,0,0
13868,1,Σ,всего расходы на личное жилье (его приобретение и налог при его содержании),1·[1856] + 1·[1844],,,,,1;1,1856;1844,0,0
13870,14,clip Σ,уровень денежн нак при котором нчинается активное приобрет жилья,"clip(-3.5·1 + 1·[13815], 0, 1e+08)",0,0,1e+08,0,-3.5;1,const;13815,0,0
13871,2,уставка·Σ,Цдосуга,1.25·(1·1),1.25,0,,,1,const,0,0
13873,4,1/(Tp+1)·g,сумма потребностей в усл+досуге+ТНП,"clip(1·(1·[13864] + 1·[13865] + 1·[13875]), 0.01, 1)",1,0,1;0.01,0;0,1;1;1,13864;13865;13875,2.83899,0
13874,11,Π/Π,спрос на услуги,[13865]·[13837] / [5]·[13873],0;0,13865;13837,0;0,5;13873,,,0,0
13875,12,Π/Σ,поток услуг освобождающий время на досуг,[13874]·[13888] / (0.1·1 + 1·[13874]),0;0,13874;13888,,,0.1;1,const;13874,0,0
13876,11,Π/Π,вес цены блага в расходах соц группы,[13866]·[4]·[4] / [13818],0;0;0,13866;4;4,0,13818,,,0,0
13877,11,Π/Π,вес цены блага в расходах соц группы,[13874]·[5]·[5] / [13818],0;0;0,13874;5;5,0,13818,,,0,0
13878,11,Π/Π,вес цены блага в расходах соц группы,[13860]·[5150]·[5150] / [13818],0;0;0,13860;5150;5150,0,13818,,,0,0
13879,11,Π/Π,вес цены блага в расходах соц группы,[13859]·[3]·[3] / [13818],0;0;0,13859;3;3,0,13818,,,0,0
13880,11,Π/Π,вес цены блага в расходах соц группы,[13841]·[13842]·[13842] / [13818],0;0;0,13841;13842;13842,0,13818,,,0,0
13881,11,Π/Π,вес цены блага в расходах соц группы,[13826]·[13824]·[13824] / [13818]·[13811],0;0;0,13826;13824;13824,0;0,13818;13811,,,0,0
13885,12,Π/Σ,индекс социальной напряженности,[13887]·[13886] / (1·1 + 0.5·[13887]),0;0,13887;13886,,,1;0.5,const;13887,0,0
13886,1,Σ,формир потребн в досуге от соц напряж,1·1 + 1·[13005],,,,,1;1,const;13005,0,0
13887,12,Π/Σ,треб досуга,[1] / (10·[13858] + 1·[13817]),0,1,,,10;1,13858;13817,0,0
13888,4,1/(Tp+1)·g,треб досуга,"clip(1·(1·[13863] + 1·[13815]), 0.1, 1)",1,0,1;0.1,0;0,1;1,13863;13815,0.863541,0
13889,9,Π,накоплено денег в соц группе для возможной покупки дол,[13870]·[13811],0;0,13870;13811,,,,,0,0
13890,9,Π,уровень денежн накоплений насел при котором начинают покупать дол,[13815],0,13815,,,,,0,0
13891,1,Σ,сумма абсол знач весов цен благ соц гр,1·[13876] + 1·[13877] + 1·[13878] + 1·[13879] + 1·[13880] + 1·[13881],,,,,1;1;1;1;1;1,13876;13877;13878;13879;13880;13881,0,0
13892,2,уставка·Σ,ставка налога на жилье,1·(1·[7]),1,0,,,1,7,0,0
13893,2,уставка·Σ,норма жилья,10·(1·1),10,13893,,,1,const,0,1
13894,11,Π/Π,относит вес цены на ПП,[13881] / [13891],0,13881,0,13891,,,0,0
13895,11,Π/Π,относительный вес цены куплен жилья,[13880] / [13891],0,13880,0,13891,,,0,0
13896,11,Π/Π,относительный вес цены досуга,[13876] / [13891],0,13876,0,13891,,,0,0
13897,11,Π/Π,относительный вес цены услуг,[13877] / [13891],0,13877,0,13891,,,0,0
13898,11,Π/Π,относительный вес цены ТНП,[13878] / [13891],0,13878,0,13891,,,0,0
13899,11,Π/Π,относительный вес цены аренд жилья,[13879] / [13891],0,13879,0,13891,,,0,0
15102,2,уставка·Σ,доход бюдж,1·(0.45·[84]),1,15102,,,0.45,84,0,1
15103,9,Π,сумма подоходн налога из соц группы,[15104]·[15111],0;0,15104;15111,,,,,0,0
15104,9,Π,масса подоходного налога,[15102]·[22],0;0,15102;22,,,,,0,0
15105,4,1/(Tp+1)·g,чистый доход,"clip(1·(1·[15102] + -1·[15106] + -1·[15104]), 0.1, 1)",1,0,1;0.1,0;0,1;-1;-1,15102;15106;15104,5.14154,0
15106,9,Π,другие платежи,[15102]·[21],0;0,15102;21,,,,,0,0
15107,9,Π,другие платежи,[15106]·[15111],0;0,15106;15111,,,,,0,0
15108,9,Π,спрос соц группы на услуги,[15174]·[15111],0;0,15174;15111,,,,,0,0
15109,9,Π,спрос на ТНП в социальной группе,[15160]·[15111],0;0,15160;15111,,,,,0,0
15110,9,Π,спрос на стоящ жилье в соц группе,[15144]·[15111],0;0,15144;15111,,,,,0,0
15111,2,уставка·Σ,количество человек в соц группе бюджетн,15·(1·1),15,15111,,,1,const,0,1
15112,9,Π,формир фин возмож,[15128]·[15128],0;0,15128;15128,,,,,0,0
15114,10,Σ·[ref],формир финан возм,(2.3·[15112])·[15115],0,15115,,,2.3,15112,0,0
15115,5,∫ с пределами,денежные накопления,"∫(1·[15116] + -1·[15114] + -1·[15170]) dt, x0=1, pa1=0.001, hi=100000",1;0.001,0;0,100000,0,1;-1;-1,15116;15114;15170,0.902337,0
15116,11,Π/Π,формир денежн накоплений,[15138]·[15138]·[15105] / [15119]·[15119],0;0;0,15138;15138;15105,0;0,15119;15119,,,0,0
15117,11,Π/Π,формир соц напряженности,[15115] / [15118],0,15115,0,15118,,,0,0
15118,4,1/(Tp+1)·g,финансовые возможности,"clip(1·(1·[15105] + 1·[15114] + -1·[15116]), 0.1, 1)",1,0,1;0.1,0;0,1;1;-1,15105;15114;15116,5.14173,0
15119,1,Σ,формирование денежн накоплений,1·1 + 1·[15138],,,,,1;1,const;15138,0,0
15120,1,Σ,расходы на ТНП Услуги и Досуг,1·[15118] + -1·[15121],,,,,1;-1,15118;15121,0,0
15121,9,Π,расходы на ПП и Жилье,[15131]·[15118],0;0,15131;15118,,,,,0,0
15122,12,Π/Σ,расходы на ПП,[15128]·[15121] / (1·[15128] + 1·[15136]),0;0,15128;15121,,,1;1,15128;15136,0,0
15123,14,clip Σ,расходы на жилье,"clip(1·[15121] + -1·[15122] + -1·[70], 0.01, 1e+07)",0.01,0,1e+07,0,1;-1;-1,15121;15122;70,0,0
15124,2,уставка·Σ,масштабир цены ПП в соц гр,0.08·(1·[4197]),0.08,0,,,1,4197,0,0
15125,12,Π/Σ,формир доли на ПП,[15124] / (0.001·1 + 0.2·[15122]),0,15124,,,0.001;0.2,const;15122,0,0
15126,11,Π/Π,спрос соц группы на ПП,[15111]·[15122] / [15124],0;0,15111;15122,0,15124,,,0,0
15127,12,Π/Σ,формир доли на ПП,[15125] / (1·[15125] + 1·[15122]),0,15125,,,1;1,15125;15122,0,0
15128,4,1/(Tp+1)·g,формир доли на ПП,"clip(1·(1·[15127]), 0.1, 1)",1,0,1;0.1,0;0,1,15127,0.514496,0
15129,14,clip Σ,,"clip(1·1 + -4·[15132], 0, 1)",0,0,1,0,1;-4,const;15132,0,0
15130,11,Π/Π,спрос на ПП,[15122] / [15124],0,15122,0,15124,,,0,0
15131,14,clip Σ,формир доли на ПП и Жил,"clip(1·[15128] + 1·[15136], 0, 1)",0,0,1,0,1;1,15128;15136,0,0
15132,14,clip Σ,формир доли на Жил,"clip(-0.5·1 + 1·[15128], 0, 100)",0,0,100,0,-0.5;1,const;15128,0,0
15133,1,Σ,формир доли на Жил,1·1 + 1·[15132],,,,,1;1,const;15132,0,0
15134,23,?23,формир доли на Жил,?23(1·[15133]; 10),10,0,,,1,15133,0,0
15135,11,Π/Π,доля на жилье,[15157] / [15134],0,15157,0,15134,,,0,0
15136,12,Π/Σ,доля на Жил,[15135] / (1·1 + 5·[15135]),0,15135,,,1;5,const;15135,0,0
15137,14,clip Σ,всего расходов на ТНП и др,"clip(1·[15120] + -1·[15156], 0, 1000)",0,0,1000,0,1;-1,15120;15156,0,0
15138,1,Σ,уровень жизни,1·1 + -1·[15128],,,,,1;-1,const;15128,0,0
15139,12,Π/Σ,натуральный спрос на покупку жилья (удовлетворенный),[15144] / (0.01·1 + 1·[15142]),0,15144,,,0.01;1,const;15142,0,0
15140,2,уставка·Σ,коэф перевода года в мес,1·(1·[15123]),1,0,,,1,15123,0,0
15141,11,Π/Π,спрос на строит жилья,[15140]·[15140] / [15142]·[15142],0;0,15140;15140,0;0,15142;15142,,,0,0
15142,2,уставка·Σ,цена строящ жилья,1·(1·[3120]),1,0,,,1,3120,0,0
15143,12,Π/Σ,доля на покупку жилья,[15148]·[15149]·[15141]·[15129] / (0.1·1 + 1·[15141]),0;0;0;0,15148;15149;15141;15129,,,0.1;1,const;15141,0,0
15144,9,Π,расходы на покупку жилья,[15123]·[15143],0;0,15123;15143,,,,,0,0
15145,14,clip Σ,расходы на наем жилья,"clip(1·[15123] + -1·[15144], 0, 1e+07)",0,0,1e+07,0,1;-1,15123;15144,0,0
15146,12,Π/Σ,формиров доли расходов на покупку жилья,[15153] / (1·[15142] + 1·[15153]),0,15153,,,1;1,15142;15153,0,0
15147,12,Π/Σ,формир доли расходов на покупку жилья,[15153] / (20·[15192]),0,15153,,,20,15192,0,0
15148,4,1/(Tp+1)·g,формир доли расх на жилье,"clip(1·(1·[15146]), 0.1, 1)",1,0,1;0.1,0;0,1,15146,0.353724,0
15149,4,1/(Tp+1)·g,формир доли расх на жилье,"clip(1·(1·[15147]), 0.1, 1)",1,0,1;0.1,0;0,1,15147,1,0
15150,9,Π,спрос на досуг в соц группы,[15111]·[15166]·[15166],0;0;0,15111;15166;15166,,,,,0,0
15151,5,∫ с пределами,куплено всего жилья,"∫(1·[15139] + -0.01·[15154]) dt, x0=1, pa1=0, hi=10000",1;0,0;0,10000,0,1;-0.01,15139;15154,2.31425,0
15152,12,Π/Σ,всего нанято жилья,[15145] / (0.1·[15153]),0,15145,,,0.1,15153,0,0
15153,2,уставка·Σ,цена найма жилья,1·(1·[3]),1,0,,,1,3,0,0
15154,12,Π/Σ,коэф амортизац купленного жилья,[15151] / (1·1 + 1.5·[15174]),0,15151,,,1;1.5,const;15174,0,0
15155,4,1/(Tp+1)·g,всего имеется жилья,"clip(2·(2·[15152] + 1·[15151]), 0.01, 1)",2,0,1;0.01,0;0,2;1,15152;15151,15.4369,0
15156,9,Π,поток уплаты налога за купленное жилье,[15151]·[15192],0;0,15151;15192,,,,,0,0
15157,11,Π/Π,отношение нормы жилья к имеещемуся,[15193] / [15155],0,15193,0,15155,,,0,0
15158,12,Π/Σ,качество жизни,[15166]·[400] / (2·[15157] + 2·[15128]),0;0,15166;400,,,2;2,15157;15128,0,0
15159,2,уставка·Σ,масшт спроса на аренду жилья для весов ценн в расходах,0.1·(1·[15152]),0.1,0,,,1,15152,0,0
15160,11,Π/Π,поток покупок ТНП,[15164]·[15137] / [15173]·[5150],0;0,15164;15137,0;0,15173;5150,,,0,0
15161,5,∫ с пределами,накоплено купленных ТНП,"∫(1·[15160] + -1·[15162]) dt, x0=1, pa1=1, hi=10000",1;1,0;0,10000,0,1;-1,15160;15162,11.678,0
15162,12,Π/Σ,амортизация ТНП,[15161] / (10·1 + 20·[15174]),0,15161,,,10;20,const;15174,0,0
15163,2,уставка·Σ,всего имущества (ТНП+Жил),0.03·(1·[15161] + 1·[15155]),0.03,0,,,1;1,15161;15155,0,0
15164,12,Π/Σ,треб ТНП,[15155] / (0.01·1 + 0.4·[15161]),0,15155,,,0.01;0.4,const;15161,0,0
15165,12,Π/Σ,треб услуг,[15163] / (1·1 + 1·[15163]),0,15163,,,1;1,const;15163,0,0
15166,11,Π/Π,формир спроса на досуг,[15175]·[15137] / [15173]·[4]·[4]·[4],0;0,15175;15137,0;0;0;0,15173;4;4;4,,,0,0
15167,9,Π,объем потребляемых благ в соц сфере для формиров натуральн потребности в эл-эн,[15173]·[15111],0;0,15173;15111,,,,,0,0
15168,1,Σ,всего расходы на личное жилье (его приобретение и налог при его содержании),1·[1856] + 1·[1844],,,,,1;1,1856;1844,0,0
15170,14,clip Σ,уровень денежн нак при котором нчинается активное приобрет жилья,"clip(-2.5·1 + 1·[15115], 0, 1e+08)",0,0,1e+08,0,-2.5;1,const;15115,0,0
15171,2,уставка·Σ,Цдосуга,1.25·(1·1),1.25,0,,,1,const,0,0
15173,4,1/(Tp+1)·g,сумма потребностей в усл+досуге+ТНП,"clip(1·(1·[15164] + 1·[15165] + 1·[15175]), 0.01, 1)",1,0,1;0.01,0;0,1;1;1,15164;15165;15175,4.53811,0
15174,11,Π/Π,спрос на услуги,[15165]·[15137] / [5]·[15173],0;0,15165;15137,0;0,5;15173,,,0,0
15175,12,Π/Σ,поток услуг освобождающий время на досуг,[15174]·[15188] / (0.1·1 + 1·[15174]),0;0,15174;15188,,,0.1;1,const;15174,0,0
15176,11,Π/Π,вес цены блага в расходах соц группы,[15166]·[4]·[4] / [15118],0;0;0,15166;4;4,0,15118,,,0,0
15177,11,Π/Π,вес цены блага в расходах соц группы,[15174]·[5]·[5] / [15118],0;0;0,15174;5;5,0,15118,,,0,0
15178,11,Π/Π,вес цены блага в расходах соц группы,[15160]·[5150]·[5150] / [15118],0;0;0,15160;5150;5150,0,15118,,,0,0
15179,11,Π/Π,вес цены блага в расходах соц группы,[15159]·[3]·[3] / [15118],0;0;0,15159;3;3,0,15118,,,0,0
15180,11,Π/Π,вес цены блага в расходах соц группы,[15141]·[15142]·[15142] / [15118],0;0;0,15141;15142;15142,0,15118,,,0,0
15181,11,Π/Π,вес цены блага в расходах соц группы,[15126]·[15124]·[15124] / [15118]·[15111],0;0;0,15126;15124;15124,0;0,15118;15111,,,0,0
15185,12,Π/Σ,индекс социальной напряженности,[15187] / (1·1 + 1·[15187]),0,15187,,,1;1,const;15187,0,0
15186,1,Σ,формир потребн в досуге от соц напряж,1·1,,,,,1,const,0,0
15187,12,Π/Σ,треб досуга,[15186] / (5·[15158] + 1·[15117]),0,15186,,,5;1,15158;15117,0,0
15188,4,1/(Tp+1)·g,треб досуга,"clip(1·(1·[15163] + 1·[15115]), 0.1, 1)",1,0,1;0.1,0;0,1;1,15163;15115,1.71585,0
15189,9,Π,накоплено денег в соц группе для возможной покупки дол,[15170]·[15111],0;0,15170;15111,,,,,0,0
15190,9,Π,уровень денежн накоплений насел при котором начинают покупать дол,[15115],0,15115,,,,,0,0
15191,1,Σ,сумма абсол знач весов цен благ соц гр,1·[15176] + 1·[15177] + 1·[15178] + 1·[15179] + 1·[15180] + 1·[15181],,,,,1;1;1;1;1;1,15176;15177;15178;15179;15180;15181,0,0
15192,2,уставка·Σ,ставка налога на жилье,1·(1·[7]),1,0,,,1,7,0,0
15193,2,уставка·Σ,норма жилья,10·(1·1),10,15193,,,1,const,0,1
15194,11,Π/Π,относит вес цены на ПП,[15181] / [15191],0,15181,0,15191,,,0,0
15195,11,Π/Π,относительный вес цены куплен жилья,[15180] / [15191],0,15180,0,15191,,,0,0
15196,11,Π/Π,относительный вес цены досуга,[15176] / [15191],0,15176,0,15191,,,0,0
15197,11,Π/Π,относительный вес цены услуг,[15177] / [15191],0,15177,0,15191,,,0,0
15198,11,Π/Π,относительный вес цены ТНП,[15178] / [15191],0,15178,0,15191,,,0,0
15199,11,Π/Π,относительный вес цены аренд жилья,[15179] / [15191],0,15179,0,15191,,,0,0
15202,2,уставка·Σ,доход воен,1·(0.5·[85]),1,15202,,,0.5,85,0,1
15203,9,Π,сумма подоходн налога из соц группы,[15204]·[15211],0;0,15204;15211,,,,,0,0
15204,9,Π,масса подоходного налога,[15202]·[22],0;0,15202;22,,,,,0,0
15205,4,1/(Tp+1)·g,чистый доход,"clip(1·(1·[15202] + -1·[15206] + -1·[15204]), 0.1, 1)",1,0,1;0.1,0;0,1;-1;-1,15202;15206;15204,15.0668,0
15206,9,Π,другие платежи,[15202]·[21],0;0,15202;21,,,,,0,0
15207,9,Π,другие платежи,[15206]·[15211],0;0,15206;15211,,,,,0,0
15208,9,Π,спрос соц группы на услуги,[15274]·[15211],0;0,15274;15211,,,,,0,0
15209,9,Π,спрос на ТНП в социальной группе,[15260]·[15211],0;0,15260;15211,,,,,0,0
15210,9,Π,спрос на стоящ жилье в соц группе,[15244]·[15211],0;0,15244;15211,,,,,0,0
15211,2,уставка·Σ,количество человек в соц группе военных,5·(1·1),5,15211,,,1,const,0,1
15212,9,Π,формир фин возмож,[15228]·[15228],0;0,15228;15228,,,,,0,0
15214,10,Σ·[ref],формир финан возм,(2.3·[15212])·[15215],0,15215,,,2.3,15212,0,0
15215,5,∫ с пределами,денежные накопления,"∫(1·[15216] + -1·[15214] + -1·[15270]) dt, x0=1, pa1=0.001, hi=100000",1;0.001,0;0,100000,0,1;-1;-1,15216;15214;15270,4.14002,0
15216,11,Π/Π,формир денежн накоплений,[15238]·[15238]·[15205] / [15219]·[15219],0;0;0,15238;15238;15205,0;0,15219;15219,,,0,0
15217,11,Π/Π,формир соц напряженности,[15215] / [15218],0,15215,0,15218,,,0,0
15218,4,1/(Tp+1)·g,финансовые возможности,"clip(1·(1·[15205] + 1·[15214] + -1·[15216]), 0.1, 1)",1,0,1;0.1,0;0,1;1;-1,15205;15214;15216,13.427,0
15219,1,Σ,формирование денежн накоплений,1·1 + 1·[15238],,,,,1;1,const;15238,0,0
15220,1,Σ,расходы на ТНП Услуги и Досуг,1·[15218] + -1·[15221],,,,,1;-1,15218;15221,0,0
15221,9,Π,расходы на ПП и Жилье,[15231]·[15218],0;0,15231;15218,,,,,0,0
15222,12,Π/Σ,расходы на ПП,[15228]·[15221] / (1·[15228] + 1·[15236]),0;0,15228;15221,,,1;1,15228;15236,0,0
15223,14,clip Σ,расходы на жилье,"clip(1·[15221] + -1·[15222] + -1·[70], 0.01, 1e+07)",0.01,0,1e+07,0,1;-1;-1,15221;15222;70,0,0
15224,2,уставка·Σ,масштабир цены ПП в соц гр,0.08·(1·[4197]),0.08,0,,,1,4197,0,0
15225,12,Π/Σ,формир доли на ПП,[15224] / (0.001·1 + 0.2·[15222]),0,15224,,,0.001;0.2,const;15222,0,0
15226,11,Π/Π,спрос соц группы на ПП,[15211]·[15222] / [15224],0;0,15211;15222,0,15224,,,0,0
15227,12,Π/Σ,формир доли на ПП,[15225] / (1·[15225] + 1·[15222]),0,15225,,,1;1,15225;15222,0,0
15228,4,1/(Tp+1)·g,формир доли на ПП,"clip(1·(1·[15227]), 0.1, 1)",1,0,1;0.1,0;0,1,15227,0.305735,0
15229,14,clip Σ,,"clip(1·1 + -4·[15232], 0, 1)",0,0,1,0,1;-4,const;15232,0,0
15230,11,Π/Π,спрос на ПП,[15222] / [15224],0,15222,0,15224,,,0,0
15231,14,clip Σ,формир доли на ПП и Жил,"clip(1·[15228] + 1·[15236], 0, 1)",0,0,1,0,1;1,15228;15236,0,0
15232,14,clip Σ,формир доли на Жил,"clip(-0.5·1 + 1·[15228], 0, 100)",0,0,100,0,-0.5;1,const;15228,0,0
15233,1,Σ,формир доли на Жил,1·1 + 1·[15232],,,,,1;1,const;15232,0,0
15234,23,?23,формир доли на Жил,?23(1·[15233]; 10),10,0,,,1,15233,0,0
15235,11,Π/Π,доля на жилье,[15257] / [15234],0,15257,0,15234,,,0,0
15236,12,Π/Σ,доля на Жил,[15235] / (1·1 + 5·[15235]),0,15235,,,1;5,const;15235,0,0
15237,14,clip Σ,всего расходов на ТНП и др,"clip(1·[15220] + -1·[15256], 0, 1000)",0,0,1000,0,1;-1,15220;15256,0,0
15238,1,Σ,уровень жизни,1·1 + -1·[15228],,,,,1;-1,const;15228,0,0
15239,12,Π/Σ,натуральный спрос на покупку жилья (удовлетворенный),[15244] / (0.01·1 + 1·[15242]),0,15244,,,0.01;1,const;15242,0,0
15240,2,уставка·Σ,коэф перевода года в мес,1·(1·[15223]),1,0,,,1,15223,0,0
15241,11,Π/Π,спрос на строит жилья,[15240]·[15240] / [15242]·[15242],0;0,15240;15240,0;0,15242;15242,,,0,0
15242,2,уставка·Σ,цена строящ жилья,1·(1·[3120]),1,0,,,1,3120,0,0
15243,12,Π/Σ,доля на покупку жилья,[15248]·[15249]·[15241]·[15229] / (0.1·1 + 1·[15241]),0;0;0;0,15248;15249;15241;15229,,,0.1;1,const;15241,0,0
15244,9,Π,расходы на покупку жилья,[15223]·[15243],0;0,15223;15243,,,,,0,0
15245,14,clip Σ,расходы на наем жилья,"clip(1·[15223] + -1·[15244], 0, 1e+07)",0,0,1e+07,0,1;-1,15223;15244,0,0
15246,12,Π/Σ,формиров доли расходов на покупку жилья,[15253] / (1·[15242] + 1·[15253]),0,15253,,,1;1,15242;15253,0,0
15247,12,Π/Σ,формир доли расходов на покупку жилья,[15253] / (20·[15292]),0,15253,,,20,15292,0,0
15248,4,1/(Tp+1)·g,формир доли расх на жилье,"clip(1·(1·[15246]), 0.1, 1)",1,0,1;0.1,0;0,1,15246,0.353724,0
15249,4,1/(Tp+1)·g,формир доли расх на жилье,"clip(1·(1·[15247]), 0.1, 1)",1,0,1;0.1,0;0,1,15247,1,0
15250,9,Π,спрос на досуг в соц группы,[15211]·[15266]·[15237],0;0;0,15211;15266;15237,,,,,0,0
15251,5,∫ с пределами,куплено всего жилья,"∫(1·[15239] + -0.01·[15254]) dt, x0=1, pa1=0, hi=10000",1;0,0;0,10000,0,1;-0.01,15239;15254,12.9305,0
15252,12,Π/Σ,всего нанято жилья,[15245] / (0.1·[15253]),0,15245,,,0.1,15253,0,0
15253,2,уставка·Σ,цена найма жилья,1·(1·[3]),1,0,,,1,3,0,0
15254,12,Π/Σ,коэф амортизац купленного жилья,[15251] / (1·1 + 1.5·[15274]),0,15251,,,1;1.5,const;15274,0,0
15255,4,1/(Tp+1)·g,всего имеется жилья,"clip(2·(2·[15252] + 1·[15251]), 0.01, 1)",2,0,1;0.01,0;0,2;1,15252;15251,51.6826,0
15256,9,Π,поток уплаты налога за купленное жилье,[15251]·[15292],0;0,15251;15292,,,,,0,0
15257,11,Π/Π,отношение нормы жилья к имеещемуся,[15293] / [15255],0,15293,0,15255,,,0,0
15258,12,Π/Σ,качество жизни,[15266]·[400] / (2·[15257] + 2·[15228]),0;0,15266;400,,,2;2,15257;15228,0,0
15259,2,уставка·Σ,масшт спроса на аренду жилья для весов ценн в расходах,0.1·(1·[15252]),0.1,0,,,1,15252,0,0
15260,11,Π/Π,поток покупок ТНП,[15264]·[15237] / [15273]·[5150],0;0,15264;15237,0;0,15273;5150,,,0,0
15261,5,∫ с пределами,накоплено купленных ТНП,"∫(1·[15260] + -1·[15262]) dt, x0=1, pa1=1, hi=10000",1;1,0;0,10000,0,1;-1,15260;15262,37.2153,0
15262,12,Π/Σ,амортизация ТНП,[15261] / (10·1 + 20·[15274]),0,15261,,,10;20,const;15274,0,0
15263,2,уставка·Σ,всего имущества (ТНП+Жил),0.03·(1·[15261] + 1·[15255]),0.03,0,,,1;1,15261;15255,0,0
15264,12,Π/Σ,треб ТНП,[15255] / (0.01·1 + 0.4·[15261]),0,15255,,,0.01;0.4,const;15261,0,0
15265,12,Π/Σ,треб услуг,[15263] / (1·1 + 1·[15263]),0,15263,,,1;1,const;15263,0,0
15266,11,Π/Π,формир спроса на досуг,[15275]·[15237] / [15273]·[4]·[4]·[4],0;0,15275;15237,0;0;0;0,15273;4;4;4,,,0,0
15267,9,Π,объем потребляемых благ в соц сфере для формиров натуральн потребности в эл-эн,[15273]·[15211],0;0,15273;15211,,,,,0,0
15268,1,Σ,всего расходы на личное жилье (его приобретение и налог при его содержании),1·[1856] + 1·[1844],,,,,1;1,1856;1844,0,0
15270,14,clip Σ,уровень денежн нак при котором нчинается активное приобрет жилья,"clip(-2.5·1 + 1·[15215], 0, 1e+08)",0,0,1e+08,0,-2.5;1,const;15215,0,0
15271,2,уставка·Σ,Цдосуга,1.25·(1·1),1.25,0,,,1,const,0,0
15273,4,1/(Tp+1)·g,сумма потребностей в усл+досуге+ТНП,"clip(1·(1·[15264] + 1·[15265] + 1·[15275]), 0.01, 1)",1,0,1;0.01,0;0,1;1;1,15264;15265;15275,9.32879,0
15274,11,Π/Π,спрос на услуги,[15265]·[15237] / [5]·[15273],0;0,15265;15237,0;0,5;15273,,,0,0
15275,12,Π/Σ,поток услуг освобождающий время на досуг,[15274]·[15288] / (0.1·1 + 1·[15274]),0;0,15274;15288,,,0.1;1,const;15274,0,0
15276,11,Π/Π,вес цены блага в расходах соц группы,[15266]·[4]·[4] / [15218],0;0;0,15266;4;4,0,15218,,,0,0
15277,11,Π/Π,вес цены блага в расходах соц группы,[15274]·[5]·[5] / [15218],0;0;0,15274;5;5,0,15218,,,0,0
15278,11,Π/Π,вес цены блага в расходах соц группы,[15260]·[5150]·[5150] / [15218],0;0;0,15260;5150;5150,0,15218,,,0,0
15279,11,Π/Π,вес цены блага в расходах соц группы,[15259]·[3]·[3] / [15218],0;0;0,15259;3;3,0,15218,,,0,0
15280,11,Π/Π,вес цены блага в расходах соц группы,[15241]·[15242]·[15242] / [15218],0;0;0,15241;15242;15242,0,15218,,,0,0
15281,11,Π/Π,вес цены блага в расходах соц группы,[15226]·[15224]·[15224] / [15218]·[15211],0;0;0,15226;15224;15224,0;0,15218;15211,,,0,0
15285,12,Π/Σ,индекс социальной напряженности,[15287] / (1·1 + 1·[15287]),0,15287,,,1;1,const;15287,0,0
15286,1,Σ,формир потребн в досуге от соц напряж,1·1,,,,,1,const,0,0
15287,12,Π/Σ,треб досуга,[15286] / (5·[15258] + 1·[15217]),0,15286,,,5;1,15258;15217,0,0
15288,4,1/(Tp+1)·g,треб досуга,"clip(1·(1·[15263] + 1·[15215]), 0.1, 1)",1,0,1;0.1,0;0,1;1,15263;15215,6.80686,0
15289,9,Π,накоплено денег в соц группе для возможной покупки дол,[15270]·[15211],0;0,15270;15211,,,,,0,0
15290,9,Π,уровень денежн накоплений насел при котором начинают покупать дол,[15215],0,15215,,,,,0,0
15291,1,Σ,сумма абсол знач весов цен благ соц гр,1·[15276] + 1·[15277] + 1·[15278] + 1·[15279] + 1·[15280] + 1·[15281],,,,,1;1;1;1;1;1,15276;15277;15278;15279;15280;15281,0,0
15292,2,уставка·Σ,ставка налога на жилье,1·(1·[7]),1,0,,,1,7,0,0
15293,2,уставка·Σ,норма жилья,10·(1·1),10,15293,,,1,const,0,1
15294,11,Π/Π,относит вес цены на ПП,[15281] / [15291],0,15281,0,15291,,,0,0
15295,11,Π/Π,относительный вес цены куплен жилья,[15280] / [15291],0,15280,0,15291,,,0,0
15296,11,Π/Π,относительный вес цены досуга,[15276] / [15291],0,15276,0,15291,,,0,0
15297,11,Π/Π,относительный вес цены услуг,[15277] / [15291],0,15277,0,15291,,,0,0
15298,11,Π/Π,относительный вес цены ТНП,[15278] / [15291],0,15278,0,15291,,,0,0
15299,11,Π/Π,относительный вес цены аренд жилья,[15279] / [15291],0,15279,0,15291,,,0,0
15302,2,уставка·Σ,доход пенс,1·(0.9592·[86]),1,15302,,,0.9592,86,0,1
15303,9,Π,сумма подоходн налога из соц группы,[15304]·[15311],0;0,15304;15311,,,,,0,0
15304,9,Π,масса подоходного налога,[15302]·[22],0;0,15302;22,,,,,0,0
15305,4,1/(Tp+1)·g,чистый доход,"clip(1·(1·[15302] + -1·[15306] + -1·[15304]), 0.1, 1)",1,0,1;0.1,0;0,1;-1;-1,15302;15306;15304,2.13044,0
15306,9,Π,другие платежи,[15302]·[21],0;0,15302;21,,,,,0,0
15307,9,Π,другие платежи,[15306]·[15311],0;0,15306;15311,,,,,0,0
15308,9,Π,спрос соц группы на услуги,[15374]·[15311],0;0,15374;15311,,,,,0,0
15309,9,Π,спрос на ТНП в социальной группе,[15360]·[15311],0;0,15360;15311,,,,,0,0
15310,9,Π,спрос на стоящ жилье в соц группе,[15344]·[15311],0;0,15344;15311,,,,,0,0
15311,2,уставка·Σ,количество человек в соц группе,1·(1·[15400]),1,15311,,,1,15400,0,1
15312,9,Π,формир фин возмож,[15328]·[15328],0;0,15328;15328,,,,,0,0
15314,10,Σ·[ref],формир финан возм,(2.3·[15312])·[15315],0,15315,,,2.3,15312,0,0
15315,5,∫ с пределами,денежные накопления,"∫(1·[15316] + -1·[15314] + -1·[15370]) dt, x0=1, pa1=0.001, hi=100000",1;0.001,0;0,100000,0,1;-1;-1,15316;15314;15370,0.0685479,0
15316,11,Π/Π,формир денежн накоплений,[15338]·[15338]·[15305] / [15319]·[15319],0;0;0,15338;15338;15305,0;0,15319;15319,,,0,0
15317,11,Π/Π,формир соц напряженности,[15315] / [15318],0,15315,0,15318,,,0,0
15318,4,1/(Tp+1)·g,финансовые возможности,"clip(1·(1·[15305] + 1·[15314] + -1·[15316]), 0.1, 1)",1,0,1;0.1,0;0,1;1;-1,15305;15314;15316,2.13059,0
15319,1,Σ,формирование денежн накоплений,1·1 + 1·[15338],,,,,1;1,const;15338,0,0
15320,1,Σ,расходы на ТНП Услуги и Досуг,1·[15318] + -1·[15321],,,,,1;-1,15318;15321,0,0
15321,9,Π,расходы на ПП и Жилье,[15331]·[15318],0;0,15331;15318,,,,,0,0
15322,12,Π/Σ,расходы на ПП,[15328]·[15321] / (1·[15328] + 1·[15336]),0;0,15328;15321,,,1;1,15328;15336,0,0
15323,14,clip Σ,расходы на жилье,"clip(1·[15321] + -1·[15322] + -1·[70], 0.01, 1e+07)",0.01,0,1e+07,0,1;-1;-1,15321;15322;70,0,0
15324,2,уставка·Σ,масштабир цены ПП в соц гр,0.08·(1·[4197]),0.08,0,,,1,4197,0,0
15325,12,Π/Σ,формир доли на ПП,[15324] / (0.001·1 + 0.2·[15322]),0,15324,,,0.001;0.2,const;15322,0,0
15326,11,Π/Π,спрос соц группы на ПП,[15311]·[15322] / [15324],0;0,15311;15322,0,15324,,,0,0
15327,12,Π/Σ,формир доли на ПП,[15325] / (1·[15325] + 1·[15322]),0,15325,,,1;1,15325;15322,0,0
15328,4,1/(Tp+1)·g,формир доли на ПП,"clip(1·(1·[15327]), 1, 1)",1,0,1;1,0;0,1,15327,0.745751,0
15329,14,clip Σ,,"clip(1·1 + -4·[15332], 0, 1)",0,0,1,0,1;-4,const;15332,0,0
15330,11,Π/Π,спрос на ПП,[15322] / [15324],0,15322,0,15324,,,0,0
15331,14,clip Σ,формир доли на ПП и Жил,"clip(1·[15328] + 1·[15336], 0, 1)",0,0,1,0,1;1,15328;15336,0,0
15332,14,clip Σ,формир доли на Жил,"clip(-0.5·1 + 1·[15328], 0, 100)",0,0,100,0,-0.5;1,const;15328,0,0
15333,1,Σ,формир доли на Жил,1·1 + 1·[15332],,,,,1;1,const;15332,0,0
15334,23,?23,формир доли на Жил,?23(1·[15333]; 10),10,0,,,1,15333,0,0
15335,11,Π/Π,доля на жилье,[15357] / [15334],0,15357,0,15334,,,0,0
15336,12,Π/Σ,доля на Жил,[15335] / (1·1 + 5·[15335]),0,15335,,,1;5,const;15335,0,0
15337,14,clip Σ,всего расходов на ТНП и др,"clip(1·[15320] + -1·[15356], 0, 1000)",0,0,1000,0,1;-1,15320;15356,0,0
15338,1,Σ,уровень жизни,1·1 + -1·[15328],,,,,1;-1,const;15328,0,0
15339,12,Π/Σ,натуральный спрос на покупку жилья (удовлетворенный),[15344] / (0.01·1 + 1·[15342]),0,15344,,,0.01;1,const;15342,0,0
15340,2,уставка·Σ,коэф перевода года в мес,1·(1·[15323]),1,0,,,1,15323,0,0
15341,11,Π/Π,спрос на строит жилья,[15340]·[15340] / [15342]·[15342],0;0,15340;15340,0;0,15342;15342,,,0,0
15342,2,уставка·Σ,цена строящ жилья,1·(1·[3120]),1,0,,,1,3120,0,0
15343,12,Π/Σ,доля на покупку жилья,[15348]·[15349]·[15341]·[15329] / (0.1·1 + 1·[15341]),0;0;0;0,15348;15349;15341;15329,,,0.1;1,const;15341,0,0
15344,9,Π,расходы на покупку жилья,[15323]·[15343],0;0,15323;15343,,,,,0,0
15345,14,clip Σ,расходы на наем жилья,"clip(1·[15323] + -1·[15344], 0, 1e+07)",0,0,1e+07,0,1;-1,15323;15344,0,0
15346,12,Π/Σ,формиров доли расходов на покупку жилья,[15353] / (1·[15342] + 1·[15353]),0,15353,,,1;1,15342;15353,0,0
15347,12,Π/Σ,формир доли расходов на покупку жилья,[15353] / (20·[15392]),0,15353,,,20,15392,0,0
15348,4,1/(Tp+1)·g,формир доли расх на жилье,"clip(1·(1·[15346]), 0.1, 1)",1,0,1;0.1,0;0,1,15346,0.353724,0
15349,4,1/(Tp+1)·g,формир доли расх на жилье,"clip(1·(1·[15347]), 0.1, 1)",1,0,1;0.1,0;0,1,15347,1,0
15350,9,Π,спрос на досуг в соц группы,[15311]·[15366]·[15337],0;0;0,15311;15366;15337,,,,,0,0
15351,5,∫ с пределами,куплено всего жилья,"∫(1·[15339] + -0.01·[15354]) dt, x0=1, pa1=0, hi=10000",1;0,0;0,10000,0,1;-0.01,15339;15354,3.20939,0
15352,12,Π/Σ,всего нанято жилья,[15345] / (0.1·[15353]),0,15345,,,0.1,15353,0,0
15353,2,уставка·Σ,цена найма жилья,1·(1·[3]),1,0,,,1,3,0,0
15354,12,Π/Σ,коэф амортизац купленного жилья,[15351] / (1·1 + 1.5·[15374]),0,15351,,,1;1.5,const;15374,0,0
15355,4,1/(Tp+1)·g,всего имеется жилья,"clip(2·(2·[15352] + 1·[15351]), 0.01, 1)",2,0,1;0.01,0;0,2;1,15352;15351,6.81942,0
15356,9,Π,поток уплаты налога за купленное жилье,[15351]·[15392],0;0,15351;15392,,,,,0,0
15357,11,Π/Π,отношение нормы жилья к имеещемуся,[15393] / [15355],0,15393,0,15355,,,0,0
15358,12,Π/Σ,качество жизни,[15366]·[400] / (2·[15357] + 2·[15328]),0;0,15366;400,,,2;2,15357;15328,0,0
15359,2,уставка·Σ,масшт спроса на аренду жилья для весов ценн в расходах,0.1·(1·[15352]),0.1,0,,,1,15352,0,0
15360,11,Π/Π,поток покупок ТНП,[15364]·[15337] / [15373]·[5150],0;0,15364;15337,0;0,15373;5150,,,0,0
15361,5,∫ с пределами,накоплено купленных ТНП,"∫(1·[15360] + -1·[15362]) dt, x0=1, pa1=1, hi=10000",1;1,0;0,10000,0,1;-1,15360;15362,1.92415,0
15362,12,Π/Σ,амортизация ТНП,[15361] / (10·1 + 20·[15374]),0,15361,,,10;20,const;15374,0,0
15363,2,уставка·Σ,всего имущества (ТНП+Жил),0.03·(1·[15361] + 1·[15355]),0.03,0,,,1;1,15361;15355,0,0
15364,12,Π/Σ,треб ТНП,[15355] / (0.01·1 + 0.4·[15361]),0,15355,,,0.01;0.4,const;15361,0,0
15365,12,Π/Σ,треб услуг,[15363] / (1·1 + 1·[15363]),0,15363,,,1;1,const;15363,0,0
15366,11,Π/Π,формир спроса на досуг,[15375]·[15337] / [15373]·[4]·[4]·[4],0;0,15375;15337,0;0;0;0,15373;4;4;4,,,0,0
15367,9,Π,объем потребляемых благ в соц сфере для формиров натуральн потребности в эл-эн,[15373]·[15311],0;0,15373;15311,,,,,0,0
15368,1,Σ,всего расходы на личное жилье (его приобретение и налог при его содержании),1·[1856] + 1·[1844],,,,,1;1,1856;1844,0,0
15370,14,clip Σ,уровень денежн нак при котором нчинается активное приобрет жилья,"clip(-2.5·1 + 1·[15315], 0, 1e+08)",0,0,1e+08,0,-2.5;1,const;15315,0,0
15371,2,уставка·Σ,Цдосуга,1.25·(1·1),1.25,0,,,1,const,0,0
15373,4,1/(Tp+1)·g,сумма потребностей в усл+досуге+ТНП,"clip(1·(1·[15364] + 1·[15365] + 1·[15375]), 0.01, 1)",1,0,1;0.01,0;0,1;1;1,15364;15365;15375,8.96134,0
15374,11,Π/Π,спрос на услуги,[15365]·[15337] / [5]·[15373],0;0,15365;15337,0;0,5;15373,,,0,0
15375,12,Π/Σ,поток услуг освобождающий время на досуг,[15374]·[15388] / (0.1·1 + 1·[15374]),0;0,15374;15388,,,0.1;1,const;15374,0,0
15376,11,Π/Π,вес цены блага в расходах соц группы,[15366]·[4]·[4] / [15318],0;0;0,15366;4;4,0,15318,,,0,0
15377,11,Π/Π,вес цены блага в расходах соц группы,[15374]·[5]·[5] / [15318],0;0;0,15374;5;5,0,15318,,,0,0
15378,11,Π/Π,вес цены блага в расходах соц группы,[15360]·[5150]·[5150] / [15318],0;0;0,15360;5150;5150,0,15318,,,0,0
15379,11,Π/Π,вес цены блага в расходах соц группы,[15359]·[3]·[3] / [15318],0;0;0,15359;3;3,0,15318,,,0,0
15380,11,Π/Π,вес цены блага в расходах соц группы,[15341]·[15342]·[15342] / [15318],0;0;0,15341;15342;15342,0,15318,,,0,0
15381,11,Π/Π,вес цены блага в расходах соц группы,[15326]·[15324]·[15324] / [15318]·[15311],0;0;0,15326;15324;15324,0;0,15318;15311,,,0,0
15385,12,Π/Σ,индекс социальной напряженности,[15387] / (1·1 + 1·[15387]),0,15387,,,1;1,const;15387,0,0
15386,1,Σ,формир потребн в досуге от соц напряж,1·1,,,,,1,const,0,0
15387,12,Π/Σ,треб досуга,[15386] / (5·[15358] + 1·[15317]),0,15386,,,5;1,15358;15317,0,0
15388,4,1/(Tp+1)·g,треб досуга,"clip(1·(1·[15363] + 1·[15315]), 0.1, 1)",1,0,1;0.1,0;0,1;1,15363;15315,0.331168,0
15389,9,Π,накоплено денег в соц группе для возможной покупки дол,[15370]·[15311],0;0,15370;15311,,,,,0,0
15390,9,Π,уровень денежн накоплений насел при котором начинают покупать дол,[15315],0,15315,,,,,0,0
15391,1,Σ,сумма абсол знач весов цен благ соц гр,1·[15376] + 1·[15377] + 1·[15378] + 1·[15379] + 1·[15380] + 1·[15381],,,,,1;1;1;1;1;1,15376;15377;15378;15379;15380;15381,0,0
15392,2,уставка·Σ,ставка налога на жилье,1·(1·[7]),1,0,,,1,7,0,0
15393,2,уставка·Σ,норма жилья,10·(1·1),10,15393,,,1,const,0,1
15394,11,Π/Π,относит вес цены на ПП,[15381] / [15391],0,15381,0,15391,,,0,0
15395,11,Π/Π,относительный вес цены куплен жилья,[15380] / [15391],0,15380,0,15391,,,0,0
15396,11,Π/Π,относительный вес цены досуга,[15376] / [15391],0,15376,0,15391,,,0,0
15397,11,Π/Π,относительный вес цены услуг,[15377] / [15391],0,15377,0,15391,,,0,0
15398,11,Π/Π,относительный вес цены ТНП,[15378] / [15391],0,15378,0,15391,,,0,0
15399,11,Π/Π,относительный вес цены аренд жилья,[15379] / [15391],0,15379,0,15391,,,0,0
15400,1,Σ,постоянное колич пенсионеров для экрана уровня икачества жизни,61.5·1,,,,,61.5,const,0,0
15402,2,уставка·Σ,доход безр,1·(1.24·[87]),1,15402,,,1.24,87,0,1
15403,9,Π,сумма подоходн налога из соц группы,[15404]·[15411],0;0,15404;15411,,,,,0,0
15404,9,Π,масса подоходного налога,[15402]·[22],0;0,15402;22,,,,,0,0
15405,4,1/(Tp+1)·g,чистый доход,"clip(1·(1·[15402] + -1·[15406] + -1·[15404]), 0.1, 1)",1,0,1;0.1,0;0,1;-1;-1,15402;15406;15404,8.2336,0
15406,9,Π,другие платежи,[15402]·[21],0;0,15402;21,,,,,0,0
15407,9,Π,другие платежи,[15406]·[15411],0;0,15406;15411,,,,,0,0
15408,9,Π,спрос соц группы на услуги,[15474]·[15411],0;0,15474;15411,,,,,0,0
15409,9,Π,спрос на ТНП в социальной группе,[15460]·[15411],0;0,15460;15411,,,,,0,0
15410,9,Π,спрос на стоящ жилье в соц группе,[15444]·[15411],0;0,15444;15411,,,,,0,0
15411,2,уставка·Σ,количество человек в соц группе,1·(1·1),1,15511,,,1,const,0,0
15412,9,Π,формир фин возмож,[15428]·[15428],0;0,15428;15428,,,,,0,0
15414,10,Σ·[ref],формир финан возм,(2.3·[15412])·[15415],0,15415,,,2.3,15412,0,0
15415,5,∫ с пределами,денежные накопления,"∫(1·[15416] + -1·[15414] + -1·[15470]) dt, x0=1, pa1=0.001, hi=100000",1;0.001,0;0,100000,0,1;-1;-1,15416;15414;15470,2.63977,0
15416,11,Π/Π,формир денежн накоплений,[15438]·[15438]·[15405] / [15419]·[15419],0;0;0,15438;15438;15405,0;0,15419;15419,,,0,0
15417,11,Π/Π,формир соц напряженности,[15415] / [15418],0,15415,0,15418,,,0,0
15418,4,1/(Tp+1)·g,финансовые возможности,"clip(1·(1·[15405] + 1·[15414] + -1·[15416]), 0.1, 1)",1,0,1;0.1,0;0,1;1;-1,15405;15414;15416,8.09501,0
15419,1,Σ,формирование денежн накоплений,1·1 + 1·[15438],,,,,1;1,const;15438,0,0
15420,1,Σ,расходы на ТНП Услуги и Досуг,1·[15418] + -1·[15421],,,,,1;-1,15418;15421,0,0
15421,9,Π,расходы на ПП и Жилье,[15431]·[15418],0;0,15431;15418,,,,,0,0
15422,12,Π/Σ,расходы на ПП,[15428]·[15421] / (1·[15428] + 1·[15436]),0;0,15428;15421,,,1;1,15428;15436,0,0
15423,14,clip Σ,расходы на жилье,"clip(1·[15421] + -1·[15422] + -1·[70], 0.01, 1e+07)",0.01,0,1e+07,0,1;-1;-1,15421;15422;70,0,0
15424,2,уставка·Σ,масштабир цены ПП в соц гр,0.08·(1·[4197]),0.08,0,,,1,4197,0,0
15425,12,Π/Σ,формир доли на ПП,[15424] / (0.001·1 + 0.2·[15422]),0,15424,,,0.001;0.2,const;15422,0,0
15426,11,Π/Π,спрос соц группы на ПП,[15411]·[15422] / [15424],0;0,15411;15422,0,15424,,,0,0
15427,12,Π/Σ,формир доли на ПП,[15425] / (1·[15425] + 1·[15422]),0,15425,,,1;1,15425;15422,0,0
15428,4,1/(Tp+1)·g,формир доли на ПП,"clip(1·(1·[15427]), 0.1, 1)",1,0,1;0.1,0;0,1,15427,0.406535,0
15429,14,clip Σ,,"clip(1·1 + -4·[15432], 0, 1)",0,0,1,0,1;-4,const;15432,0,0
15430,11,Π/Π,спрос на ПП,[15422] / [15424],0,15422,0,15424,,,0,0
15431,14,clip Σ,формир доли на ПП и Жил,"clip(1·[15428] + 1·[15436], 0, 1)",0,0,1,0,1;1,15428;15436,0,0
15432,14,clip Σ,формир доли на Жил,"clip(-0.5·1 + 1·[15428], 0, 100)",0,0,100,0,-0.5;1,const;15428,0,0
15433,1,Σ,формир доли на Жил,1·1 + 1·[15432],,,,,1;1,const;15432,0,0
15434,23,?23,формир доли на Жил,?23(1·[15433]; 10),10,0,,,1,15433,0,0
15435,11,Π/Π,доля на жилье,[15457] / [15434],0,15457,0,15434,,,0,0
15436,12,Π/Σ,доля на Жил,[15435] / (1·1 + 5·[15435]),0,15435,,,1;5,const;15435,0,0
15437,14,clip Σ,всего расходов на ТНП и др,"clip(1·[15420] + -1·[15456], 0, 1000)",0,0,1000,0,1;-1,15420;15456,0,0
15438,1,Σ,уровень жизни,1·1 + -1·[15428],,,,,1;-1,const;15428,0,0
15439,12,Π/Σ,натуральный спрос на покупку жилья (удовлетворенный),[15444] / (0.01·1 + 1·[15442]),0,15444,,,0.01;1,const;15442,0,0
15440,2,уставка·Σ,коэф перевода года в мес,1·(1·[15423]),1,0,,,1,15423,0,0
15441,11,Π/Π,спрос на строит жилья,[15440]·[15440] / [15442]·[15442],0;0,15440;15440,0;0,15442;15442,,,0,0
15442,2,уставка·Σ,цена строящ жилья,1·(1·[3120]),1,0,,,1,3120,0,0
15443,12,Π/Σ,доля на покупку жилья,[15448]·[15449]·[15441]·[15429] / (0.1·1 + 1·[15441]),0;0;0;0,15448;15449;15441;15429,,,0.1;1,const;15441,0,0
15444,9,Π,расходы на покупку жилья,[15423]·[15443],0;0,15423;15443,,,,,0,0
15445,14,clip Σ,расходы на наем жилья,"clip(1·[15423] + -1·[15444], 0, 1e+07)",0,0,1e+07,0,1;-1,15423;15444,0,0
15446,12,Π/Σ,формиров доли расходов на покупку жилья,[15453] / (1·[15442] + 1·[15453]),0,15453,,,1;1,15442;15453,0,0
15447,12,Π/Σ,формир доли расходов на покупку жилья,[15453] / (20·[15492]),0,15453,,,20,15492,0,0
15448,4,1/(Tp+1)·g,формир доли расх на жилье,"clip(1·(1·[15446]), 0.1, 1)",1,0,1;0.1,0;0,1,15446,0.353724,0
15449,4,1/(Tp+1)·g,формир доли расх на жилье,"clip(1·(1·[15447]), 0.1, 1)",1,0,1;0.1,0;0,1,15447,1,0
15450,9,Π,спрос на досуг в соц группы,[15411]·[15466]·[15437],0;0;0,15411;15466;15437,,,,,0,0
15451,5,∫ с пределами,куплено всего жилья,"∫(1·[15439] + -0.01·[15454]) dt, x0=1, pa1=0, hi=10000",1;0,0;0,10000,0,1;-0.01,15439;15454,8.15054,0
15452,12,Π/Σ,всего нанято жилья,[15445] / (0.1·[15453]),0,15445,,,0.1,15453,0,0
15453,2,уставка·Σ,цена найма жилья,1·(1·[3]),1,0,,,1,3,0,0
15454,12,Π/Σ,коэф амортизац купленного жилья,[15451] / (1·1 + 1.5·[15474]),0,15451,,,1;1.5,const;15474,0,0
15455,4,1/(Tp+1)·g,всего имеется жилья,"clip(2·(2·[15452] + 1·[15451]), 0.01, 1)",2,0,1;0.01,0;0,2;1,15452;15451,33.3464,0
15456,9,Π,поток уплаты налога за купленное жилье,[15451]·[15492],0;0,15451;15492,,,,,0,0
15457,11,Π/Π,отношение нормы жилья к имеещемуся,[15493] / [15455],0,15493,0,15455,,,0,0
15458,12,Π/Σ,качество жизни,[15466]·[400] / (2·[15457] + 2·[15428]),0;0,15466;400,,,2;2,15457;15428,0,0
15459,2,уставка·Σ,масшт спроса на аренду жилья для весов ценн в расходах,0.1·(1·[15452]),0.1,0,,,1,15452,0,0
15460,11,Π/Π,поток покупок ТНП,[15464]·[15437] / [15473]·[5150],0;0,15464;15437,0;0,15473;5150,,,0,0
15461,5,∫ с пределами,накоплено купленных ТНП,"∫(1·[15460] + -1·[15462]) dt, x0=1, pa1=1, hi=10000",1;1,0;0,10000,0,1;-1,15460;15462,21.5096,0
15462,12,Π/Σ,амортизация ТНП,[15461] / (10·1 + 20·[15474]),0,15461,,,10;20,const;15474,0,0
15463,2,уставка·Σ,всего имущества (ТНП+Жил),0.03·(1·[15461] + 1·[15455]),0.03,0,,,1;1,15461;15455,0,0
15464,12,Π/Σ,треб ТНП,[15455] / (0.01·1 + 0.4·[15461]),0,15455,,,0.01;0.4,const;15461,0,0
15465,12,Π/Σ,треб услуг,[15463] / (1·1 + 1·[15463]),0,15463,,,1;1,const;15463,0,0
15466,11,Π/Π,формир спроса на досуг,[15475]·[15437] / [15473]·[4]·[4]·[4],0;0,15475;15437,0;0;0;0,15473;4;4;4,,,0,0
15467,9,Π,объем потребляемых благ в соц сфере для формиров натуральн потребности в эл-эн,[15473]·[15411],0;0,15473;15411,,,,,0,0
15468,1,Σ,всего расходы на личное жилье (его приобретение и налог при его содержании),1·[1856] + 1·[1844],,,,,1;1,1856;1844,0,0
15470,14,clip Σ,уровень денежн нак при котором нчинается активное приобрет жилья,"clip(-2.5·1 + 1·[15415], 0, 1e+08)",0,0,1e+08,0,-2.5;1,const;15415,0,0
15471,2,уставка·Σ,Цдосуга,1.25·(1·1),1.25,0,,,1,const,0,0
15473,4,1/(Tp+1)·g,сумма потребностей в усл+досуге+ТНП,"clip(1·(1·[15464] + 1·[15465] + 1·[15475]), 0.01, 1)",1,0,1;0.01,0;0,1;1;1,15464;15465;15475,7.12889,0
15474,11,Π/Π,спрос на услуги,[15465]·[15437] / [5]·[15473],0;0,15465;15437,0;0,5;15473,,,0,0
15475,12,Π/Σ,поток услуг освобождающий время на досуг,[15474]·[15488] / (0.1·1 + 1·[15474]),0;0,15474;15488,,,0.1;1,const;15474,0,0
15476,11,Π/Π,вес цены блага в расходах соц группы,[15466]·[4]·[4] / [15418],0;0;0,15466;4;4,0,15418,,,0,0
15477,11,Π/Π,вес цены блага в расходах соц группы,[15474]·[5]·[5] / [15418],0;0;0,15474;5;5,0,15418,,,0,0
15478,11,Π/Π,вес цены блага в расходах соц группы,[15460]·[5150]·[5150] / [15418],0;0;0,15460;5150;5150,0,15418,,,0,0
15479,11,Π/Π,вес цены блага в расходах соц группы,[15459]·[3]·[3] / [15418],0;0;0,15459;3;3,0,15418,,,0,0
15480,11,Π/Π,вес цены блага в расходах соц группы,[15441]·[15442]·[15442] / [15418],0;0;0,15441;15442;15442,0,15418,,,0,0
15481,11,Π/Π,вес цены блага в расходах соц группы,[15426]·[15424]·[15424] / [15418]·[15411],0;0;0,15426;15424;15424,0;0,15418;15411,,,0,0
15485,12,Π/Σ,индекс социальной напряженности,[15487] / (1·1 + 1·[15487]),0,15487,,,1;1,const;15487,0,0
15486,1,Σ,формир потребн в досуге от соц напряж,1·1,,,,,1,const,0,0
15487,12,Π/Σ,треб досуга,[15486] / (5·[15458] + 1·[15417]),0,15486,,,5;1,15458;15417,0,0
15488,4,1/(Tp+1)·g,треб досуга,"clip(1·(1·[15463] + 1·[15415]), 0.1, 1)",1,0,1;0.1,0;0,1;1,15463;15415,4.28587,0
15489,9,Π,накоплено денег в соц группе для возможной покупки дол,[15470]·[15411],0;0,15470;15411,,,,,0,0
15490,9,Π,уровень денежн накоплений насел при котором начинают покупать дол,[15415],0,15415,,,,,0,0
15491,1,Σ,сумма абсол знач весов цен благ соц гр,1·[15476] + 1·[15477] + 1·[15478] + 1·[15479] + 1·[15480] + 1·[15481],,,,,1;1;1;1;1;1,15476;15477;15478;15479;15480;15481,0,0
15492,2,уставка·Σ,ставка налога на жилье,1·(1·[7]),1,0,,,1,7,0,0
15493,2,уставка·Σ,норма жилья,10·(1·1),10,15493,,,1,const,0,1
15494,11,Π/Π,относит вес цены на ПП,[15481] / [15491],0,15481,0,15491,,,0,0
15495,11,Π/Π,относительный вес цены куплен жилья,[15480] / [15491],0,15480,0,15491,,,0,0
15496,11,Π/Π,относительный вес цены досуга,[15476] / [15491],0,15476,0,15491,,,0,0
15497,11,Π/Π,относительный вес цены услуг,[15477] / [15491],0,15477,0,15491,,,0,0
15498,11,Π/Π,относительный вес цены ТНП,[15478] / [15491],0,15478,0,15491,,,0,0
15499,11,Π/Π,относительный вес цены аренд жилья,[15479] / [15491],0,15479,0,15491,,,0,0
15502,2,уставка·Σ,доход предпр,1·(0.02677·[4185]),1,15502,,,0.02677,4185,0,1
15503,9,Π,сумма подоходн налога из соц группы,[15504]·[15511],0;0,15504;15511,,,,,0,0
15504,9,Π,масса подоходного налога,[15502]·[22],0;0,15502;22,,,,,0,0
15505,4,1/(Tp+1)·g,чистый доход,"clip(1·(1·[15502] + -1·[15506] + -1·[15504]), 0.1, 1)",1,0,1;0.1,0;0,1;-1;-1,15502;15506;15504,51.8298,0
15506,9,Π,другие платежи,[15502]·[21],0;0,15502;21,,,,,0,0
15507,9,Π,другие платежи,[15506]·[15511],0;0,15506;15511,,,,,0,0
15508,9,Π,спрос соц группы на услуги,[15574]·[15511],0;0,15574;15511,,,,,0,0
15509,9,Π,спрос на ТНП в социальной группе,[15560]·[15511],0;0,15560;15511,,,,,0,0
15510,9,Π,спрос на стоящ жилье в соц группе,[15544]·[15511],0;0,15544;15511,,,,,0,0
15511,2,уставка·Σ,количество человек в соц группе коммерс,1·(1·1),1,15511,,,1,const,0,1
15512,9,Π,формир фин возмож,[15528]·[15528],0;0,15528;15528,,,,,0,0
15514,10,Σ·[ref],формир финан возм,(2.3·[15512])·[15515],0,15515,,,2.3,15512,0,0
15515,5,∫ с пределами,денежные накопления,"∫(1·[15516] + -1·[15514] + -1·[15570]) dt, x0=1, pa1=0.001, hi=100000",1;0.001,0;0,100000,0,1;-1;-1,15516;15514;15570,12.7005,0
15516,11,Π/Π,формир денежн накоплений,[15538]·[15538]·[15505] / [15519]·[15519],0;0;0,15538;15538;15505,0;0,15519;15519,,,0,0
15517,11,Π/Π,формир соц напряженности,[15515] / [15518],0,15515,0,15518,,,0,0
15518,4,1/(Tp+1)·g,финансовые возможности,"clip(1·(1·[15505] + 1·[15514] + -1·[15516]), 0.1, 1)",1,0,1;0.1,0;0,1;1;-1,15505;15514;15516,41.6284,0
15519,1,Σ,формирование денежн накоплений,1·1 + 1·[15538],,,,,1;1,const;15538,0,0
15520,1,Σ,расходы на ТНП Услуги и Досуг,1·[15518] + -1·[15521],,,,,1;-1,15518;15521,0,0
15521,9,Π,расходы на ПП и Жилье,[15531]·[15518],0;0,15531;15518,,,,,0,0
15522,12,Π/Σ,расходы на ПП,[15528]·[15521] / (1·[15528] + 1·[15536]),0;0,15528;15521,,,1;1,15528;15536,0,0
15523,14,clip Σ,расходы на жилье,"clip(1·[15521] + -1·[15522] + -1·[70], 0.01, 1e+07)",0.01,0,1e+07,0,1;-1;-1,15521;15522;70,0,0
15524,2,уставка·Σ,масштабир цены ПП в соц гр,0.08·(1·[4197]),0.08,0,,,1,4197,0,0
15525,12,Π/Σ,формир доли на ПП,[15524] / (0.001·1 + 0.2·[15522]),0,15524,,,0.001;0.2,const;15522,0,0
15526,11,Π/Π,спрос соц группы на ПП,[15511]·[15522] / [15524],0;0,15511;15522,0,15524,,,0,0
15527,12,Π/Σ,формир доли на ПП,[15525] / (1·[15525] + 1·[15522]),0,15525,,,1;1,15525;15522,0,0
15528,4,1/(Tp+1)·g,формир доли на ПП,"clip(1·(1·[15527]), 0.1, 1)",1,0,1;0.1,0;0,1,15527,0.153631,0
15529,14,clip Σ,,"clip(1·1 + -4·[15532], 0, 1)",0,0,1,0,1;-4,const;15532,0,0
15530,11,Π/Π,спрос на ПП,[15522] / [15524],0,15522,0,15524,,,0,0
15531,14,clip Σ,формир доли на ПП и Жил,"clip(1·[15528] + 1·[15536], 0, 1)",0,0,1,0,1;1,15528;15536,0,0
15532,14,clip Σ,формир доли на Жил,"clip(-0.5·1 + 1·[15528], 0, 100)",0,0,100,0,-0.5;1,const;15528,0,0
15533,1,Σ,формир доли на Жил,1·1 + 1·[15532],,,,,1;1,const;15532,0,0
15534,23,?23,формир доли на Жил,?23(1·[15533]; 10),10,0,,,1,15533,0,0
15535,11,Π/Π,доля на жилье,[15557] / [15534],0,15557,0,15534,,,0,0
15536,12,Π/Σ,доля на Жил,[15535] / (1·1 + 5·[15535]),0,15535,,,1;5,const;15535,0,0
15537,14,clip Σ,всего расходов на ТНП и др,"clip(1·[15520] + -1·[15556], 0, 1000)",0,0,1000,0,1;-1,15520;15556,0,0
15538,1,Σ,уровень жизни,1·1 + -1·[15528],,,,,1;-1,const;15528,0,0
15539,12,Π/Σ,натуральный спрос на покупку жилья (удовлетворенный),[15544] / (0.01·1 + 1·[15542]),0,15544,,,0.01;1,const;15542,0,0
15540,2,уставка·Σ,коэф перевода года в мес,1·(1·[15523]),1,0,,,1,15523,0,0
15541,11,Π/Π,спрос на строит жилья,[15540]·[15540] / [15542]·[15542],0;0,15540;15540,0;0,15542;15542,,,0,0
15542,2,уставка·Σ,цена строящ жилья,1·(1·[3120]),1,0,,,1,3120,0,0
15543,12,Π/Σ,доля на покупку жилья,[15548]·[15549]·[15541]·[15529] / (0.1·1 + 1·[15541]),0;0;0;0,15548;15549;15541;15529,,,0.1;1,const;15541,0,0
15544,9,Π,расходы на покупку жилья,[15523]·[15543],0;0,15523;15543,,,,,0,0
15545,14,clip Σ,расходы на наем жилья,"clip(1·[15523] + -1·[15544], 0, 1e+07)",0,0,1e+07,0,1;-1,15523;15544,0,0
15546,12,Π/Σ,формиров доли расходов на покупку жилья,[15553] / (1·[15542] + 1·[15553]),0,15553,,,1;1,15542;15553,0,0
15547,12,Π/Σ,формир доли расходов на покупку жилья,[15553] / (20·[15592]),0,15553,,,20,15592,0,0
15548,4,1/(Tp+1)·g,формир доли расх на жилье,"clip(1·(1·[15546]), 0.1, 1)",1,0,1;0.1,0;0,1,15546,0.353724,0
15549,4,1/(Tp+1)·g,формир доли расх на жилье,"clip(1·(1·[15547]), 0.1, 1)",1,0,1;0.1,0;0,1,15547,1,0
15550,9,Π,спрос на досуг в соц группы,[15511]·[15566]·[15537],0;0;0,15511;15566;15537,,,,,0,0
15551,5,∫ с пределами,куплено всего жилья,"∫(1·[15539] + -0.01·[15554]) dt, x0=1, pa1=0, hi=10000",1;0,0;0,10000,0,1;-0.01,15539;15554,55.9008,0
15552,12,Π/Σ,всего нанято жилья,[15545] / (0.1·[15553]),0,15545,,,0.1,15553,0,0
15553,2,уставка·Σ,цена найма жилья,1·(1·[3]),1,0,,,1,3,0,0
15554,12,Π/Σ,коэф амортизац купленного жилья,[15551] / (1·1 + 1.5·[15574]),0,15551,,,1;1.5,const;15574,0,0
15555,4,1/(Tp+1)·g,всего имеется жилья,"clip(2·(2·[15552] + 1·[15551]), 0.01, 1)",2,0,1;0.01,0;0,2;1,15552;15551,154.875,0
15556,9,Π,поток уплаты налога за купленное жилье,[15551]·[15592],0;0,15551;15592,,,,,0,0
15557,11,Π/Π,отношение нормы жилья к имеещемуся,[15593] / [15555],0,15593,0,15555,,,0,0
15558,12,Π/Σ,качество жизни,[15566]·[400] / (2·[15557] + 2·[15528]),0;0,15566;400,,,2;2,15557;15528,0,0
15559,2,уставка·Σ,масшт спроса на аренду жилья для весов ценн в расходах,0.1·(1·[15552]),0.1,0,,,1,15552,0,0
15560,11,Π/Π,поток покупок ТНП,[15564]·[15537] / [15573]·[5150],0;0,15564;15537,0;0,15573;5150,,,0,0
15561,5,∫ с пределами,накоплено купленных ТНП,"∫(1·[15560] + -1·[15562]) dt, x0=1, pa1=1, hi=10000",1;1,0;0,10000,0,1;-1,15560;15562,100.34,0
15562,12,Π/Σ,амортизация ТНП,[15561] / (10·1 + 20·[15574]),0,15561,,,10;20,const;15574,0,0
15563,2,уставка·Σ,всего имущества (ТНП+Жил),0.03·(1·[15561] + 1·[15555]),0.03,0,,,1;1,15561;15555,0,0
15564,12,Π/Σ,треб ТНП,[15555] / (0.01·1 + 0.4·[15561]),0,15555,,,0.01;0.4,const;15561,0,0
15565,12,Π/Σ,треб услуг,[15563] / (1·1 + 1·[15563]),0,15563,,,1;1,const;15563,0,0
15566,11,Π/Π,формир спроса на досуг,[15575]·[15537] / [15573]·[4]·[4]·[4],0;0,15575;15537,0;0;0;0,15573;4;4;4,,,0,0
15567,9,Π,объем потребляемых благ в соц сфере для формиров натуральн потребности в эл-эн,[15573]·[15511],0;0,15573;15511,,,,,0,0
15568,1,Σ,всего расходы на личное жилье (его приобретение и налог при его содержании),1·[1856] + 1·[1844],,,,,1;1,1856;1844,0,0
15570,14,clip Σ,уровень денежн нак при котором нчинается активное приобрет жилья,"clip(-2.5·1 + 1·[15515], 0, 1e+08)",0,0,1e+08,0,-2.5;1,const;15515,0,0
15571,2,уставка·Σ,Цдосуга,1.25·(1·1),1.25,0,,,1,const,0,0
15573,4,1/(Tp+1)·g,сумма потребностей в усл+досуге+ТНП,"clip(1·(1·[15564] + 1·[15565] + 1·[15575]), 0.01, 1)",1,0,1;0.01,0;0,1;1;1,15564;15565;15575,22.3585,0
15574,11,Π/Π,спрос на услуги,[15565]·[15537] / [5]·[15573],0;0,15565;15537,0;0,5;15573,,,0,0
15575,12,Π/Σ,поток услуг освобождающий время на досуг,[15574]·[15588] / (0.1·1 + 1·[15574]),0;0,15574;15588,,,0.1;1,const;15574,0,0
15576,11,Π/Π,вес цены блага в расходах соц группы,[15566]·[4]·[4] / [15518],0;0;0,15566;4;4,0,15518,,,0,0
15577,11,Π/Π,вес цены блага в расходах соц группы,[15574]·[5]·[5] / [15518],0;0;0,15574;5;5,0,15518,,,0,0
15578,11,Π/Π,вес цены блага в расходах соц группы,[15560]·[5150]·[5150] / [15518],0;0;0,15560;5150;5150,0,15518,,,0,0
15579,11,Π/Π,вес цены блага в расходах соц группы,[15559]·[3]·[3] / [15518],0;0;0,15559;3;3,0,15518,,,0,0
15580,11,Π/Π,вес цены блага в расходах соц группы,[15541]·[15542]·[15542] / [15518],0;0;0,15541;15542;15542,0,15518,,,0,0
15581,11,Π/Π,вес цены блага в расходах соц группы,[15526]·[15524]·[15524] / [15518]·[15511],0;0;0,15526;15524;15524,0;0,15518;15511,,,0,0
15585,12,Π/Σ,индекс социальной напряженности,[15587] / (1·1 + 1·[15587]),0,15587,,,1;1,const;15587,0,0
15586,1,Σ,формир потребн в досуге от соц напряж,1·1,,,,,1,const,0,0
15587,12,Π/Σ,треб досуга,[15586] / (5·[15558] + 1·[15517]),0,15586,,,5;1,15558;15517,0,0
15588,4,1/(Tp+1)·g,треб досуга,"clip(1·(1·[15563] + 1·[15515]), 0.1, 1)",1,0,1;0.1,0;0,1;1,15563;15515,20.3568,0
15589,9,Π,накоплено денег в соц группе для возможной покупки дол,[15570]·[15511],0;0,15570;15511,,,,,0,0
15590,9,Π,уровень денежн накоплений насел при котором начинают покупать дол,[15515],0,15515,,,,,0,0
15591,1,Σ,сумма абсол знач весов цен благ соц гр,1·[15576] + 1·[15577] + 1·[15578] + 1·[15579] + 1·[15580] + 1·[15581],,,,,1;1;1;1;1;1,15576;15577;15578;15579;15580;15581,0,0
15592,2,уставка·Σ,ставка налога на жилье,1·(1·[7]),1,0,,,1,7,0,0
15593,2,уставка·Σ,норма жилья,10·(1·1),10,15593,,,1,const,0,1
15594,11,Π/Π,относит вес цены на ПП,[15581] / [15591],0,15581,0,15591,,,0,0
15595,11,Π/Π,относительный вес цены куплен жилья,[15580] / [15591],0,15580,0,15591,,,0,0
15596,11,Π/Π,относительный вес цены досуга,[15576] / [15591],0,15576,0,15591,,,0,0
15597,11,Π/Π,относительный вес цены услуг,[15577] / [15591],0,15577,0,15591,,,0,0
15598,11,Π/Π,относительный вес цены ТНП,[15578] / [15591],0,15578,0,15591,,,0,0
15599,11,Π/Π,относительный вес цены аренд жилья,[15579] / [15591],0,15579,0,15591,,,0,0
16102,2,уставка·Σ,доход бюдж,1·(0.3297·[851]),1,16102,,,0.3297,851,0,1
16103,9,Π,сумма подоходн налога из соц группы,[16104]·[16111],0;0,16104;16111,,,,,0,0
16104,9,Π,масса подоходного налога,[16102]·[22],0;0,16102;22,,,,,0,0
16105,4,1/(Tp+1)·g,чистый доход,"clip(1·(1·[16102] + -1·[16106] + -1·[16104]), 0.1, 1)",1,0,1;0.1,0;0,1;-1;-1,16102;16106;16104,15.4212,0
16106,9,Π,другие платежи,[16102]·[21],0;0,16102;21,,,,,0,0
16107,9,Π,другие платежи,[16106]·[16111],0;0,16106;16111,,,,,0,0
16108,9,Π,спрос соц группы на услуги,[16174]·[16111],0;0,16174;16111,,,,,0,0
16109,9,Π,спрос на ТНП в социальной группе,[16160]·[16111],0;0,16160;16111,,,,,0,0
16110,9,Π,спрос на стоящ жилье в соц группе,[16144]·[16111],0;0,16144;16111,,,,,0,0
16111,2,уставка·Σ,количество человек в соц группе бюджетн,1·(1·1),1,16111,,,1,const,0,1
16112,9,Π,формир фин возмож,[16128]·[16128],0;0,16128;16128,,,,,0,0
16114,10,Σ·[ref],формир финан возм,(2.3·[16112])·[16115],0,16115,,,2.3,16112,0,0
16115,5,∫ с пределами,денежные накопления,"∫(1·[16116] + -1·[16114] + -1·[16170]) dt, x0=1, pa1=0.001, hi=100000",1;0.001,0;0,100000,0,1;-1;-1,16116;16114;16170,4.21944,0
16116,11,Π/Π,формир денежн накоплений,[16138]·[16138]·[16105] / [16119]·[16119],0;0;0,16138;16138;16105,0;0,16119;16119,,,0,0
16117,11,Π/Π,формир соц напряженности,[16115] / [16118],0,16115,0,16118,,,0,0
16118,4,1/(Tp+1)·g,финансовые возможности,"clip(1·(1·[16105] + 1·[16114] + -1·[16116]), 0.1, 1)",1,0,1;0.1,0;0,1;1;-1,16105;16114;16116,13.702,0
16119,1,Σ,формирование денежн накоплений,1·1 + 1·[16138],,,,,1;1,const;16138,0,0
16120,1,Σ,расходы на ТНП Услуги и Досуг,1·[16118] + -1·[16121],,,,,1;-1,16118;16121,0,0
16121,9,Π,расходы на ПП и Жилье,[16131]·[16118],0;0,16131;16118,,,,,0,0
16122,12,Π/Σ,расходы на ПП,[16128]·[16121] / (1·[16128] + 1·[16136]),0;0,16128;16121,,,1;1,16128;16136,0,0
16123,14,clip Σ,расходы на жилье,"clip(1·[16121] + -1·[16122] + -1·[70], 0.01, 1e+07)",0.01,0,1e+07,0,1;-1;-1,16121;16122;70,0,0
16124,2,уставка·Σ,масштабир цены ПП в соц гр,0.08·(1·[4197]),0.08,0,,,1,4197,0,0
16125,12,Π/Σ,формир доли на ПП,[16124] / (0.001·1 + 0.2·[16122]),0,16124,,,0.001;0.2,const;16122,0,0
16126,11,Π/Π,спрос соц группы на ПП,[16111]·[16122] / [16124],0;0,16111;16122,0,16124,,,0,0
16127,12,Π/Σ,формир доли на ПП,[16125] / (1·[16125] + 1·[16122]),0,16125,,,1;1,16125;16122,0,0
16128,4,1/(Tp+1)·g,формир доли на ПП,"clip(1·(1·[16127]), 0.1, 1)",1,0,1;0.1,0;0,1,16127,0.302149,0
16129,14,clip Σ,,"clip(1·1 + -4·[16132], 0, 1)",0,0,1,0,1;-4,const;16132,0,0
16130,11,Π/Π,спрос на ПП,[16122] / [16124],0,16122,0,16124,,,0,0
16131,14,clip Σ,формир доли на ПП и Жил,"clip(1·[16128] + 1·[16136], 0, 1)",0,0,1,0,1;1,16128;16136,0,0
16132,14,clip Σ,формир доли на Жил,"clip(-0.5·1 + 1·[16128], 0, 100)",0,0,100,0,-0.5;1,const;16128,0,0
16133,1,Σ,формир доли на Жил,1·1 + 1·[16132],,,,,1;1,const;16132,0,0
16134,23,?23,формир доли на Жил,?23(1·[16133]; 10),10,0,,,1,16133,0,0
16135,11,Π/Π,доля на жилье,[16157] / [16134],0,16157,0,16134,,,0,0
16136,12,Π/Σ,доля на Жил,[16135] / (1·1 + 5·[16135]),0,16135,,,1;5,const;16135,0,0
16137,14,clip Σ,всего расходов на ТНП и др,"clip(1·[16120] + -1·[16156], 0, 1000)",0,0,1000,0,1;-1,16120;16156,0,0
16138,1,Σ,уровень жизни,1·1 + -1·[16128],,,,,1;-1,const;16128,0,0
16139,12,Π/Σ,натуральный спрос на покупку жилья (удовлетворенный),[16144] / (0.01·1 + 1·[16142]),0,16144,,,0.01;1,const;16142,0,0
16140,2,уставка·Σ,коэф перевода года в мес,1·(1·[16123]),1,0,,,1,16123,0,0
16141,11,Π/Π,спрос на строит жилья,[16140]·[16140] / [16142]·[16142],0;0,16140;16140,0;0,16142;16142,,,0,0
16142,2,уставка·Σ,цена строящ жилья,1·(1·[3120]),1,0,,,1,3120,0,0
16143,12,Π/Σ,доля на покупку жилья,[16148]·[16149]·[16141]·[16129] / (0.1·1 + 1·[16141]),0;0;0;0,16148;16149;16141;16129,,,0.1;1,const;16141,0,0
16144,9,Π,расходы на покупку жилья,[16123]·[16143],0;0,16123;16143,,,,,0,0
16145,14,clip Σ,расходы на наем жилья,"clip(1·[16123] + -1·[16144], 0, 1e+07)",0,0,1e+07,0,1;-1,16123;16144,0,0
16146,12,Π/Σ,формиров доли расходов на покупку жилья,[16153] / (1·[16142] + 1·[16153]),0,16153,,,1;1,16142;16153,0,0
16147,12,Π/Σ,формир доли расходов на покупку жилья,[16153] / (20·[16192]),0,16153,,,20,16192,0,0
16148,4,1/(Tp+1)·g,формир доли расх на жилье,"clip(1·(1·[16146]), 0.1, 1)",1,0,1;0.1,0;0,1,16146,0.353724,0
16149,4,1/(Tp+1)·g,формир доли расх на жилье,"clip(1·(1·[16147]), 0.1, 1)",1,0,1;0.1,0;0,1,16147,1,0
16150,9,Π,спрос на досуг в соц группы,[16111]·[16166]·[16166],0;0;0,16111;16166;16166,,,,,0,0
16151,5,∫ с пределами,куплено всего жилья,"∫(1·[16139] + -0.01·[16154]) dt, x0=1, pa1=0, hi=10000",1;0,0;0,10000,0,1;-0.01,16139;16154,11.3535,0
16152,12,Π/Σ,всего нанято жилья,[16145] / (0.1·[16153]),0,16145,,,0.1,16153,0,0
16153,2,уставка·Σ,цена найма жилья,1·(1·[3]),1,0,,,1,3,0,0
16154,12,Π/Σ,коэф амортизац купленного жилья,[16151] / (1·1 + 1.5·[16174]),0,16151,,,1;1.5,const;16174,0,0
16155,4,1/(Tp+1)·g,всего имеется жилья,"clip(2·(2·[16152] + 1·[16151]), 0.01, 1)",2,0,1;0.01,0;0,2;1,16152;16151,49.7971,0
16156,9,Π,поток уплаты налога за купленное жилье,[16151]·[16192],0;0,16151;16192,,,,,0,0
16157,11,Π/Π,отношение нормы жилья к имеещемуся,[16193] / [16155],0,16193,0,16155,,,0,0
16158,12,Π/Σ,качество жизни,[16166]·[400] / (2·[16157] + 2·[16128]),0;0,16166;400,,,2;2,16157;16128,0,0
16159,2,уставка·Σ,масшт спроса на аренду жилья для весов ценн в расходах,0.1·(1·[16152]),0.1,0,,,1,16152,0,0
16160,11,Π/Π,поток покупок ТНП,[16164]·[16137] / [16173]·[5150],0;0,16164;16137,0;0,16173;5150,,,0,0
16161,5,∫ с пределами,накоплено купленных ТНП,"∫(1·[16160] + -0.827·[16162]) dt, x0=1, pa1=1, hi=10000",1;1,0;0,10000,0,1;-0.827,16160;16162,42.0184,0
16162,12,Π/Σ,амортизация ТНП,[16161] / (10·1 + 20·[16174]),0,16161,,,10;20,const;16174,0,0
16163,2,уставка·Σ,всего имущества (ТНП+Жил),0.03·(1·[16161] + 1·[16155]),0.03,0,,,1;1,16161;16155,0,0
16164,12,Π/Σ,треб ТНП,[16155] / (0.01·1 + 0.4·[16161]),0,16155,,,0.01;0.4,const;16161,0,0
16165,12,Π/Σ,треб услуг,[16163] / (1·1 + 1·[16163]),0,16163,,,1;1,const;16163,0,0
16166,11,Π/Π,формир спроса на досуг,[16175]·[16137] / [16173]·[4]·[4]·[4],0;0,16175;16137,0;0;0;0,16173;4;4;4,,,0,0
16167,9,Π,объем потребляемых благ в соц сфере для формиров натуральн потребности в эл-эн,[16173]·[16111],0;0,16173;16111,,,,,0,0
16168,1,Σ,всего расходы на личное жилье (его приобретение и налог при его содержании),1·[1856] + 1·[1844],,,,,1;1,1856;1844,0,0
16170,14,clip Σ,уровень денежн нак при котором нчинается активное приобрет жилья,"clip(-2.5·1 + 1·[16115], 0, 1e+08)",0,0,1e+08,0,-2.5;1,const;16115,0,0
16171,2,уставка·Σ,Цдосуга,1.25·(1·1),1.25,0,,,1,const,0,0
16173,4,1/(Tp+1)·g,сумма потребностей в усл+досуге+ТНП,"clip(1·(1·[16164] + 1·[16165] + 1·[16175]), 0.01, 1)",1,0,1;0.01,0;0,1;1;1,16164;16165;16175,9.04746,0
16174,11,Π/Π,спрос на услуги,[16165]·[16137] / [5]·[16173],0;0,16165;16137,0;0,5;16173,,,0,0
16175,12,Π/Σ,поток услуг освобождающий время на досуг,[16174]·[16188] / (0.1·1 + 1·[16174]),0;0,16174;16188,,,0.1;1,const;16174,0,0
16176,11,Π/Π,вес цены блага в расходах соц группы,[16166]·[4]·[4] / [16118],0;0;0,16166;4;4,0,16118,,,0,0
16177,11,Π/Π,вес цены блага в расходах соц группы,[16174]·[5]·[5] / [16118],0;0;0,16174;5;5,0,16118,,,0,0
16178,11,Π/Π,вес цены блага в расходах соц группы,[16160]·[5150]·[5150] / [16118],0;0;0,16160;5150;5150,0,16118,,,0,0
16179,11,Π/Π,вес цены блага в расходах соц группы,[16159]·[3]·[3] / [16118],0;0;0,16159;3;3,0,16118,,,0,0
16180,11,Π/Π,вес цены блага в расходах соц группы,[16141]·[16142]·[16142] / [16118],0;0;0,16141;16142;16142,0,16118,,,0,0
16181,11,Π/Π,вес цены блага в расходах соц группы,[16126]·[16124]·[16124] / [16118]·[16111],0;0;0,16126;16124;16124,0;0,16118;16111,,,0,0
16185,12,Π/Σ,индекс социальной напряженности,[16187] / (1·1 + 1·[16187]),0,16187,,,1;1,const;16187,0,0
16186,1,Σ,формир потребн в досуге от соц напряж,1·1,,,,,1,const,0,0
16187,12,Π/Σ,треб досуга,[16186] / (5·[16158] + 1·[16117]),0,16186,,,5;1,16158;16117,0,0
16188,4,1/(Tp+1)·g,треб досуга,"clip(1·(1·[16163] + 1·[16115]), 0.1, 1)",1,0,1;0.1,0;0,1;1,16163;16115,6.97367,0
16189,9,Π,накоплено денег в соц группе для возможной покупки дол,[16170]·[16111],0;0,16170;16111,,,,,0,0
16190,9,Π,уровень денежн накоплений насел при котором начинают покупать дол,[16115]·[16111],0;0,16115;16111,,,,,0,0
16191,1,Σ,сумма абсол знач весов цен благ соц гр,1·[16176] + 1·[16177] + 1·[16178] + 1·[16179] + 1·[16180] + 1·[16181],,,,,1;1;1;1;1;1,16176;16177;16178;16179;16180;16181,0,0
16192,2,уставка·Σ,ставка налога на жилье,1·(1·[7]),1,0,,,1,7,0,0
16193,2,уставка·Σ,норма жилья,10·(1·1),10,16193,,,1,const,0,1
16194,11,Π/Π,относит вес цены на ПП,[16181] / [16191],0,16181,0,16191,,,0,0
16195,11,Π/Π,относительный вес цены куплен жилья,[16180] / [16191],0,16180,0,16191,,,0,0
16196,11,Π/Π,относительный вес цены досуга,[16176] / [16191],0,16176,0,16191,,,0,0
16197,11,Π/Π,относительный вес цены услуг,[16177] / [16191],0,16177,0,16191,,,0,0
16198,11,Π/Π,относительный вес цены ТНП,[16178] / [16191],0,16178,0,16191,,,0,0
16199,11,Π/Π,относительный вес цены аренд жилья,[16179] / [16191],0,16179,0,16191,,,0,0
16202,2,уставка·Σ,доход бюдж,0.4·(0.1648·[861]),0.4,16202,,,0.1648,861,0,1
16203,9,Π,сумма подоходн налога из соц группы,[16204]·[16211],0;0,16204;16211,,,,,0,0
16204,9,Π,масса подоходного налога,[16202]·[22],0;0,16202;22,,,,,0,0
16205,4,1/(Tp+1)·g,чистый доход,"clip(1·(1·[16202] + -1·[16206] + -1·[16204]), 0.1, 1)",1,0,1;0.1,0;0,1;-1;-1,16202;16206;16204,4.59835,0
16206,9,Π,другие платежи,[16202]·[21],0;0,16202;21,,,,,0,0
16207,9,Π,другие платежи,[16206]·[16211],0;0,16206;16211,,,,,0,0
16208,9,Π,спрос соц группы на услуги,[16274]·[16211],0;0,16274;16211,,,,,0,0
16209,9,Π,спрос на ТНП в социальной группе,[16260]·[16211],0;0,16260;16211,,,,,0,0
16210,10,Σ·[ref],спрос на стоящ жилье в соц группе,(1·[16211])·[16244],0,16244,,,1,16211,0,0
16211,2,уставка·Σ,количество человек в соц группе бюджетн,2·(1·1),2,16211,,,1,const,0,1
16212,9,Π,формир фин возмож,[16228]·[16228],0;0,16228;16228,,,,,0,0
16214,10,Σ·[ref],формир финан возм,(2.3·[16212])·[16215],0,16215,,,2.3,16212,0,0
16215,5,∫ с пределами,денежные накопления,"∫(1·[16216] + -1·[16214] + -1·[16270]) dt, x0=1, pa1=0.001, hi=100000",1;0.001,0;0,100000,0,1;-1;-1,16216;16214;16270,0.666669,0
16216,11,Π/Π,формир денежн накоплений,[16238]·[16238]·[16205] / [16219]·[16219],0;0;0,16238;16238;16205,0;0,16219;16219,,,0,0
16217,11,Π/Π,формир соц напряженности,[16215] / [16218],0,16215,0,16218,,,0,0
16218,4,1/(Tp+1)·g,финансовые возможности,"clip(1·(1·[16205] + 1·[16214] + -1·[16216]), 0.1, 1)",1,0,1;0.1,0;0,1;1;-1,16205;16214;16216,4.59845,0
16219,1,Σ,формирование денежн накоплений,1·1 + 1·[16238],,,,,1;1,const;16238,0,0
16220,1,Σ,расходы на ТНП Услуги и Досуг,1·[16218] + -1·[16221],,,,,1;-1,16218;16221,0,0
16221,9,Π,расходы на ПП и Жилье,[16231]·[16218],0;0,16231;16218,,,,,0,0
16222,12,Π/Σ,расходы на ПП,[16228]·[16221] / (1·[16228] + 1·[16236]),0;0,16228;16221,,,1;1,16228;16236,0,0
16223,14,clip Σ,расходы на жилье,"clip(1·[16221] + -1·[16222] + -1·[70], 0.01, 1e+07)",0.01,0,1e+07,0,1;-1;-1,16221;16222;70,0,0
16224,2,уставка·Σ,масштабир цены ПП в соц гр,0.08·(1·[4197]),0.08,0,,,1,4197,0,0
16225,12,Π/Σ,формир доли на ПП,[16224] / (0.001·1 + 0.2·[16222]),0,16224,,,0.001;0.2,const;16222,0,0
16226,11,Π/Π,спрос соц группы на ПП,[16211]·[16222] / [16224],0;0,16211;16222,0,16224,,,0,0
16227,12,Π/Σ,формир доли на ПП,[16225] / (1·[16225] + 1·[16222]),0,16225,,,1;1,16225;16222,0,0
16228,4,1/(Tp+1)·g,формир доли на ПП,"clip(1·(1·[16227]), 0.1, 1)",1,0,1;0.1,0;0,1,16227,0.543124,0
16229,14,clip Σ,,"clip(1·1 + -4·[16232], 0, 1)",0,0,1,0,1;-4,const;16232,0,0
16230,11,Π/Π,спрос на ПП,[16222] / [16224],0,16222,0,16224,,,0,0
16231,14,clip Σ,формир доли на ПП и Жил,"clip(1·[16228] + 1·[16236], 0, 1)",0,0,1,0,1;1,16228;16236,0,0
16232,14,clip Σ,формир доли на Жил,"clip(-0.5·1 + 1·[16228], 0, 100)",0,0,100,0,-0.5;1,const;16228,0,0
16233,1,Σ,формир доли на Жил,1·1 + 1·[16232],,,,,1;1,const;16232,0,0
16234,23,?23,формир доли на Жил,?23(1·[16233]; 10),10,0,,,1,16233,0,0
16235,11,Π/Π,доля на жилье,[16257] / [16234],0,16257,0,16234,,,0,0
16236,12,Π/Σ,доля на Жил,[16235] / (1·1 + 5·[16235]),0,16235,,,1;5,const;16235,0,0
16237,14,clip Σ,всего расходов на ТНП и др,"clip(1·[16220] + -1·[16256], 0, 1000)",0,0,1000,0,1;-1,16220;16256,0,0
16238,1,Σ,уровень жизни,1·1 + -1·[16228],,,,,1;-1,const;16228,0,0
16239,12,Π/Σ,натуральный спрос на покупку жилья (удовлетворенный),[16244] / (0.01·1 + 1·[16242]),0,16244,,,0.01;1,const;16242,0,0
16240,2,уставка·Σ,коэф перевода года в мес,1·(1·[16223]),1,0,,,1,16223,0,0
16241,11,Π/Π,спрос на строит жилья,[16240]·[16240] / [16242]·[16242],0;0,16240;16240,0;0,16242;16242,,,0,0
16242,2,уставка·Σ,цена строящ жилья,1·(1·[3120]),1,0,,,1,3120,0,0
16243,12,Π/Σ,доля на покупку жилья,[16248]·[16249]·[16241]·[16229] / (0.1·1 + 1·[16241]),0;0;0;0,16248;16249;16241;16229,,,0.1;1,const;16241,0,0
16244,9,Π,расходы на покупку жилья,[16223]·[16243],0;0,16223;16243,,,,,0,0
16245,14,clip Σ,расходы на наем жилья,"clip(1·[16223] + -1·[16244], 0, 1e+07)",0,0,1e+07,0,1;-1,16223;16244,0,0
16246,12,Π/Σ,формиров доли расходов на покупку жилья,[16253] / (1·[16242] + 1·[16253]),0,16253,,,1;1,16242;16253,0,0
16247,12,Π/Σ,формир доли расходов на покупку жилья,[16253] / (20·[16292]),0,16253,,,20,16292,0,0
16248,4,1/(Tp+1)·g,формир доли расх на жилье,"clip(1·(1·[16246]), 0.1, 1)",1,0,1;0.1,0;0,1,16246,0.353724,0
16249,4,1/(Tp+1)·g,формир доли расх на жилье,"clip(1·(1·[16247]), 0.1, 1)",1,0,1;0.1,0;0,1,16247,1,0
16250,9,Π,спрос на досуг в соц группы,[16211]·[16266]·[16266],0;0;0,16211;16266;16266,,,,,0,0
16251,5,∫ с пределами,куплено всего жилья,"∫(1·[16239] + -0.01·[16254]) dt, x0=1, pa1=0, hi=10000",1;0,0;0,10000,0,1;-0.01,16239;16254,0.535002,0
16252,12,Π/Σ,всего нанято жилья,[16245] / (0.1·[16253]),0,16245,,,0.1,16253,0,0
16253,2,уставка·Σ,цена найма жилья,1·(1·[3]),1,0,,,1,3,0,0
16254,12,Π/Σ,коэф амортизац купленного жилья,[16251] / (1·1 + 1.5·[16274]),0,16251,,,1;1.5,const;16274,0,0
16255,4,1/(Tp+1)·g,всего имеется жилья,"clip(2·(2·[16252] + 1·[16251]), 0.01, 1)",2,0,1;0.01,0;0,2;1,16252;16251,10.0775,0
16256,9,Π,поток уплаты налога за купленное жилье,[16251]·[16292],0;0,16251;16292,,,,,0,0
16257,11,Π/Π,отношение нормы жилья к имеещемуся,[16293] / [16255],0,16293,0,16255,,,0,0
16258,12,Π/Σ,качество жизни,[16266]·[400] / (2·[16257] + 2·[16228]),0;0,16266;400,,,2;2,16257;16228,0,0
16259,2,уставка·Σ,масшт спроса на аренду жилья для весов ценн в расходах,0.1·(1·[16252]),0.1,0,,,1,16252,0,0
16260,11,Π/Π,поток покупок ТНП,[16264]·[16237] / [16273]·[5150],0;0,16264;16237,0;0,16273;5150,,,0,0
16261,5,∫ с пределами,накоплено купленных ТНП,"∫(1·[16260] + -0.827·[16262]) dt, x0=1, pa1=1, hi=10000",1;1,0;0,10000,0,1;-0.827,16260;16262,11.3368,0
16262,12,Π/Σ,амортизация ТНП,[16261] / (10·1 + 20·[16274]),0,16261,,,10;20,const;16274,0,0
16263,2,уставка·Σ,всего имущества (ТНП+Жил),0.03·(1·[16261] + 1·[16255]),0.03,0,,,1;1,16261;16255,0,0
16264,12,Π/Σ,треб ТНП,[16255] / (0.01·1 + 0.4·[16261]),0,16255,,,0.01;0.4,const;16261,0,0
16265,12,Π/Σ,треб услуг,[16263] / (1·1 + 1·[16263]),0,16263,,,1;1,const;16263,0,0
16266,11,Π/Π,формир спроса на досуг,[16275]·[16237] / [16273]·[4]·[4]·[4],0;0,16275;16237,0;0;0;0,16273;4;4;4,,,0,0
16267,9,Π,объем потребляемых благ в соц сфере для формиров натуральн потребности в эл-эн,[16273]·[16211],0;0,16273;16211,,,,,0,0
16268,1,Σ,всего расходы на личное жилье (его приобретение и налог при его содержании),1·[1856] + 1·[1844],,,,,1;1,1856;1844,0,0
16270,14,clip Σ,уровень денежн нак при котором нчинается активное приобрет жилья,"clip(-2.5·1 + 1·[16215], 0, 1e+08)",0,0,1e+08,0,-2.5;1,const;16215,0,0
16271,2,уставка·Σ,Цдосуга,1.25·(1·1),1.25,0,,,1,const,0,0
16273,4,1/(Tp+1)·g,сумма потребностей в усл+досуге+ТНП,"clip(1·(1·[16264] + 1·[16265] + 1·[16275]), 0.01, 1)",1,0,1;0.01,0;0,1;1;1,16264;16265;16275,3.22447,0
16274,11,Π/Π,спрос на услуги,[16265]·[16237] / [5]·[16273],0;0,16265;16237,0;0,5;16273,,,0,0
16275,12,Π/Σ,поток услуг освобождающий время на досуг,[16274]·[16288] / (0.1·1 + 1·[16274]),0;0,16274;16288,,,0.1;1,const;16274,0,0
16276,11,Π/Π,вес цены блага в расходах соц группы,[16266]·[4]·[4] / [16218],0;0;0,16266;4;4,0,16218,,,0,0
16277,11,Π/Π,вес цены блага в расходах соц группы,[16274]·[5]·[5] / [16218],0;0;0,16274;5;5,0,16218,,,0,0
16278,11,Π/Π,вес цены блага в расходах соц группы,[16260]·[5150]·[5150] / [16218],0;0;0,16260;5150;5150,0,16218,,,0,0
16279,11,Π/Π,вес цены блага в расходах соц группы,[16259]·[3]·[3] / [16218],0;0;0,16259;3;3,0,16218,,,0,0
16280,11,Π/Π,вес цены блага в расходах соц группы,[16241]·[16242]·[16242] / [16218],0;0;0,16241;16242;16242,0,16218,,,0,0
16281,11,Π/Π,вес цены блага в расходах соц группы,[16226]·[16224]·[16224] / [16218]·[16211],0;0;0,16226;16224;16224,0;0,16218;16211,,,0,0
16285,12,Π/Σ,индекс социальной напряженности,[16287] / (1·1 + 1·[16287]),0,16287,,,1;1,const;16287,0,0
16286,1,Σ,формир потребн в досуге от соц напряж,1·1,,,,,1,const,0,0
16287,12,Π/Σ,треб досуга,[16286] / (5·[16258] + 1·[16217]),0,16286,,,5;1,16258;16217,0,0
16288,4,1/(Tp+1)·g,треб досуга,"clip(1·(1·[16263] + 1·[16215]), 0.1, 1)",1,0,1;0.1,0;0,1;1,16263;16215,1.3091,0
16289,9,Π,накоплено денег в соц группе для возможной покупки дол,[16270]·[16211],0;0,16270;16211,,,,,0,0
16290,9,Π,уровень денежн накоплений насел при котором начинают покупать дол,[16215]·[16211],0;0,16215;16211,,,,,0,0
16291,1,Σ,сумма абсол знач весов цен благ соц гр,1·[16276] + 1·[16277] + 1·[16278] + 1·[16279] + 1·[16280] + 1·[16281],,,,,1;1;1;1;1;1,16276;16277;16278;16279;16280;16281,0,0
16292,2,уставка·Σ,ставка налога на жилье,1·(1·[7]),1,0,,,1,7,0,0
16293,2,уставка·Σ,норма жилья,10·(1·1),10,16293,,,1,const,0,1
16294,11,Π/Π,относит вес цены на ПП,[16281] / [16291],0,16281,0,16291,,,0,0
16295,11,Π/Π,относительный вес цены куплен жилья,[16280] / [16291],0,16280,0,16291,,,0,0
16296,11,Π/Π,относительный вес цены досуга,[16276] / [16291],0,16276,0,16291,,,0,0
16297,11,Π/Π,относительный вес цены услуг,[16277] / [16291],0,16277,0,16291,,,0,0
16298,11,Π/Π,относительный вес цены ТНП,[16278] / [16291],0,16278,0,16291,,,0,0
16299,11,Π/Π,относительный вес цены аренд жилья,[16279] / [16291],0,16279,0,16291,,,0,0
16302,2,уставка·Σ,доход бюдж,1·(0.11·[871]),1,16302,,,0.11,871,0,1
16303,9,Π,сумма подоходн налога из соц группы,[16304]·[16311],0;0,16304;16311,,,,,0,0
16304,9,Π,масса подоходного налога,[16302]·[22],0;0,16302;22,,,,,0,0
16305,4,1/(Tp+1)·g,чистый доход,"clip(1·(1·[16302] + -1·[16306] + -1·[16304]), 0.1, 1)",1,0,1;0.1,0;0,1;-1;-1,16302;16306;16304,11.2008,0
16306,9,Π,другие платежи,[16302]·[21],0;0,16302;21,,,,,0,0
16307,9,Π,другие платежи,[16306]·[16311],0;0,16306;16311,,,,,0,0
16308,9,Π,спрос соц группы на услуги,[16374]·[16311],0;0,16374;16311,,,,,0,0
16309,9,Π,спрос на ТНП в социальной группе,[16360]·[16311],0;0,16360;16311,,,,,0,0
16310,9,Π,спрос на стоящ жилье в соц группе,[16344]·[16311],0;0,16344;16311,,,,,0,0
16311,2,уставка·Σ,количество человек в соц группе бюджетн,1·(1·1),1,16311,,,1,const,0,1
16312,9,Π,формир фин возмож,[16328]·[16328],0;0,16328;16328,,,,,0,0
16314,10,Σ·[ref],формир финан возм,(2.3·[16312])·[16315],0,16315,,,2.3,16312,0,0
16315,5,∫ с пределами,денежные накопления,"∫(1·[16316] + -1·[16314] + -1·[16370]) dt, x0=1, pa1=0.001, hi=100000",1;0.001,0;0,100000,0,1;-1;-1,16316;16314;16370,3.28289,0
16316,11,Π/Π,формир денежн накоплений,[16338]·[16338]·[16305] / [16319]·[16319],0;0;0,16338;16338;16305,0;0,16319;16319,,,0,0
16317,11,Π/Π,формир соц напряженности,[16315] / [16318],0,16315,0,16318,,,0,0
16318,4,1/(Tp+1)·g,финансовые возможности,"clip(1·(1·[16305] + 1·[16314] + -1·[16316]), 0.1, 1)",1,0,1;0.1,0;0,1;1;-1,16305;16314;16316,10.4179,0
16319,1,Σ,формирование денежн накоплений,1·1 + 1·[16338],,,,,1;1,const;16338,0,0
16320,1,Σ,расходы на ТНП Услуги и Досуг,1·[16318] + -1·[16321],,,,,1;-1,16318;16321,0,0
16321,9,Π,расходы на ПП и Жилье,[16331]·[16318],0;0,16331;16318,,,,,0,0
16322,12,Π/Σ,расходы на ПП,[16328]·[16321] / (1·[16328] + 1·[16336]),0;0,16328;16321,,,1;1,16328;16336,0,0
16323,14,clip Σ,расходы на жилье,"clip(1·[16321] + -1·[16322] + -1·[70], 0.01, 1e+07)",0.01,0,1e+07,0,1;-1;-1,16321;16322;70,0,0
16324,2,уставка·Σ,масштабир цены ПП в соц гр,0.08·(1·[4197]),0.08,0,,,1,4197,0,0
16325,12,Π/Σ,формир доли на ПП,[16324] / (0.001·1 + 0.2·[16322]),0,16324,,,0.001;0.2,const;16322,0,0
16326,11,Π/Π,спрос соц группы на ПП,[16311]·[16322] / [16324],0;0,16311;16322,0,16324,,,0,0
16327,12,Π/Σ,формир доли на ПП,[16325] / (1·[16325] + 1·[16322]),0,16325,,,1;1,16325;16322,0,0
16328,4,1/(Tp+1)·g,формир доли на ПП,"clip(1·(1·[16327]), 0.1, 1)",1,0,1;0.1,0;0,1,16327,0.353555,0
16329,14,clip Σ,,"clip(1·1 + -4·[16332], 0, 1)",0,0,1,0,1;-4,const;16332,0,0
16330,11,Π/Π,спрос на ПП,[16322] / [16324],0,16322,0,16324,,,0,0
16331,14,clip Σ,формир доли на ПП и Жил,"clip(1·[16328] + 1·[16336], 0, 1)",0,0,1,0,1;1,16328;16336,0,0
16332,14,clip Σ,формир доли на Жил,"clip(-0.5·1 + 1·[16328], 0, 100)",0,0,100,0,-0.5;1,const;16328,0,0
16333,1,Σ,формир доли на Жил,1·1 + 1·[16332],,,,,1;1,const;16332,0,0
16334,23,?23,формир доли на Жил,?23(1·[16333]; 10),10,0,,,1,16333,0,0
16335,11,Π/Π,доля на жилье,[16357] / [16334],0,16357,0,16334,,,0,0
16336,12,Π/Σ,доля на Жил,[16335] / (1·1 + 5·[16335]),0,16335,,,1;5,const;16335,0,0
16337,14,clip Σ,всего расходов на ТНП и др,"clip(1·[16320] + -1·[16356], 0, 1000)",0,0,1000,0,1;-1,16320;16356,0,0
16338,1,Σ,уровень жизни,1·1 + -1·[16328],,,,,1;-1,const;16328,0,0
16339,12,Π/Σ,натуральный спрос на покупку жилья (удовлетворенный),[16344] / (0.01·1 + 1·[16342]),0,16344,,,0.01;1,const;16342,0,0
16340,2,уставка·Σ,коэф перевода года в мес,1·(1·[16323]),1,0,,,1,16323,0,0
16341,11,Π/Π,спрос на строит жилья,[16340]·[16340] / [16342]·[16342],0;0,16340;16340,0;0,16342;16342,,,0,0
16342,2,уставка·Σ,цена строящ жилья,1·(1·[3120]),1,0,,,1,3120,0,0
16343,12,Π/Σ,доля на покупку жилья,[16348]·[16349]·[16341]·[16329] / (0.1·1 + 1·[16341]),0;0;0;0,16348;16349;16341;16329,,,0.1;1,const;16341,0,0
16344,9,Π,расходы на покупку жилья,[16323]·[16343],0;0,16323;16343,,,,,0,0
16345,14,clip Σ,расходы на наем жилья,"clip(1·[16323] + -1·[16344], 0, 1e+07)",0,0,1e+07,0,1;-1,16323;16344,0,0
16346,12,Π/Σ,формиров доли расходов на покупку жилья,[16353] / (1·[16342] + 1·[16353]),0,16353,,,1;1,16342;16353,0,0
16347,12,Π/Σ,формир доли расходов на покупку жилья,[16353] / (20·[16392]),0,16353,,,20,16392,0,0
16348,4,1/(Tp+1)·g,формир доли расх на жилье,"clip(1·(1·[16346]), 0.1, 1)",1,0,1;0.1,0;0,1,16346,0.353724,0
16349,4,1/(Tp+1)·g,формир доли расх на жилье,"clip(1·(1·[16347]), 0.1, 1)",1,0,1;0.1,0;0,1,16347,1,0
16350,9,Π,спрос на досуг в соц группы,[16311]·[16366]·[16366],0;0;0,16311;16366;16366,,,,,0,0
16351,5,∫ с пределами,куплено всего жилья,"∫(1·[16339] + -0.01·[16354]) dt, x0=1, pa1=0, hi=10000",1;0,0;0,10000,0,1;-0.01,16339;16354,7.4672,0
16352,12,Π/Σ,всего нанято жилья,[16345] / (0.1·[16353]),0,16345,,,0.1,16353,0,0
16353,2,уставка·Σ,цена найма жилья,1·(1·[3]),1,0,,,1,3,0,0
16354,12,Π/Σ,коэф амортизац купленного жилья,[16351] / (1·1 + 1.5·[16374]),0,16351,,,1;1.5,const;16374,0,0
16355,4,1/(Tp+1)·g,всего имеется жилья,"clip(2·(2·[16352] + 1·[16351]), 0.01, 1)",2,0,1;0.01,0;0,2;1,16352;16351,37.567,0
16356,9,Π,поток уплаты налога за купленное жилье,[16351]·[16392],0;0,16351;16392,,,,,0,0
16357,11,Π/Π,отношение нормы жилья к имеещемуся,[16393] / [16355],0,16393,0,16355,,,0,0
16358,12,Π/Σ,качество жизни,[16366]·[400] / (2·[16357] + 2·[16328]),0;0,16366;400,,,2;2,16357;16328,0,0
16359,2,уставка·Σ,масшт спроса на аренду жилья для весов ценн в расходах,0.1·(1·[16352]),0.1,0,,,1,16352,0,0
16360,11,Π/Π,поток покупок ТНП,[16364]·[16337] / [16373]·[5150],0;0,16364;16337,0;0,16373;5150,,,0,0
16361,5,∫ с пределами,накоплено купленных ТНП,"∫(1·[16360] + -0.827·[16362]) dt, x0=1, pa1=1, hi=10000",1;1,0;0,10000,0,1;-0.827,16360;16362,31.4362,0
16362,12,Π/Σ,амортизация ТНП,[16361] / (10·1 + 20·[16374]),0,16361,,,10;20,const;16374,0,0
16363,2,уставка·Σ,всего имущества (ТНП+Жил),0.03·(1·[16361] + 1·[16355]),0.03,0,,,1;1,16361;16355,0,0
16364,12,Π/Σ,треб ТНП,[16355] / (0.01·1 + 0.4·[16361]),0,16355,,,0.01;0.4,const;16361,0,0
16365,12,Π/Σ,треб услуг,[16363] / (1·1 + 1·[16363]),0,16363,,,1;1,const;16363,0,0
16366,11,Π/Π,формир спроса на досуг,[16375]·[16337] / [16373]·[4]·[4]·[4],0;0,16375;16337,0;0;0;0,16373;4;4;4,,,0,0
16367,9,Π,объем потребляемых благ в соц сфере для формиров натуральн потребности в эл-эн,[16373]·[16311],0;0,16373;16311,,,,,0,0
16368,1,Σ,всего расходы на личное жилье (его приобретение и налог при его содержании),1·[1856] + 1·[1844],,,,,1;1,1856;1844,0,0
16370,14,clip Σ,уровень денежн нак при котором нчинается активное приобрет жилья,"clip(-2.5·1 + 1·[16315], 0, 1e+08)",0,0,1e+08,0,-2.5;1,const;16315,0,0
16371,2,уставка·Σ,Цдосуга,1.25·(1·1),1.25,0,,,1,const,0,0
16373,4,1/(Tp+1)·g,сумма потребностей в усл+досуге+ТНП,"clip(1·(1·[16364] + 1·[16365] + 1·[16375]), 0.01, 1)",1,0,1;0.01,0;0,1;1;1,16364;16365;16375,7.47914,0
16374,11,Π/Π,спрос на услуги,[16365]·[16337] / [5]·[16373],0;0,16365;16337,0;0,5;16373,,,0,0
16375,12,Π/Σ,поток услуг освобождающий время на досуг,[16374]·[16388] / (0.1·1 + 1·[16374]),0;0,16374;16388,,,0.1;1,const;16374,0,0
16376,11,Π/Π,вес цены блага в расходах соц группы,[16366]·[4]·[4] / [16318],0;0;0,16366;4;4,0,16318,,,0,0
16377,11,Π/Π,вес цены блага в расходах соц группы,[16374]·[5]·[5] / [16318],0;0;0,16374;5;5,0,16318,,,0,0
16378,11,Π/Π,вес цены блага в расходах соц группы,[16360]·[5150]·[5150] / [16318],0;0;0,16360;5150;5150,0,16318,,,0,0
16379,11,Π/Π,вес цены блага в расходах соц группы,[16359]·[3]·[3] / [16318],0;0;0,16359;3;3,0,16318,,,0,0
16380,11,Π/Π,вес цены блага в расходах соц группы,[16341]·[16342]·[16342] / [16318],0;0;0,16341;16342;16342,0,16318,,,0,0
16381,11,Π/Π,вес цены блага в расходах соц группы,[16326]·[16324]·[16324] / [16318]·[16311],0;0;0,16326;16324;16324,0;0,16318;16311,,,0,0
16385,12,Π/Σ,индекс социальной напряженности,[16387] / (1·1 + 1·[16387]),0,16387,,,1;1,const;16387,0,0
16386,1,Σ,формир потребн в досуге от соц напряж,1·1,,,,,1,const,0,0
16387,12,Π/Σ,треб досуга,[16386] / (5·[16358] + 1·[16317]),0,16386,,,5;1,16358;16317,0,0
16388,4,1/(Tp+1)·g,треб досуга,"clip(1·(1·[16363] + 1·[16315]), 0.1, 1)",1,0,1;0.1,0;0,1;1,16363;16315,5.35283,0
16389,9,Π,накоплено денег в соц группе для возможной покупки дол,[16370]·[16311],0;0,16370;16311,,,,,0,0
16390,9,Π,уровень денежн накоплений насел при котором начинают покупать дол,[16315]·[16311],0;0,16315;16311,,,,,0,0
16391,1,Σ,сумма абсол знач весов цен благ соц гр,1·[16376] + 1·[16377] + 1·[16378] + 1·[16379] + 1·[16380] + 1·[16381],,,,,1;1;1;1;1;1,16376;16377;16378;16379;16380;16381,0,0
16392,2,уставка·Σ,ставка налога на жилье,1·(1·[7]),1,0,,,1,7,0,0
16393,2,уставка·Σ,норма жилья,10·(1·1),10,16393,,,1,const,0,1
16394,11,Π/Π,относит вес цены на ПП,[16381] / [16391],0,16381,0,16391,,,0,0
16395,11,Π/Π,относительный вес цены куплен жилья,[16380] / [16391],0,16380,0,16391,,,0,0
16396,11,Π/Π,относительный вес цены досуга,[16376] / [16391],0,16376,0,16391,,,0,0
16397,11,Π/Π,относительный вес цены услуг,[16377] / [16391],0,16377,0,16391,,,0,0
16398,11,Π/Π,относительный вес цены ТНП,[16378] / [16391],0,16378,0,16391,,,0,0
16399,11,Π/Π,относительный вес цены аренд жилья,[16379] / [16391],0,16379,0,16391,,,0,0
16402,2,уставка·Σ,доход бюдж,2·(0.08242·[881]),2,16402,,,0.08242,881,0,1
16403,9,Π,сумма подоходн налога из соц группы,[16404]·[16411],0;0,16404;16411,,,,,0,0
16404,9,Π,масса подоходного налога,[16402]·[22],0;0,16402;22,,,,,0,0
16405,4,1/(Tp+1)·g,чистый доход,"clip(1·(1·[16402] + -1·[16406] + -1·[16404]), 0.1, 1)",1,0,1;0.1,0;0,1;-1;-1,16402;16406;16404,11.1899,0
16406,9,Π,другие платежи,[16402]·[21],0;0,16402;21,,,,,0,0
16407,9,Π,другие платежи,[16406]·[16411],0;0,16406;16411,,,,,0,0
16408,9,Π,спрос соц группы на услуги,[16474]·[16411],0;0,16474;16411,,,,,0,0
16409,9,Π,спрос на ТНП в социальной группе,[16460]·[16411],0;0,16460;16411,,,,,0,0
16410,9,Π,спрос на стоящ жилье в соц группе,[16444]·[16411],0;0,16444;16411,,,,,0,0
16411,2,уставка·Σ,количество человек в соц группе бюджетн,2·(1·1),2,16411,,,1,const,0,1
16412,9,Π,формир фин возмож,[16428]·[16428],0;0,16428;16428,,,,,0,0
16414,10,Σ·[ref],формир финан возм,(2.3·[16412])·[16415],0,16415,,,2.3,16412,0,0
16415,5,∫ с пределами,денежные накопления,"∫(1·[16416] + -1·[16414] + -1·[16470]) dt, x0=1, pa1=0.001, hi=100000",1;0.001,0;0,100000,0,1;-1;-1,16416;16414;16470,3.28051,0
16416,11,Π/Π,формир денежн накоплений,[16438]·[16438]·[16405] / [16419]·[16419],0;0;0,16438;16438;16405,0;0,16419;16419,,,0,0
16417,11,Π/Π,формир соц напряженности,[16415] / [16418],0,16415,0,16418,,,0,0
16418,4,1/(Tp+1)·g,финансовые возможности,"clip(1·(1·[16405] + 1·[16414] + -1·[16416]), 0.1, 1)",1,0,1;0.1,0;0,1;1;-1,16405;16414;16416,10.4095,0
16419,1,Σ,формирование денежн накоплений,1·1 + 1·[16438],,,,,1;1,const;16438,0,0
16420,1,Σ,расходы на ТНП Услуги и Досуг,1·[16418] + -1·[16421],,,,,1;-1,16418;16421,0,0
16421,9,Π,расходы на ПП и Жилье,[16431]·[16418],0;0,16431;16418,,,,,0,0
16422,12,Π/Σ,расходы на ПП,[16428]·[16421] / (1·[16428] + 1·[16436]),0;0,16428;16421,,,1;1,16428;16436,0,0
16423,14,clip Σ,расходы на жилье,"clip(1·[16421] + -1·[16422] + -1·[70], 0.01, 1e+07)",0.01,0,1e+07,0,1;-1;-1,16421;16422;70,0,0
16424,2,уставка·Σ,масштабир цены ПП в соц гр,0.08·(1·[4197]),0.08,0,,,1,4197,0,0
16425,12,Π/Σ,формир доли на ПП,[16424] / (0.001·1 + 0.2·[16422]),0,16424,,,0.001;0.2,const;16422,0,0
16426,11,Π/Π,спрос соц группы на ПП,[16411]·[16422] / [16424],0;0,16411;16422,0,16424,,,0,0
16427,12,Π/Σ,формир доли на ПП,[16425] / (1·[16425] + 1·[16422]),0,16425,,,1;1,16425;16422,0,0
16428,4,1/(Tp+1)·g,формир доли на ПП,"clip(1·(1·[16427]), 0.1, 1)",1,0,1;0.1,0;0,1,16427,0.353718,0
16429,14,clip Σ,,"clip(1·1 + -4·[16432], 0, 1)",0,0,1,0,1;-4,const;16432,0,0
16430,11,Π/Π,спрос на ПП,[16422] / [16424],0,16422,0,16424,,,0,0
16431,14,clip Σ,формир доли на ПП и Жил,"clip(1·[16428] + 1·[16436], 0, 1)",0,0,1,0,1;1,16428;16436,0,0
16432,14,clip Σ,формир доли на Жил,"clip(-0.5·1 + 1·[16428], 0, 100)",0,0,100,0,-0.5;1,const;16428,0,0
16433,1,Σ,формир доли на Жил,1·1 + 1·[16432],,,,,1;1,const;16432,0,0
16434,23,?23,формир доли на Жил,?23(1·[16433]; 10),10,0,,,1,16433,0,0
16435,11,Π/Π,доля на жилье,[16457] / [16434],0,16457,0,16434,,,0,0
16436,12,Π/Σ,доля на Жил,[16435] / (1·1 + 5·[16435]),0,16435,,,1;5,const;16435,0,0
16437,14,clip Σ,всего расходов на ТНП и др,"clip(1·[16420] + -1·[16456], 0, 1000)",0,0,1000,0,1;-1,16420;16456,0,0
16438,1,Σ,уровень жизни,1·1 + -1·[16428],,,,,1;-1,const;16428,0,0
16439,12,Π/Σ,натуральный спрос на покупку жилья (удовлетворенный),[16444] / (0.01·1 + 1·[16442]),0,16444,,,0.01;1,const;16442,0,0
16440,2,уставка·Σ,коэф перевода года в мес,1·(1·[16423]),1,0,,,1,16423,0,0
16441,11,Π/Π,спрос на строит жилья,[16440]·[16440] / [16442]·[16442],0;0,16440;16440,0;0,16442;16442,,,0,0
16442,2,уставка·Σ,цена строящ жилья,1·(1·[3120]),1,0,,,1,3120,0,0
16443,12,Π/Σ,доля на покупку жилья,[16448]·[16449]·[16441]·[16429] / (0.1·1 + 1·[16441]),0;0;0;0,16448;16449;16441;16429,,,0.1;1,const;16441,0,0
16444,9,Π,расходы на покупку жилья,[16423]·[16443],0;0,16423;16443,,,,,0,0
16445,14,clip Σ,расходы на наем жилья,"clip(1·[16423] + -1·[16444], 0, 1e+07)",0,0,1e+07,0,1;-1,16423;16444,0,0
16446,12,Π/Σ,формиров доли расходов на покупку жилья,[16453] / (1·[16442] + 1·[16453]),0,16453,,,1;1,16442;16453,0,0
16447,12,Π/Σ,формир доли расходов на покупку жилья,[16453] / (20·[16492]),0,16453,,,20,16492,0,0
16448,4,1/(Tp+1)·g,формир доли расх на жилье,"clip(1·(1·[16446]), 0.1, 1)",1,0,1;0.1,0;0,1,16446,0.353724,0
16449,4,1/(Tp+1)·g,формир доли расх на жилье,"clip(1·(1·[16447]), 0.1, 1)",1,0,1;0.1,0;0,1,16447,1,0
16450,9,Π,спрос на досуг в соц группы,[16411]·[16466]·[16466],0;0;0,16411;16466;16466,,,,,0,0
16451,5,∫ с пределами,куплено всего жилья,"∫(1·[16439] + -0.01·[16454]) dt, x0=1, pa1=0, hi=10000",1;0,0;0,10000,0,1;-0.01,16439;16454,7.61282,0
16452,12,Π/Σ,всего нанято жилья,[16445] / (0.1·[16453]),0,16445,,,0.1,16453,0,0
16453,2,уставка·Σ,цена найма жилья,1·(1·[3]),1,0,,,1,3,0,0
16454,12,Π/Σ,коэф амортизац купленного жилья,[16451] / (1·1 + 1.5·[16474]),0,16451,,,1;1.5,const;16474,0,0
16455,4,1/(Tp+1)·g,всего имеется жилья,"clip(2·(2·[16452] + 1·[16451]), 0.01, 1)",2,0,1;0.01,0;0,2;1,16452;16451,37.7675,0
16456,9,Π,поток уплаты налога за купленное жилье,[16451]·[16492],0;0,16451;16492,,,,,0,0
16457,11,Π/Π,отношение нормы жилья к имеещемуся,[16493] / [16455],0,16493,0,16455,,,0,0
16458,12,Π/Σ,качество жизни,[16466]·[400] / (2·[16457] + 2·[16428]),0;0,16466;400,,,2;2,16457;16428,0,0
16459,2,уставка·Σ,масшт спроса на аренду жилья для весов ценн в расходах,0.1·(1·[16452]),0.1,0,,,1,16452,0,0
16460,11,Π/Π,поток покупок ТНП,[16464]·[16437] / [16473]·[5150],0;0,16464;16437,0;0,16473;5150,,,0,0
16461,5,∫ с пределами,накоплено купленных ТНП,"∫(1·[16460] + -0.1·[16462]) dt, x0=1, pa1=1, hi=10000",1;1,0;0,10000,0,1;-0.1,16460;16462,83.3279,0
16462,12,Π/Σ,амортизация ТНП,[16461] / (10·1 + 20·[16474]),0,16461,,,10;20,const;16474,0,0
16463,2,уставка·Σ,всего имущества (ТНП+Жил),0.03·(1·[16461] + 1·[16455]),0.03,0,,,1;1,16461;16455,0,0
16464,12,Π/Σ,треб ТНП,[16455] / (0.01·1 + 0.4·[16461]),0,16455,,,0.01;0.4,const;16461,0,0
16465,12,Π/Σ,треб услуг,[16463] / (1·1 + 1·[16463]),0,16463,,,1;1,const;16463,0,0
16466,11,Π/Π,формир спроса на досуг,[16475]·[16437] / [16473]·[4]·[4]·[4],0;0,16475;16437,0;0;0;0,16473;4;4;4,,,0,0
16467,9,Π,объем потребляемых благ в соц сфере для формиров натуральн потребности в эл-эн,[16473]·[16411],0;0,16473;16411,,,,,0,0
16468,1,Σ,всего расходы на личное жилье (его приобретение и налог при его содержании),1·[1856] + 1·[1844],,,,,1;1,1856;1844,0,0
16470,14,clip Σ,уровень денежн нак при котором нчинается активное приобрет жилья,"clip(-2.5·1 + 1·[16415], 0, 1e+08)",0,0,1e+08,0,-2.5;1,const;16415,0,0
16471,2,уставка·Σ,Цдосуга,1.25·(1·1),1.25,0,,,1,const,0,0
16473,4,1/(Tp+1)·g,сумма потребностей в усл+досуге+ТНП,"clip(1·(1·[16464] + 1·[16465] + 1·[16475]), 0.01, 1)",1,0,1;0.01,0;0,1;1;1,16464;16465;16475,7.11775,0
16474,11,Π/Π,спрос на услуги,[16465]·[16437] / [5]·[16473],0;0,16465;16437,0;0,5;16473,,,0,0
16475,12,Π/Σ,поток услуг освобождающий время на досуг,[16474]·[16488] / (0.1·1 + 1·[16474]),0;0,16474;16488,,,0.1;1,const;16474,0,0
16476,11,Π/Π,вес цены блага в расходах соц группы,[16466]·[4]·[4] / [16418],0;0;0,16466;4;4,0,16418,,,0,0
16477,11,Π/Π,вес цены блага в расходах соц группы,[16474]·[5]·[5] / [16418],0;0;0,16474;5;5,0,16418,,,0,0
16478,11,Π/Π,вес цены блага в расходах соц группы,[16460]·[5150]·[5150] / [16418],0;0;0,16460;5150;5150,0,16418,,,0,0
16479,11,Π/Π,вес цены блага в расходах соц группы,[16459]·[3]·[3] / [16418],0;0;0,16459;3;3,0,16418,,,0,0
16480,11,Π/Π,вес цены блага в расходах соц группы,[16441]·[16442]·[16442] / [16418],0;0;0,16441;16442;16442,0,16418,,,0,0
16481,11,Π/Π,вес цены блага в расходах соц группы,[16426]·[16424]·[16424] / [16418]·[16411],0;0;0,16426;16424;16424,0;0,16418;16411,,,0,0
16485,12,Π/Σ,индекс социальной напряженности,[16487] / (1·1 + 1·[16487]),0,16487,,,1;1,const;16487,0,0
16486,1,Σ,формир потребн в досуге от соц напряж,1·1,,,,,1,const,0,0
16487,12,Π/Σ,треб досуга,[16486] / (5·[16458] + 1·[16417]),0,16486,,,5;1,16458;16417,0,0
16488,4,1/(Tp+1)·g,треб досуга,"clip(1·(1·[16463] + 1·[16415]), 0.1, 1)",1,0,1;0.1,0;0,1;1,16463;16415,6.91271,0
16489,9,Π,накоплено денег в соц группе для возможной покупки дол,[16470]·[16411],0;0,16470;16411,,,,,0,0
16490,9,Π,уровень денежн накоплений насел при котором начинают покупать дол,[16415]·[16411],0;0,16415;16411,,,,,0,0
16491,1,Σ,сумма абсол знач весов цен благ соц гр,1·[16476] + 1·[16477] + 1·[16478] + 1·[16479] + 1·[16480] + 1·[16481],,,,,1;1;1;1;1;1,16476;16477;16478;16479;16480;16481,0,0
16492,2,уставка·Σ,ставка налога на жилье,1·(1·[7]),1,0,,,1,7,0,0
16493,2,уставка·Σ,норма жилья,10·(1·1),10,16493,,,1,const,0,1
16494,11,Π/Π,относит вес цены на ПП,[16481] / [16491],0,16481,0,16491,,,0,0
16495,11,Π/Π,относительный вес цены куплен жилья,[16480] / [16491],0,16480,0,16491,,,0,0
16496,11,Π/Π,относительный вес цены досуга,[16476] / [16491],0,16476,0,16491,,,0,0
16497,11,Π/Π,относительный вес цены услуг,[16477] / [16491],0,16477,0,16491,,,0,0
16498,11,Π/Π,относительный вес цены ТНП,[16478] / [16491],0,16478,0,16491,,,0,0
16499,11,Π/Π,относительный вес цены аренд жилья,[16479] / [16491],0,16479,0,16491,,,0,0
17001,1,Σ,количество перехода за год в следующую возрастную группу,1.18·[17700],,,,,1.18,17700,0,0
17002,5,∫ с пределами,количество человек в данной возрастной группе,"∫(1·[17001] + -1·[17003]) dt, x0=1, pa1=0, hi=10000",1;0,0;0,10000,0,1;-1,17001;17003,2.40492,0
17003,17,1/(Tp+1),годовая задержка вычислений,"1/(Tp+1)(1·[17001]), T=2.36, x0=1",1,0,2.36,0,1,17001,0,0
17004,9,Π,дожившие до слнедующего года,[17003]·[17005],0;0,17003;17005,,,,,0,0
17005,9,Π,коэффициент умирания,[17006],0,17006,,,,,0,0
17006,2,уставка·Σ,коэф выживаемости возрастной группы,0.98·(1·[17692]),0.98,17006,,,1,17692,0,1
17007,3,∫,,"∫(0) dt, x0=1",1,0,,,,,-1,0
17009,1,Σ,колич умерших,1·[17003] + -1·[17004],,,,,1;-1,17003;17004,0,0
17010,1,Σ,количество рожденных всего,1·[17177] + 1·[17187] + 1·[17197] + 1·[17207] + 1·[17217] + 1·[17227] + 1·[17237] + 1·[17247] + 1·[17257] + 1·[17267] + 1·[17277] + 1·[17287] + 1·[17297] + 1·[17307] + 1·[17317] + 1·[17327] + 1·[17337] + 1·[17347] + 1·[17357] + 1·[17367] + 1·[17377] + 1·[17387] + 1·[17397] + 1·[17407] + 1·[17417] + 1·[17427] + 1·[17437] + 1·[17447] + 1·[17457] + 1·[17467] + 1·[17477] + 1·[17487] + 1·[17497] + 1·[17507] + 1·[17147] + 1·[17157] + 1·[17167],,,,,1;1;1;1;1;1;1;1;1;1;1;1;1;1;1;1;1;1;1;1;1;1;1;1;1;1;1;1;1;1;1;1;1;1;1;1;1,17177;17187;17197;17207;17217;17227;17237;17247;17257;17267;17277;17287;17297;17307;17317;17327;17337;17347;17357;17367;17377;17387;17397;17407;17417;17427;17437;17447;17457;17467;17477;17487;17497;17507;17147;17157;17167,0,0
17011,1,Σ,количество перехода за год в следующую возрастную группу,1·[17004] + 1·[17685],,,,,1;1,17004;17685,0,0
17012,5,∫ с пределами,количество человек в данной возрастной группе,"∫(1·[17011] + -1·[17013]) dt, x0=1, pa1=0, hi=100000",1;0,0;0,100000,0,1;-1,17011;17013,2.2966,0
17013,17,1/(Tp+1),годовая задержка вычислений,"1/(Tp+1)(1·[17011]), T=2.27, x0=1",1,0,2.27,0,1,17011,0,0
17014,9,Π,дожившие до следующего года,[17013]·[17015],0;0,17013;17015,,,,,0,0
17015,9,Π,коэффициент умирания,[17016],0,17016,,,,,0,0
17016,2,уставка·Σ,коэф выживаемости возрастной группы,0.99·(1·[17692]),0.99,17016,,,1,17692,0,1
17017,3,∫,,"∫(0) dt, x0=1",1,0,,,,,-1,0
17019,1,Σ,,1·[17013] + -1·[17014],,,,,1;-1,17013;17014,0,0
17021,1,Σ,количество перехода за год в следующую возрастную группу,1·[17014] + 1·[17685],,,,,1;1,17014;17685,0,0
17022,5,∫ с пределами,количество человек в данной возрастной группе,"∫(1·[17021] + -1·[17023]) dt, x0=1, pa1=0, hi=100000",1;0,0;0,100000,0,1;-1,17021;17023,2.21121,0
17023,17,1/(Tp+1),годовая задержка вычислений,"1/(Tp+1)(1·[17021]), T=2.23, x0=1",1,0,2.23,0,1,17021,0,0
17024,9,Π,дожившие до слнедующего года,[17023]·[17025],0;0,17023;17025,,,,,0,0
17025,9,Π,коэффициент умирания,[17026],0,17026,,,,,0,0
17026,2,уставка·Σ,коэф выживаемости возрастной группы,0.99·(1·[17692]),0.99,17026,,,1,17692,0,1
17027,3,∫,,"∫(0) dt, x0=1",1,0,,,,,-1,0
17029,1,Σ,,1·[17023] + -1·[17024],,,,,1;-1,17023;17024,0,0
17031,1,Σ,количество перехода за год в следующую возрастную группу,1·[17024] + 1·[17685],,,,,1;1,17024;17685,0,0
17032,5,∫ с пределами,количество человек в данной возрастной группе,"∫(1·[17031] + -1·[17033]) dt, x0=1, pa1=0, hi=100000",1;0,0;0,100000,0,1;-1,17031;17033,2.22351,0
17033,17,1/(Tp+1),годовая задержка вычислений,"1/(Tp+1)(1·[17031]), T=2.186, x0=1",1,0,2.186,0,1,17031,0,0
17034,9,Π,дожившие до слнедующего года,[17033]·[17035],0;0,17033;17035,,,,,0,0
17035,9,Π,коэффициент умирания,[17036],0,17036,,,,,0,0
17036,2,уставка·Σ,коэф выживаемости возрастной группы,0.99·(1·[17692]),0.99,17036,,,1,17692,0,1
17037,3,∫,,"∫(0) dt, x0=1",1,0,,,,,-1,0
17039,1,Σ,,1·[17033] + -1·[17034],,,,,1;-1,17033;17034,0,0
17041,1,Σ,количество перехода за год в следующую возрастную группу,1·[17034] + 1·[17685],,,,,1;1,17034;17685,0,0
17042,5,∫ с пределами,количество человек в данной возрастной группе,"∫(1·[17041] + -1·[17043]) dt, x0=1, pa1=0, hi=100000",1;0,0;0,100000,0,1;-1,17041;17043,2.21918,0
17043,17,1/(Tp+1),годовая задержка вычислений,"1/(Tp+1)(1·[17041]), T=2.1, x0=1",1,0,2.1,0,1,17041,0,0
17044,9,Π,дожившие до слнедующего года,[17043]·[17045],0;0,17043;17045,,,,,0,0
17045,9,Π,коэффициент умирания,[17046],0,17046,,,,,0,0
17046,2,уставка·Σ,коэф выживаемости возрастной группы,0.993·(1·[17692]),0.993,17046,,,1,17692,0,1
17047,3,∫,,"∫(0) dt, x0=1",1,0,,,,,-1,0
17049,1,Σ,,1·[17043] + -1·[17044],,,,,1;-1,17043;17044,0,0
17051,1,Σ,количество перехода за год в следующую возрастную группу,1·[17044] + 1·[17685],,,,,1;1,17044;17685,0,0
17052,5,∫ с пределами,количество человек в данной возрастной группе,"∫(1·[17051] + -1·[17053]) dt, x0=1, pa1=0, hi=1e+06",1;0,0;0,1e+06,0,1;-1,17051;17053,2.17705,0
17053,17,1/(Tp+1),годовая задержка вычислений,"1/(Tp+1)(1·[17051]), T=2.078, x0=1",1,0,2.078,0,1,17051,0,0
17054,9,Π,дожившие до слнедующего года,[17053]·[17055],0;0,17053;17055,,,,,0,0
17055,9,Π,коэффициент умирания,[17056],0,17056,,,,,0,0
17056,2,уставка·Σ,коэф выживаемости возрастной группы,0.993·(1·[17692]),0.993,17056,,,1,17692,0,1
17057,3,∫,,"∫(0) dt, x0=1",1,0,,,,,-1,0
17059,1,Σ,,1·[17053] + -1·[17054],,,,,1;-1,17053;17054,0,0
17061,1,Σ,количество перехода за год в следующую возрастную группу,1·[17054] + 1·[17685],,,,,1;1,17054;17685,0,0
17062,5,∫ с пределами,количество человек в данной возрастной группе,"∫(1·[17061] + -1·[17063]) dt, x0=1, pa1=0, hi=100000",1;0,0;0,100000,0,1;-1,17061;17063,2.14242,0
17063,17,1/(Tp+1),годовая задержка вычислений,"1/(Tp+1)(1·[17061]), T=2.014, x0=1",1,0,2.014,0,1,17061,0,0
17064,9,Π,дожившие до слнедующего года,[17063]·[17065],0;0,17063;17065,,,,,0,0
17065,9,Π,коэффициент умирания,[17066],0,17066,,,,,0,0
17066,2,уставка·Σ,коэф выживаемости возрастной группы,0.995·(1·[17692]),0.995,17066,,,1,17692,0,1
17067,3,∫,,"∫(0) dt, x0=1",1,0,,,,,-1,0
17069,1,Σ,,1·[17063] + -1·[17064],,,,,1;-1,17063;17064,0,0
17071,1,Σ,количество перехода за год в следующую возрастную группу,1·[17064] + 1·[17685],,,,,1;1,17064;17685,0,0
17072,5,∫ с пределами,количество человек в данной возрастной группе,"∫(1·[17071] + -1·[17073]) dt, x0=1, pa1=0, hi=100000",1;0,0;0,100000,0,1;-1,17071;17073,2.08553,0
17073,17,1/(Tp+1),годовая задержка вычислений,"1/(Tp+1)(1·[17071]), T=1.97, x0=1",1,0,1.97,0,1,17071,0,0
17074,9,Π,дожившие до слнедующего года,[17073]·[17075],0;0,17073;17075,,,,,0,0
17075,9,Π,коэффициент умирания,[17076],0,17076,,,,,0,0
17076,2,уставка·Σ,коэф выживаемости возрастной группы,0.996·(1·[17692]),0.996,17076,,,1,17692,0,1
17077,3,∫,,"∫(0) dt, x0=1",1,0,,,,,-1,0
17079,1,Σ,,1·[17073] + -1·[17074],,,,,1;-1,17073;17074,0,0
17081,1,Σ,количество перехода за год в следующую возрастную группу,1·[17074] + 1·[17685],,,,,1;1,17074;17685,0,0
17082,5,∫ с пределами,количество человек в данной возрастной группе,"∫(1·[17081] + -1·[17083]) dt, x0=1, pa1=0, hi=1e+06",1;0,0;0,1e+06,0,1;-1,17081;17083,2.04781,0
17083,17,1/(Tp+1),годовая задержка вычислений,"1/(Tp+1)(1·[17081]), T=1.95, x0=1",1,0,1.95,0,1,17081,0,0
17084,9,Π,дожившие до слнедующего года,[17083]·[17085],0;0,17083;17085,,,,,0,0
17085,9,Π,коэффициент умирания,[17086],0,17086,,,,,0,0
17086,2,уставка·Σ,коэф выживаемости возрастной группы,0.997·(1·[17692]),0.997,17086,,,1,17692,0,1
17087,3,∫,,"∫(0) dt, x0=1",1,0,,,,,-1,0
17089,1,Σ,,1·[17083] + -1·[17084],,,,,1;-1,17083;17084,0,0
17091,1,Σ,количество перехода за год в следующую возрастную группу,1·[17084] + 1·[17685],,,,,1;1,17084;17685,0,0
17092,5,∫ с пределами,количество человек в данной возрастной группе,"∫(1·[17091] + -1·[17093]) dt, x0=1, pa1=0, hi=1e+06",1;0,0;0,1e+06,0,1;-1,17091;17093,2.00947,0
17093,17,1/(Tp+1),годовая задержка вычислений,"1/(Tp+1)(1·[17091]), T=1.95, x0=1",1,0,1.95,0,1,17091,0,0
17094,9,Π,дожившие до слнедующего года,[17093]·[17095],0;0,17093;17095,,,,,0,0
17095,9,Π,коэффициент умирания,[17096],0,17096,,,,,0,0
17096,2,уставка·Σ,коэф выживаемости возрастной группы,0.99925·(1·[17692]),0.99925,17096,,,1,17692,0,1
17097,3,∫,,"∫(0) dt, x0=1",1,0,,,,,-1,0
17099,1,Σ,,1·[17093] + -1·[17094],,,,,1;-1,17093;17094,0,0
17101,1,Σ,количество перехода за год в следующую возрастную группу,1·[17094] + 1·[17685],,,,,1;1,17094;17685,0,0
17102,5,∫ с пределами,количество человек в данной возрастной группе,"∫(1·[17101] + -1·[17103]) dt, x0=1, pa1=0, hi=1e+06",1;0,0;0,1e+06,0,1;-1,17101;17103,1.96824,0
17103,17,1/(Tp+1),годовая задержка вычислений,"1/(Tp+1)(1·[17101]), T=1.93, x0=1",1,0,1.93,0,1,17101,0,0
17104,9,Π,дожившие до слнедующего года,[17103]·[17105],0;0,17103;17105,,,,,0,0
17105,9,Π,коэффициент умирания,[17106],0,17106,,,,,0,0
17106,2,уставка·Σ,коэф выживаемости возрастной группы,0.9993·(1·[17692]),0.9993,17106,,,1,17692,0,1
17107,3,∫,,"∫(0) dt, x0=1",1,0,,,,,-1,0
17109,1,Σ,,1·[17103] + -1·[17104],,,,,1;-1,17103;17104,0,0
17111,1,Σ,количество перехода за год в следующую возрастную группу,1·[17104] + 1·[17685],,,,,1;1,17104;17685,0,0
17112,5,∫ с пределами,количество человек в данной возрастной группе,"∫(1·[17111] + -1·[17113]) dt, x0=1, pa1=0, hi=1e+07",1;0,0;0,1e+07,0,1;-1,17111;17113,1.94315,0
17113,17,1/(Tp+1),годовая задержка вычислений,"1/(Tp+1)(1·[17111]), T=1.91, x0=1",1,0,1.91,0,1,17111,0,0
17114,9,Π,дожившие до слнедующего года,[17113]·[17115],0;0,17113;17115,,,,,0,0
17115,9,Π,коэффициент умирания,[17116],0,17116,,,,,0,0
17116,2,уставка·Σ,коэф выживаемости возрастной группы,0.9994·(1·[17692]),0.9994,17116,,,1,17692,0,1
17117,3,∫,,"∫(0) dt, x0=1",1,0,,,,,-1,0
17119,1,Σ,,1·[17113] + -1·[17114],,,,,1;-1,17113;17114,0,0
17121,1,Σ,количество перехода за год в следующую возрастную группу,1·[17114] + 1·[17685],,,,,1;1,17114;17685,0,0
17122,5,∫ с пределами,количество человек в данной возрастной группе,"∫(1·[17121] + -1·[17123]) dt, x0=1, pa1=0, hi=1e+07",1;0,0;0,1e+07,0,1;-1,17121;17123,1.94066,0
17123,17,1/(Tp+1),годовая задержка вычислений,"1/(Tp+1)(1·[17121]), T=1.91, x0=1",1,0,1.91,0,1,17121,0,0
17124,9,Π,дожившие до слнедующего года,[17123]·[17125],0;0,17123;17125,,,,,0,0
17125,9,Π,коэффициент умирания,[17126],0,17126,,,,,0,0
17126,2,уставка·Σ,коэф выживаемости возрастной группы,0.99945·(1·[17692]),0.99945,17126,,,1,17692,0,1
17127,3,∫,,"∫(0) dt, x0=1",1,0,,,,,-1,0
17129,1,Σ,,1·[17123] + -1·[17124],,,,,1;-1,17123;17124,0,0
17131,1,Σ,количество перехода за год в следующую возрастную группу,1·[17124] + 1·[17685],,,,,1;1,17124;17685,0,0
17132,5,∫ с пределами,количество человек в данной возрастной группе,"∫(1·[17131] + -1·[17133]) dt, x0=1, pa1=0, hi=1e+07",1;0,0;0,1e+07,0,1;-1,17131;17133,1.93084,0
17133,17,1/(Tp+1),годовая задержка вычислений,"1/(Tp+1)(1·[17131]), T=1.91, x0=1",1,0,1.91,0,1,17131,0,0
17134,9,Π,дожившие до слнедующего года,[17133]·[17135],0;0,17133;17135,,,,,0,0
17135,9,Π,коэффициент умирания,[17136],0,17136,,,,,0,0
17136,2,уставка·Σ,коэф выживаемости возрастной группы,0.9995·(1·[17692]),0.9995,17136,,,1,17692,0,1
17137,3,∫,,"∫(0) dt, x0=1",1,0,,,,,-1,0
17139,1,Σ,,1·[17133] + -1·[17134],,,,,1;-1,17133;17134,0,0
17141,1,Σ,количество перехода за год в следующую возрастную группу,1·[17134] + 1·[17685],,,,,1;1,17134;17685,0,0
17142,5,∫ с пределами,количество человек в данной возрастной группе,"∫(1·[17141] + -1·[17143]) dt, x0=1, pa1=0, hi=1e+07",1;0,0;0,1e+07,0,1;-1,17141;17143,1.92029,0
17143,17,1/(Tp+1),годовая задержка вычислений,"1/(Tp+1)(1·[17141]), T=1.88, x0=1",1,0,1.88,0,1,17141,0,0
17144,9,Π,дожившие до слнедующего года,[17143]·[17145],0;0,17143;17145,,,,,0,0
17145,9,Π,коэффициент умирания,[17146],0,17146,,,,,0,0
17146,2,уставка·Σ,коэф выживаемости возрастной группы,0.999·(1·[17692]),0.999,17146,,,1,17692,0,1
17147,9,Π,коэф выживаемости от хороших условий жизни,[17148]·[17682]·[17142],0;0;0,17148;17682;17142,,,,,0,0
17148,2,уставка·Σ,коэф рождаемости возрастной группы от хороших услрвий жизни,0.01·(1·1),0.01,17148,,,1,const,0,1
17149,1,Σ,,1·[17143] + -1·[17144],,,,,1;-1,17143;17144,0,0
17151,1,Σ,количество перехода за год в следующую возрастную группу,1·[17144] + 1·[17685],,,,,1;1,17144;17685,0,0
17152,5,∫ с пределами,количество человек в данной возрастной группе,"∫(1·[17151] + -1·[17153]) dt, x0=1, pa1=0, hi=1e+06",1;0,0;0,1e+06,0,1;-1,17151;17153,1.90763,0
17153,17,1/(Tp+1),годовая задержка вычислений,"1/(Tp+1)(1·[17151]), T=1.84, x0=1",1,0,1.84,0,1,17151,0,0
17154,9,Π,дожившие до слнедующего года,[17153]·[17155],0;0,17153;17155,,,,,0,0
17155,9,Π,коэффициент умирания,[17156],0,17156,,,,,0,0
17156,2,уставка·Σ,коэф выживаемости возрастной группы,0.9994·(1·[17692]),0.9994,17156,,,1,17692,0,1
17157,9,Π,коэф выживаемости от хороших условий жизни,[17158]·[17682]·[17152],0;0;0,17158;17682;17152,,,,,0,0
17158,2,уставка·Σ,коэф рождаемости возрастной группы от хороших услрвий жизни,0.02·(1·1),0.02,17158,,,1,const,0,1
17159,1,Σ,,1·[17153] + -1·[17154],,,,,1;-1,17153;17154,0,0
17161,1,Σ,количество перехода за год в следующую возрастную группу,1·[17154] + 1·[17685],,,,,1;1,17154;17685,0,0
17162,3,∫,количество человек в данной возрастной группе,"∫(1·[17161] + -1·[17163]) dt, x0=1",1,0,,,1;-1,17161;17163,1.90558,0
17163,17,1/(Tp+1),годовая задержка вычислений,"1/(Tp+1)(1·[17161]), T=1.8, x0=1",1,0,1.8,0,1,17161,0,0
17164,9,Π,дожившие до слнедующего года,[17163]·[17165],0;0,17163;17165,,,,,0,0
17165,9,Π,коэффициент умирания,[17166],0,17166,,,,,0,0
17166,2,уставка·Σ,коэф выживаемости возрастной группы,0.9991·(1·[17692]),0.9991,17166,,,1,17692,0,1
17167,9,Π,коэф выживаемости от хороших условий жизни,[17168]·[17682]·[17162],0;0;0,17168;17682;17162,,,,,0,0
17168,2,уставка·Σ,коэф рождаемости возрастной группы от хороших услрвий жизни,0.03·(1·1),0.03,17168,,,1,const,0,1
17169,1,Σ,,1·[17163] + -1·[17164],,,,,1;-1,17163;17164,0,0
17171,1,Σ,количество перехода за год в следующую возрастную группу,1·[17164] + 1·[17685],,,,,1;1,17164;17685,0,0
17172,3,∫,количество человек в данной возрастной группе,"∫(1·[17171] + -1·[17173]) dt, x0=1",1,0,,,1;-1,17171;17173,1.8839,0
17173,17,1/(Tp+1),годовая задержка вычислений,"1/(Tp+1)(1·[17171]), T=1.76, x0=1",1,0,1.76,0,1,17171,0,0
17174,9,Π,дожившие до слнедующего года,[17173]·[17175],0;0,17173;17175,,,,,0,0
17175,9,Π,коэффициент умирания,[17176],0,17176,,,,,0,0
17176,2,уставка·Σ,коэф выживаемости возрастной группы,0.9985·(1·[17692]),0.9985,17176,,,1,17692,0,1
17177,9,Π,коэф выживаемости от хороших условий жизни,[17178]·[17682]·[17172],0;0;0,17178;17682;17172,,,,,0,0
17178,2,уставка·Σ,коэф рождаемости возрастной группы от хороших услрвий жизни,0.03·(1·1),0.03,17178,,,1,const,0,1
17179,1,Σ,,1·[17173] + -1·[17174],,,,,1;-1,17173;17174,0,0
17181,1,Σ,количество перехода за год в следующую возрастную группу,1·[17174] + 1·[17685],,,,,1;1,17174;17685,0,0
17182,3,∫,количество человек в данной возрастной группе,"∫(1·[17181] + -1·[17183]) dt, x0=1",1,0,,,1;-1,17181;17183,1.8467,0
17183,17,1/(Tp+1),годовая задержка вычислений,"1/(Tp+1)(1·[17181]), T=1.76, x0=1",1,0,1.76,0,1,17181,0,0
17184,9,Π,дожившие до слнедующего года,[17183]·[17185],0;0,17183;17185,,,,,0,0
17185,9,Π,коэффициент умирания,[17186],0,17186,,,,,0,0
17186,2,уставка·Σ,266ф выживаемости возрастной группы,0.9987·(1·[17692]),0.9987,17186,,,1,17692,0,1
17187,9,Π,коэф выживаемости от хороших условий жизни,[17188]·[17682]·[17182],0;0;0,17188;17682;17182,,,,,0,0
17188,2,уставка·Σ,коэф выживаемости возрастной группы от хороших услрвий жизни,0.05·(1·1),0.05,17188,,,1,const,0,1
17189,1,Σ,,1·[17183] + -1·[17184],,,,,1;-1,17183;17184,0,0
17191,1,Σ,количество перехода за год в следующую возрастную группу,1·[17184] + 1·[17685],,,,,1;1,17184;17685,0,0
17192,3,∫,количество человек в данной возрастной группе,"∫(1·[17191] + -1·[17193]) dt, x0=1",1,0,,,1;-1,17191;17193,1.80885,0
17193,17,1/(Tp+1),годовая задержка вычислений,"1/(Tp+1)(1·[17191]), T=1.736, x0=1",1,0,1.736,0,1,17191,0,0
17194,9,Π,дожившие до слнедующего года,[17193]·[17195],0;0,17193;17195,,,,,0,0
17195,9,Π,коэффициент умирания,[17196],0,17196,,,,,0,0
17196,2,уставка·Σ,коэф выживаемости возрастной группы,0.9987·(1·[17692]),0.9987,17196,,,1,17692,0,1
17197,9,Π,коэф выживаемости от хороших условий жизни,[17198]·[17682]·[17192],0;0;0,17198;17682;17192,,,,,0,0
17198,2,уставка·Σ,коэф выживаемости возрастной группы от хороших услрвий жизни,0.15·(1·1),0.15,17198,,,1,const,0,1
17199,1,Σ,,1·[17193] + -1·[17194],,,,,1;-1,17193;17194,0,0
17201,1,Σ,количество перехода за год в следующую возрастную группу,1·[17194] + 1·[17685],,,,,1;1,17194;17685,0,0
17202,3,∫,количество человек в данной возрастной группе,"∫(1·[17201] + -1·[17203]) dt, x0=1",1,0,,,1;-1,17201;17203,1.76808,0
17203,17,1/(Tp+1),годовая задержка вычислений,"1/(Tp+1)(1·[17201]), T=1.757, x0=1",1,0,1.757,0,1,17201,0,0
17204,9,Π,дожившие до слнедующего года,[17203]·[17205],0;0,17203;17205,,,,,0,0
17205,9,Π,коэффициент умирания,[17206],0,17206,,,,,0,0
17206,2,уставка·Σ,17эф выживаемости возрастной группы,0.9988·(1·[17692]),0.9988,17206,,,1,17692,0,1
17207,9,Π,коэф выживаемости от хороших условий жизни,[17208]·[17682]·[17202],0;0;0,17208;17682;17202,,,,,0,0
17208,2,уставка·Σ,коэф выживаемости возрастной группы от хороших услрвий жизни,0.21·(1·1),0.21,17208,,,1,const,0,1
17209,1,Σ,,1·[17203] + -1·[17204],,,,,1;-1,17203;17204,0,0
17211,1,Σ,количество перехода за год в следующую возрастную группу,1·[17204] + 1·[17685],,,,,1;1,17204;17685,0,0
17212,3,∫,количество человек в данной возрастной группе,"∫(1·[17211] + -1·[17213]) dt, x0=1",1,0,,,1;-1,17211;17213,1.75226,0
17213,17,1/(Tp+1),годовая задержка вычислений,"1/(Tp+1)(1·[17211]), T=1.8, x0=1",1,0,1.8,0,1,17211,0,0
17214,9,Π,дожившие до слнедующего года,[17213]·[17215],0;0,17213;17215,,,,,0,0
17215,9,Π,коэффициент умирания,[17216],0,17216,,,,,0,0
17216,2,уставка·Σ,коэф выживаемости возрастной группы,0.998·(1·[17692]),0.998,17216,,,1,17692,0,1
17217,9,Π,коэф выживаемости от хороших условий жизни,[17218]·[17682]·[17212],0;0;0,17218;17682;17212,,,,,0,0
17218,2,уставка·Σ,коэф выживаемости возрастной группы от хороших услрвий жизни,0.26·(1·1),0.26,17218,,,1,const,0,1
17219,1,Σ,,1·[17213] + -1·[17214],,,,,1;-1,17213;17214,0,0
17221,1,Σ,количество перехода за год в следующую возрастную группу,1·[17214] + 1·[17685],,,,,1;1,17214;17685,0,0
17222,3,∫,количество человек в данной возрастной группе,"∫(1·[17221] + -1·[17223]) dt, x0=1",1,0,,,1;-1,17221;17223,1.69385,0
17223,17,1/(Tp+1),годовая задержка вычислений,"1/(Tp+1)(1·[17221]), T=1.843, x0=1",1,0,1.843,0,1,17221,0,0
17224,9,Π,дожившие до слнедующего года,[17223]·[17225],0;0,17223;17225,,,,,0,0
17225,9,Π,коэффициент умирания,[17226],0,17226,,,,,0,0
17226,2,уставка·Σ,коэф выживаемости возрастной группы,0.997·(1·[17692]),0.997,17226,,,1,17692,0,1
17227,9,Π,коэф выживаемости от хороших условий жизни,[17228]·[17682]·[17222],0;0;0,17228;17682;17222,,,,,0,0
17228,2,уставка·Σ,коэф выживаемости возрастной группы от хороших услрвий жизни,0.28·(1·1),0.28,17228,,,1,const,0,1
17229,1,Σ,,1·[17223] + -1·[17224],,,,,1;-1,17223;17224,0,0
17231,1,Σ,количество перехода за год в следующую возрастную группу,1·[17224] + 1·[17685],,,,,1;1,17224;17685,0,0
17232,3,∫,количество человек в данной возрастной группе,"∫(1·[17231] + -1·[17233]) dt, x0=1",1,0,,,1;-1,17231;17233,1.73689,0
17233,17,1/(Tp+1),годовая задержка вычислений,"1/(Tp+1)(1·[17231]), T=1.93, x0=1",1,0,1.93,0,1,17231,0,0
17234,9,Π,дожившие до слнедующего года,[17233]·[17235],0;0,17233;17235,,,,,0,0
17235,9,Π,коэффициент умирания,[17236],0,17236,,,,,0,0
17236,2,уставка·Σ,коэф выживаемости возрастной группы,0.996·(1·[17692]),0.996,17236,,,1,17692,0,1
17237,9,Π,коэф выживаемости от хороших условий жизни,[17238]·[17682]·[17232],0;0;0,17238;17682;17232,,,,,0,0
17238,2,уставка·Σ,коэф выживаемости возрастной группы от хороших услрвий жизни,0.24·(1·1),0.24,17238,,,1,const,0,1
17239,1,Σ,,1·[17233] + -1·[17234],,,,,1;-1,17233;17234,0,0
17241,1,Σ,количество перехода за год в следующую возрастную группу,1·[17234] + 1·[17685],,,,,1;1,17234;17685,0,0
17242,3,∫,количество человек в данной возрастной группе,"∫(1·[17241] + -1·[17243]) dt, x0=1",1,0,,,1;-1,17241;17243,1.76997,0
17243,17,1/(Tp+1),годовая задержка вычислений,"1/(Tp+1)(1·[17241]), T=2.01, x0=1",1,0,2.01,0,1,17241,0,0
17244,9,Π,дожившие до слнедующего года,[17243]·[17245],0;0,17243;17245,,,,,0,0
17245,10,Σ·[ref],коэффициент умирания,(0.5·1 + 0.5·[17681])·[17246],0,17246,,,0.5;0.5,const;17681,0,0
17246,2,уставка·Σ,коэф выживаемости возрастной группы,0.996·(1·[17692]),0.996,17246,,,1,17692,0,1
17247,9,Π,коэф выживаемости от хороших условий жизни,[17248]·[17682]·[17242],0;0;0,17248;17682;17242,,,,,0,0
17248,2,уставка·Σ,коэф выживаемости возрастной группы от хороших услрвий жизни,0.19·(1·1),0.19,17248,,,1,const,0,1
17249,1,Σ,,1·[17243] + -1·[17244],,,,,1;-1,17243;17244,0,0
17251,1,Σ,количество перехода за год в следующую возрастную группу,1·[17244] + 1·[17685],,,,,1;1,17244;17685,0,0
17252,3,∫,количество человек в данной возрастной группе,"∫(1·[17251] + -1·[17253]) dt, x0=1",1,0,,,1;-1,17251;17253,1.80437,0
17253,17,1/(Tp+1),годовая задержка вычислений,"1/(Tp+1)(1·[17251]), T=2.1, x0=1",1,0,2.1,0,1,17251,0,0
17254,9,Π,дожившие до слнедующего года,[17253]·[17255],0;0,17253;17255,,,,,0,0
17255,10,Σ·[ref],коэффициент умирания,(0.5·1 + 0.5·[17681])·[17256],0,17256,,,0.5;0.5,const;17681,0,0
17256,2,уставка·Σ,коэф выживаемости возрастной группы,0.995·(1·[17692]),0.995,17256,,,1,17692,0,1
17257,9,Π,коэф выживаемости от хороших условий жизни,[17258]·[17682]·[17252],0;0;0,17258;17682;17252,,,,,0,0
17258,2,уставка·Σ,коэф выживаемости возрастной группы от хороших услрвий жизни,0.17·(1·1),0.17,17258,,,1,const,0,1
17259,1,Σ,,1·[17253] + -1·[17254],,,,,1;-1,17253;17254,0,0
17261,1,Σ,количество перехода за год в следующую возрастную группу,1·[17254] + 1·[17685],,,,,1;1,17254;17685,0,0
17262,3,∫,количество человек в данной возрастной группе,"∫(1·[17261] + -1·[17263]) dt, x0=1",1,0,,,1;-1,17261;17263,1.86847,0
17263,17,1/(Tp+1),годовая задержка вычислений,"1/(Tp+1)(1·[17261]), T=2.186, x0=1",1,0,2.186,0,1,17261,0,0
17264,9,Π,дожившие до слнедующего года,[17263]·[17265],0;0,17263;17265,,,,,0,0
17265,10,Σ·[ref],коэффициент умирания,(0.5·1 + 0.5·[17681])·[17266],0,17266,,,0.5;0.5,const;17681,0,0
17266,2,уставка·Σ,коэф выживаемости возрастной группы,0.995·(1·[17692]),0.995,17266,,,1,17692,0,1
17267,9,Π,коэф выживаемости от хороших условий жизни,[17268]·[17682]·[17262],0;0;0,17268;17682;17262,,,,,0,0
17268,2,уставка·Σ,коэф выживаемости возрастной группы от хороших услрвий жизни,0.11·(1·1),0.11,17268,,,1,const,0,1
17269,1,Σ,,1·[17263] + -1·[17264],,,,,1;-1,17263;17264,0,0
17271,1,Σ,количество перехода за год в следующую возрастную группу,1·[17264] + 1·[17685],,,,,1;1,17264;17685,0,0
17272,3,∫,количество человек в данной возрастной группе,"∫(1·[17271] + -1·[17273]) dt, x0=1",1,0,,,1;-1,17271;17273,1.94741,0
17273,17,1/(Tp+1),годовая задержка вычислений,"1/(Tp+1)(1·[17271]), T=2.1, x0=1",1,0,2.1,0,1,17271,0,0
17274,9,Π,дожившие до слнедующего года,[17273]·[17275],0;0,17273;17275,,,,,0,0
17275,10,Σ·[ref],коэффициент умирания,(0.5·1 + 0.5·[17681])·[17276],0,17276,,,0.5;0.5,const;17681,0,0
17276,2,уставка·Σ,коэф выживаемости возрастной группы,0.994·(1·[17692]),0.994,17276,,,1,17692,0,1
17277,9,Π,коэф выживаемости от хороших условий жизни,[17278]·[17682]·[17272],0;0;0,17278;17682;17272,,,,,0,0
17278,2,уставка·Σ,коэф выживаемости возрастной группы от хороших услрвий жизни,0.08·(1·1),0.08,17278,,,1,const,0,1
17279,1,Σ,,1·[17273] + -1·[17274],,,,,1;-1,17273;17274,0,0
17281,1,Σ,количество перехода за год в следующую возрастную группу,1·[17274] + 1·[17685],,,,,1;1,17274;17685,0,0
17282,3,∫,количество человек в данной возрастной группе,"∫(1·[17281] + -1·[17283]) dt, x0=1",1,0,,,1;-1,17281;17283,2.028,0
17283,17,1/(Tp+1),годовая задержка вычислений,"1/(Tp+1)(1·[17281]), T=2.014, x0=1",1,0,2.014,0,1,17281,0,0
17284,9,Π,дожившие до слнедующего года,[17283]·[17285],0;0,17283;17285,,,,,0,0
17285,10,Σ·[ref],коэффициент умирания,(0.5·1 + 0.5·[17681])·[17286],0,17286,,,0.5;0.5,const;17681,0,0
17286,2,уставка·Σ,коэф выживаемости возрастной группы,0.995·(1·[17692]),0.995,17286,,,1,17692,0,1
17287,9,Π,коэф выживаемости от хороших условий жизни,[17288]·[17682]·[17282],0;0;0,17288;17682;17282,,,,,0,0
17288,2,уставка·Σ,коэф выживаемости возрастной группы от хороших услрвий жизни,0.08·(1·1),0.08,17288,,,1,const,0,1
17289,1,Σ,,1·[17283] + -1·[17284],,,,,1;-1,17283;17284,0,0
17291,1,Σ,количество перехода за год в следующую возрастную группу,1·[17284] + 1·[17685],,,,,1;1,17284;17685,0,0
17292,3,∫,количество человек в данной возрастной группе,"∫(1·[17291] + -1·[17293]) dt, x0=1",1,0,,,1;-1,17291;17293,2.11321,0
17293,17,1/(Tp+1),годовая задержка вычислений,"1/(Tp+1)(1·[17291]), T=1.97, x0=1",1,0,1.97,0,1,17291,0,0
17294,9,Π,дожившие до слнедующего года,[17293]·[17295],0;0,17293;17295,,,,,0,0
17295,10,Σ·[ref],коэффициент умирания,(0.5·1 + 0.5·[17681])·[17296],0,17296,,,0.5;0.5,const;17681,0,0
17296,2,уставка·Σ,коэф выживаемости возрастной группы,0.9962·(1·[17692]),0.9962,17296,,,1,17692,0,1
17297,9,Π,коэф выживаемости от хороших условий жизни,[17298]·[17682]·[17292],0;0;0,17298;17682;17292,,,,,0,0
17298,2,уставка·Σ,коэф выживаемости возрастной группы от хороших услрвий жизни,0.08·(1·1),0.08,17298,,,1,const,0,1
17299,1,Σ,,1·[17293] + -1·[17294],,,,,1;-1,17293;17294,0,0
17301,1,Σ,количество перехода за год в следующую возрастную группу,1·[17294] + 1·[17685],,,,,1;1,17294;17685,0,0
17302,3,∫,количество человек в данной возрастной группе,"∫(1·[17301] + -1·[17303]) dt, x0=1",1,0,,,1;-1,17301;17303,2.09865,0
17303,17,1/(Tp+1),годовая задержка вычислений,"1/(Tp+1)(1·[17301]), T=1.93, x0=1",1,0,1.93,0,1,17301,0,0
17304,9,Π,дожившие до слнедующего года,[17303]·[17305],0;0,17303;17305,,,,,0,0
17305,10,Σ·[ref],коэффициент умирания,(0.5·1 + 0.5·[17681])·[17306],0,17306,,,0.5;0.5,const;17681,0,0
17306,2,уставка·Σ,коэф выживаемости возрастной группы,0.996·(1·[17692]),0.996,17306,,,1,17692,0,1
17307,9,Π,коэф выживаемости от хороших условий жизни,[17308]·[17682]·[17302],0;0;0,17308;17682;17302,,,,,0,0
17308,2,уставка·Σ,коэф выживаемости возрастной группы от хороших услрвий жизни,0.09·(1·1),0.09,17308,,,1,const,0,1
17309,1,Σ,,1·[17303] + -1·[17304],,,,,1;-1,17303;17304,0,0
17311,1,Σ,количество перехода за год в следующую возрастную группу,1·[17304] + 1·[17685],,,,,1;1,17304;17685,0,0
17312,3,∫,количество человек в данной возрастной группе,"∫(1·[17311] + -1·[17313]) dt, x0=1",1,0,,,1;-1,17311;17313,2.01731,0
17313,17,1/(Tp+1),годовая задержка вычислений,"1/(Tp+1)(1·[17311]), T=1.842, x0=1",1,0,1.842,0,1,17311,0,0
17314,9,Π,дожившие до слнедующего года,[17313]·[17315],0;0,17313;17315,,,,,0,0
17315,10,Σ·[ref],коэффициент умирания,(0.5·1 + 0.5·[17681])·[17316],0,17316,,,0.5;0.5,const;17681,0,0
17316,2,уставка·Σ,коэф выживаемости возрастной группы,0.9958·(1·[17692]),0.9958,17316,,,1,17692,0,1
17317,9,Π,коэф выживаемости от хороших условий жизни,[17318]·[17682]·[17312],0;0;0,17318;17682;17312,,,,,0,0
17318,2,уставка·Σ,коэф выживаемости возрастной группы от хороших услрвий жизни,0.09·(1·1),0.09,17318,,,1,const,0,1
17319,1,Σ,,1·[17313] + -1·[17314],,,,,1;-1,17313;17314,0,0
17321,1,Σ,количество перехода за год в следующую возрастную группу,1·[17314] + 1·[17685],,,,,1;1,17314;17685,0,0
17322,3,∫,количество человек в данной возрастной группе,"∫(1·[17321] + -1·[17323]) dt, x0=1",1,0,,,1;-1,17321;17323,1.95986,0
17323,17,1/(Tp+1),годовая задержка вычислений,"1/(Tp+1)(1·[17321]), T=1.757, x0=1",1,0,1.757,0,1,17321,0,0
17324,9,Π,дожившие до слнедующего года,[17323]·[17325],0;0,17323;17325,,,,,0,0
17325,10,Σ·[ref],коэффициент умирания,(0.5·1 + 0.5·[17681])·[17326],0,17326,,,0.5;0.5,const;17681,0,0
17326,2,уставка·Σ,коэф выживаемости возрастной группы,0.995·(1·[17692]),0.995,17326,,,1,17692,0,1
17327,9,Π,коэф выживаемости от хороших условий жизни,[17328]·[17682]·[17322],0;0;0,17328;17682;17322,,,,,0,0
17328,2,уставка·Σ,коэф выживаемости возрастной группы от хороших услрвий жизни,0.09·(1·1),0.09,17328,,,1,const,0,1
17329,1,Σ,,1·[17323] + -1·[17324],,,,,1;-1,17323;17324,0,0
17331,1,Σ,количество перехода за год в следующую возрастную группу,1·[17324] + 1·[17685],,,,,1;1,17324;17685,0,0
17332,3,∫,количество человек в данной возрастной группе,"∫(1·[17331] + -1·[17333]) dt, x0=1",1,0,,,1;-1,17331;17333,1.91748,0
17333,17,1/(Tp+1),годовая задержка вычислений,"1/(Tp+1)(1·[17331]), T=1.714, x0=1",1,0,1.714,0,1,17331,0,0
17334,9,Π,дожившие до слнедующего года,[17333]·[17335],0;0,17333;17335,,,,,0,0
17335,10,Σ·[ref],коэффициент умирания,(0.5·1 + 0.5·[17681])·[17336],0,17336,,,0.5;0.5,const;17681,0,0
17336,2,уставка·Σ,коэф выживаемости возрастной группы,0.994·(1·[17692]),0.994,17336,,,1,17692,0,1
17337,9,Π,коэф выживаемости от хороших условий жизни,[17338]·[17682]·[17332],0;0;0,17338;17682;17332,,,,,0,0
17338,2,уставка·Σ,коэф выживаемости возрастной группы от хороших услрвий жизни,0.08·(1·1),0.08,17338,,,1,const,0,1
17339,1,Σ,,1·[17333] + -1·[17334],,,,,1;-1,17333;17334,0,0
17341,1,Σ,количество перехода за год в следующую возрастную группу,1·[17334] + 1·[17685],,,,,1;1,17334;17685,0,0
17342,3,∫,количество человек в данной возрастной группе,"∫(1·[17341] + -1·[17343]) dt, x0=1",1,0,,,1;-1,17341;17343,1.84877,0
17343,17,1/(Tp+1),годовая задержка вычислений,"1/(Tp+1)(1·[17341]), T=1.754, x0=1",1,0,1.754,0,1,17341,0,0
17344,9,Π,дожившие до слнедующего года,[17343]·[17345],0;0,17343;17345,,,,,0,0
17345,9,Π,оэффициент умирания,[17346]·[17681],0;0,17346;17681,,,,,0,0
17346,2,уставка·Σ,коэф выживаемости возрастной группы,0.994·(1·[17692]),0.994,17346,,,1,17692,0,1
17347,9,Π,коэф выживаемости от хороших условий жизни,[17348]·[17682]·[17342],0;0;0,17348;17682;17342,,,,,0,0
17348,2,уставка·Σ,коэф выживаемости возрастной группы от хороших услрвий жизни,0.07·(1·1),0.07,17348,,,1,const,0,1
17349,1,Σ,,1·[17343] + -1·[17344],,,,,1;-1,17343;17344,0,0
17351,1,Σ,количество перехода за год в следующую возрастную группу,1·[17344] + 1·[17685],,,,,1;1,17344;17685,0,0
17352,3,∫,количество человек в данной возрастной группе,"∫(1·[17351] + -1·[17353]) dt, x0=1",1,0,,,1;-1,17351;17353,1.75769,0
17353,17,1/(Tp+1),годовая задержка вычислений,"1/(Tp+1)(1·[17351]), T=1.714, x0=1",1,0,1.714,0,1,17351,0,0
17354,9,Π,дожившие до слнедующего года,[17353]·[17355],0;0,17353;17355,,,,,0,0
17355,9,Π,коэффициент умирания,[17356]·[17681],0;0,17356;17681,,,,,0,0
17356,2,уставка·Σ,коэф выживаемости возрастной группы,0.993·(1·[17692]),0.993,17356,,,1,17692,0,1
17357,9,Π,коэф выживаемости от хороших условий жизни,[17358]·[17682]·[17352],0;0;0,17358;17682;17352,,,,,0,0
17358,2,уставка·Σ,коэф выживаемости возрастной группы от хороших услрвий жизни,0.06·(1·1),0.06,17358,,,1,const,0,1
17359,1,Σ,,1·[17353] + -1·[17354],,,,,1;-1,17353;17354,0,0
17361,1,Σ,количество перехода за год в следующую возрастную группу,1·[17354] + 1·[17685],,,,,1;1,17354;17685,0,0
17362,3,∫,количество человек в данной возрастной группе,"∫(1·[17361] + -1·[17363]) dt, x0=1",1,0,,,1;-1,17361;17363,1.68107,0
17363,17,1/(Tp+1),годовая задержка вычислений,"1/(Tp+1)(1·[17361]), T=1.714, x0=1",1,0,1.714,0,1,17361,0,0
17364,9,Π,дожившие до слнедующего года,[17363]·[17365],0;0,17363;17365,,,,,0,0
17365,9,Π,коэффициент умирания,[17366]·[17681],0;0,17366;17681,,,,,0,0
17366,2,уставка·Σ,коэф выживаемости возрастной группы,0.993·(1·[17692]),0.993,17366,,,1,17692,0,1
17367,9,Π,коэф выживаемости от хороших условий жизни,[17368]·[17682]·[17362],0;0;0,17368;17682;17362,,,,,0,0
17368,2,уставка·Σ,коэф выживаемости возрастной группы от хороших услрвий жизни,0.05·(1·1),0.05,17368,,,1,const,0,1
17369,1,Σ,,1·[17363] + -1·[17364],,,,,1;-1,17363;17364,0,0
17371,1,Σ,количество перехода за год в следующую возрастную группу,1·[17364] + 1·[17685],,,,,1;1,17364;17685,0,0
17372,3,∫,количество человек в данной возрастной группе,"∫(1·[17371] + -1·[17373]) dt, x0=1",1,0,,,1;-1,17371;17373,1.67845,0
17373,17,1/(Tp+1),годовая задержка вычислений,"1/(Tp+1)(1·[17371]), T=1.671, x0=1",1,0,1.671,0,1,17371,0,0
17374,9,Π,дожившие до слнедующего года,[17373]·[17375],0;0,17373;17375,,,,,0,0
17375,9,Π,коэффициент умирания,[17376]·[17681],0;0,17376;17681,,,,,0,0
17376,2,уставка·Σ,коэф выживаемости возрастной группы,0.993·(1·[17692]),0.993,17376,,,1,17692,0,1
17377,9,Π,коэф выживаемости от хороших условий жизни,[17378]·[17682]·[17372],0;0;0,17378;17682;17372,,,,,0,0
17378,2,уставка·Σ,коэф выживаемости возрастной группы от хороших услрвий жизни,0.04·(1·1),0.04,17378,,,1,const,0,1
17379,1,Σ,,1·[17373] + -1·[17374],,,,,1;-1,17373;17374,0,0
17381,1,Σ,количество перехода за год в следующую возрастную группу,1·[17374] + 1·[17685],,,,,1;1,17374;17685,0,0
17382,3,∫,количество человек в данной возрастной группе,"∫(1·[17381] + -1·[17383]) dt, x0=1",1,0,,,1;-1,17381;17383,1.6868,0
17383,17,1/(Tp+1),годовая задержка вычислений,"1/(Tp+1)(1·[17381]), T=1.628, x0=1",1,0,1.628,0,1,17381,0,0
17384,9,Π,дожившие до слнедующего года,[17383]·[17385],0;0,17383;17385,,,,,0,0
17385,9,Π,коэффициент умирания,[17386]·[17681],0;0,17386;17681,,,,,0,0
17386,2,уставка·Σ,коэф выживаемости возрастной группы,0.992·(1·[17692]),0.992,17386,,,1,17692,0,1
17387,9,Π,коэф выживаемости от хороших условий жизни,[17388]·[17682]·[17382],0;0;0,17388;17682;17382,,,,,0,0
17388,2,уставка·Σ,коэф выживаемости возрастной группы от хороших услрвий жизни,0.04·(1·1),0.04,17388,,,1,const,0,1
17389,1,Σ,,1·[17383] + -1·[17384],,,,,1;-1,17383;17384,0,0
17391,1,Σ,количество перехода за год в следующую возрастную группу,1·[17384] + 1·[17685],,,,,1;1,17384;17685,0,0
17392,3,∫,количество человек в данной возрастной группе,"∫(1·[17391] + -1·[17393]) dt, x0=1",1,0,,,1;-1,17391;17393,1.67188,0
17393,17,1/(Tp+1),годовая задержка вычислений,"1/(Tp+1)(1·[17391]), T=1.586, x0=1",1,0,1.586,0,1,17391,0,0
17394,9,Π,дожившие до слнедующего года,[17393]·[17395],0;0,17393;17395,,,,,0,0
17395,9,Π,коэффициент умирания,[17396]·[17681],0;0,17396;17681,,,,,0,0
17396,2,уставка·Σ,коэф выживаемости возрастной группы,0.992·(1·[17692]),0.992,17396,,,1,17692,0,1
17397,9,Π,коэф выживаемости от хороших условий жизни,[17398]·[17682]·[17392],0;0;0,17398;17682;17392,,,,,0,0
17398,2,уставка·Σ,коэф выживаемости возрастной группы от хороших услрвий жизни,0.04·(1·1),0.04,17398,,,1,const,0,1
17399,1,Σ,,1·[17393] + -1·[17394],,,,,1;-1,17393;17394,0,0
17401,1,Σ,количество перехода за год в следующую возрастную группу,1·[17394] + 1·[17685],,,,,1;1,17394;17685,0,0
17402,3,∫,количество человек в данной возрастной группе,"∫(1·[17401] + -1·[17403]) dt, x0=1",1,0,,,1;-1,17401;17403,1.64497,0
17403,17,1/(Tp+1),годовая задержка вычислений,"1/(Tp+1)(1·[17401]), T=1.607, x0=1",1,0,1.607,0,1,17401,0,0
17404,9,Π,дожившие до слнедующего года,[17403]·[17405],0;0,17403;17405,,,,,0,0
17405,9,Π,коэффициент умирания,[17406]·[17681],0;0,17406;17681,,,,,0,0
17406,2,уставка·Σ,коэф выживаемости возрастной группы,0.991·(1·[17692]),0.991,17406,,,1,17692,0,1
17407,9,Π,коэф выживаемости от хороших условий жизни,[17408]·[17682]·[17402],0;0;0,17408;17682;17402,,,,,0,0
17408,2,уставка·Σ,коэф выживаемости возрастной группы от хороших услрвий жизни,0.03·(1·1),0.03,17408,,,1,const,0,1
17409,1,Σ,,1·[17403] + -1·[17404],,,,,1;-1,17403;17404,0,0
17411,1,Σ,количество перехода за год в следующую возрастную группу,1·[17404] + 1·[17685],,,,,1;1,17404;17685,0,0
17412,3,∫,количество человек в данной возрастной группе,"∫(1·[17411] + -1·[17413]) dt, x0=1",1,0,,,1;-1,17411;17413,1.59984,0
17413,17,1/(Tp+1),годовая задержка вычислений,"1/(Tp+1)(1·[17411]), T=1.586, x0=1",1,0,1.586,0,1,17411,0,0
17414,9,Π,дожившие до слнедующего года,[17413]·[17415],0;0,17413;17415,,,,,0,0
17415,9,Π,коэффициент умирания,[17416]·[17681],0;0,17416;17681,,,,,0,0
17416,2,уставка·Σ,коэф выживаемости возрастной группы,0.991·(1·[17692]),0.991,17416,,,1,17692,0,1
17417,9,Π,коэф выживаемости от хороших условий жизни,[17418]·[17682]·[17412],0;0;0,17418;17682;17412,,,,,0,0
17418,2,уставка·Σ,коэф выживаемости возрастной группы от хороших услрвий жизни,0.02·(1·1),0.02,17418,,,1,const,0,1
17419,1,Σ,,1·[17413] + -1·[17414],,,,,1;-1,17413;17414,0,0
17421,1,Σ,количество перехода за год в следующую возрастную группу,1·[17414] + 1·[17685],,,,,1;1,17414;17685,0,0
17422,3,∫,количество человек в данной возрастной группе,"∫(1·[17421] + -1·[17423]) dt, x0=1",1,0,,,1;-1,17421;17423,1.55641,0
17423,17,1/(Tp+1),годовая задержка вычислений,"1/(Tp+1)(1·[17421]), T=1.543, x0=1",1,0,1.543,0,1,17421,0,0
17424,9,Π,дожившие до слнедующего года,[17423]·[17425],0;0,17423;17425,,,,,0,0
17425,9,Π,коэффициент умирания,[17426]·[17681],0;0,17426;17681,,,,,0,0
17426,2,уставка·Σ,коэф выживаемости возрастной группы,0.991·(1·[17692]),0.991,17426,,,1,17692,0,1
17427,9,Π,коэф выживаемости от хороших условий жизни,[17428]·[17682]·[17422],0;0;0,17428;17682;17422,,,,,0,0
17428,2,уставка·Σ,коэф выживаемости возрастной группы от хороших услрвий жизни,0.02·(1·1),0.02,17428,,,1,const,0,1
17429,1,Σ,,1·[17423] + -1·[17424],,,,,1;-1,17423;17424,0,0
17431,1,Σ,количество перехода за год в следующую возрастную группу,1·[17424] + 1·[17685],,,,,1;1,17424;17685,0,0
17432,3,∫,количество человек в данной возрастной группе,"∫(1·[17431] + -1·[17433]) dt, x0=1",1,0,,,1;-1,17431;17433,1.55089,0
17433,17,1/(Tp+1),годовая задержка вычислений,"1/(Tp+1)(1·[17431]), T=1.586, x0=1",1,0,1.586,0,1,17431,0,0
17434,9,Π,дожившие до слнедующего года,[17433]·[17435],0;0,17433;17435,,,,,0,0
17435,9,Π,коэффициент умирания,[17436]·[17681],0;0,17436;17681,,,,,0,0
17436,2,уставка·Σ,коэф выживаемости возрастной группы,0.99·(1·[17692]),0.99,17436,,,1,17692,0,1
17437,9,Π,коэф выживаемости от хороших условий жизни,[17438]·[17682]·[17432],0;0;0,17438;17682;17432,,,,,0,0
17438,2,уставка·Σ,коэф выживаемости возрастной группы от хороших услрвий жизни,0.01·(1·1),0.01,17438,,,1,const,0,1
17439,1,Σ,,1·[17433] + -1·[17434],,,,,1;-1,17433;17434,0,0
17441,1,Σ,количество перехода за год в следующую возрастную группу,1·[17434] + 1·[17685],,,,,1;1,17434;17685,0,0
17442,3,∫,количество человек в данной возрастной группе,"∫(1·[17441] + -1·[17443]) dt, x0=1",1,0,,,1;-1,17441;17443,1.54454,0
17443,17,1/(Tp+1),годовая задержка вычислений,"1/(Tp+1)(1·[17441]), T=1.628, x0=1",1,0,1.628,0,1,17441,0,0
17444,9,Π,дожившие до слнедующего года,[17443]·[17445],0;0,17443;17445,,,,,0,0
17445,9,Π,коэффициент умирания,[17446]·[17681],0;0,17446;17681,,,,,0,0
17446,2,уставка·Σ,коэф выживаемости возрастной группы,0.99·(1·[17692]),0.99,17446,,,1,17692,0,1
17447,9,Π,коэф выживаемости от хороших условий жизни,[17448]·[17682]·[17442],0;0;0,17448;17682;17442,,,,,0,0
17448,2,уставка·Σ,коэф выживаемости возрастной группы от хороших услрвий жизни,0.01·(1·1),0.01,17448,,,1,const,0,1
17449,1,Σ,,1·[17443] + -1·[17444],,,,,1;-1,17443;17444,0,0
17451,1,Σ,количество перехода за год в следующую возрастную группу,1·[17444] + 1·[17685],,,,,1;1,17444;17685,0,0
17452,3,∫,количество человек в данной возрастной группе,"∫(1·[17451] + -1·[17453]) dt, x0=1",1,0,,,1;-1,17451;17453,1.50984,0
17453,17,1/(Tp+1),годовая задержка вычислений,"1/(Tp+1)(1·[17451]), T=1.714, x0=1",1,0,1.714,0,1,17451,0,0
17454,9,Π,дожившие до слнедующего года,[17453]·[17455],0;0,17453;17455,,,,,0,0
17455,9,Π,коэффициент умирания,[17456]·[17681],0;0,17456;17681,,,,,0,0
17456,2,уставка·Σ,коэф выживаемости возрастной группы,0.989·(1·[17692]),0.989,17456,,,1,17692,0,1
17457,9,Π,коэф выживаемости от хороших условий жизни,[17458]·[17682]·[17452],0;0;0,17458;17682;17452,,,,,0,0
17458,2,уставка·Σ,коэф выживаемости возрастной группы от хороших услрвий жизни,0.01·(1·1),0.01,17458,,,1,const,0,1
17459,1,Σ,,1·[17453] + -1·[17454],,,,,1;-1,17453;17454,0,0
17461,1,Σ,количество перехода за год в следующую возрастную группу,1·[17454] + 1·[17685],,,,,1;1,17454;17685,0,0
17462,3,∫,количество человек в данной возрастной группе,"∫(1·[17461] + -1·[17463]) dt, x0=1",1,0,,,1;-1,17461;17463,1.51529,0
17463,17,1/(Tp+1),годовая задержка вычислений,"1/(Tp+1)(1·[17461]), T=1.93, x0=1",1,0,1.93,0,1,17461,0,0
17464,9,Π,дожившие до слнедующего года,[17463]·[17465],0;0,17463;17465,,,,,0,0
17465,9,Π,коэффициент умирания,[17466]·[17681],0;0,17466;17681,,,,,0,0
17466,2,уставка·Σ,коэф выживаемости возрастной группы,0.988·(1·[17692]),0.988,17466,,,1,17692,0,1
17467,9,Π,коэф выживаемости от хороших условий жизни,[17468]·[17682]·[17462],0;0;0,17468;17682;17462,,,,,0,0
17468,2,уставка·Σ,коэф выживаемости возрастной группы от хороших услрвий жизни,0.005·(1·1),0.005,17468,,,1,const,0,1
17469,1,Σ,,1·[17463] + -1·[17464],,,,,1;-1,17463;17464,0,0
17471,1,Σ,количество перехода за год в следующую возрастную группу,1·[17464] + 1·[17685],,,,,1;1,17464;17685,0,0
17472,3,∫,количество человек в данной возрастной группе,"∫(1·[17471] + -1·[17473]) dt, x0=1",1,0,,,1;-1,17471;17473,1.55247,0
17473,17,1/(Tp+1),годовая задержка вычислений,"1/(Tp+1)(1·[17471]), T=2.057, x0=1",1,0,2.057,0,1,17471,0,0
17474,9,Π,дожившие до слнедующего года,[17473]·[17475],0;0,17473;17475,,,,,0,0
17475,9,Π,коэффициент умирания,[17476]·[17681],0;0,17476;17681,,,,,0,0
17476,2,уставка·Σ,коэф выживаемости возрастной группы,0.986·(1·[17692]),0.986,17476,,,1,17692,0,1
17477,9,Π,коэф выживаемости от хороших условий жизни,[17478]·[17682],0;0,17478;17682,,,,,0,0
17478,2,уставка·Σ,коэф выживаемости возрастной группы от хороших услрвий жизни,0.005·(1·1),0.005,17478,,,1,const,0,1
17479,1,Σ,,1·[17473] + -1·[17474],,,,,1;-1,17473;17474,0,0
17481,1,Σ,количество перехода за год в следующую возрастную группу,1·[17474] + 1·[17685],,,,,1;1,17474;17685,0,0
17482,3,∫,количество человек в данной возрастной группе,"∫(1·[17481] + -1·[17483]) dt, x0=1",1,0,,,1;-1,17481;17483,1.61195,0
17483,17,1/(Tp+1),годовая задержка вычислений,"1/(Tp+1)(1·[17481]), T=2.014, x0=1",1,0,2.014,0,1,17481,0,0
17484,9,Π,дожившие до слнедующего года,[17483]·[17485],0;0,17483;17485,,,,,0,0
17485,9,Π,коэффициент умирания,[17486]·[17681],0;0,17486;17681,,,,,0,0
17486,2,уставка·Σ,коэф выживаемости возрастной группы,0.985·(1·[17692]),0.985,17486,,,1,17692,0,1
17487,9,Π,коэф выживаемости от хороших условий жизни,[17488]·[17682]·[17482],0;0;0,17488;17682;17482,,,,,0,0
17488,2,уставка·Σ,коэф выживаемости возрастной группы от хороших услрвий жизни,0.005·(1·1),0.005,17488,,,1,const,0,1
17489,1,Σ,,1·[17483] + -1·[17484],,,,,1;-1,17483;17484,0,0
17491,1,Σ,количество перехода за год в следующую возрастную группу,1·[17484] + 1·[17685],,,,,1;1,17484;17685,0,0
17492,3,∫,количество человек в данной возрастной группе,"∫(1·[17491] + -1·[17493]) dt, x0=1",1,0,,,1;-1,17491;17493,1.76179,0
17493,17,1/(Tp+1),годовая задержка вычислений,"1/(Tp+1)(1·[17491]), T=2.014, x0=1",1,0,2.014,0,1,17491,0,0
17494,9,Π,дожившие до слнедующего года,[17493]·[17495],0;0,17493;17495,,,,,0,0
17495,9,Π,коэффициент умирания,[17496]·[17681],0;0,17496;17681,,,,,0,0
17496,2,уставка·Σ,коэф выживаемости возрастной группы,0.983·(1·[17692]),0.983,17496,,,1,17692,0,1
17497,9,Π,коэф выживаемости от хороших условий жизни,[17498]·[17682]·[17492],0;0;0,17498;17682;17492,,,,,0,0
17498,2,уставка·Σ,коэф выживаемости возрастной группы от хороших услрвий жизни,0.005·(1·1),0.005,17498,,,1,const,0,1
17499,1,Σ,,1·[17493] + -1·[17494],,,,,1;-1,17493;17494,0,0
17501,1,Σ,количество перехода за год в следующую возрастную группу,1·[17494] + 1·[17685],,,,,1;1,17494;17685,0,0
17502,5,∫ с пределами,количество человек в данной возрастной группе,"∫(1·[17501] + -1·[17503]) dt, x0=1, pa1=0, hi=1e+06",1;0,0;0,1e+06,0,1;-1,17501;17503,1.90648,0
17503,17,1/(Tp+1),годовая задержка вычислений,"1/(Tp+1)(1·[17501]), T=1.93, x0=1",1,0,1.93,0,1,17501,0,0
17504,9,Π,дожившие до слнедующего года,[17503]·[17505],0;0,17503;17505,,,,,0,0
17505,9,Π,коэффициент умирания,[17506]·[17681],0;0,17506;17681,,,,,0,0
17506,2,уставка·Σ,коэф выживаемости возрастной группы,0.981·(1·[17692]),0.981,17506,,,1,17692,0,1
17507,9,Π,коэф выживаемости от хороших условий жизни,[17508]·[17682]·[17502],0;0;0,17508;17682;17502,,,,,0,0
17508,2,уставка·Σ,коэф выживаемости возрастной группы от хороших услрвий жизни,0.005·(1·1),0.005,17508,,,1,const,0,1
17509,1,Σ,,1·[17503] + -1·[17504],,,,,1;-1,17503;17504,0,0
17511,1,Σ,количество перехода за год в следующую возрастную группу,1·[17504] + 1·[17685],,,,,1;1,17504;17685,0,0
17512,5,∫ с пределами,количество человек в данной возрастной группе,"∫(1·[17511] + -1·[17513]) dt, x0=1, pa1=0, hi=1e+06",1;0,0;0,1e+06,0,1;-1,17511;17513,1.89641,0
17513,17,1/(Tp+1),годовая задержка вычислений,"1/(Tp+1)(1·[17511]), T=1.842, x0=1",1,0,1.842,0,1,17511,0,0
17514,9,Π,дожившие до слнедующего года,[17513]·[17515],0;0,17513;17515,,,,,0,0
17515,9,Π,коэффициент умирания,[17516]·[17681],0;0,17516;17681,,,,,0,0
17516,2,уставка·Σ,коэф выживаемости возрастной группы,0.981·(1·[17692]),0.981,17516,,,1,17692,0,1
17517,3,∫,коэф выживаемости от хороших условий жизни,"∫(0) dt, x0=1",1,0,,,,,0,0
17519,1,Σ,,1·[17513] + -1·[17514],,,,,1;-1,17513;17514,0,0
17521,1,Σ,количество перехода за год в следующую возрастную группу,1·[17514] + 1·[17685],,,,,1;1,17514;17685,0,0
17522,5,∫ с пределами,количество человек в данной возрастной группе,"∫(1·[17521] + -1·[17523]) dt, x0=1, pa1=0, hi=100000",1;0,0;0,100000,0,1;-1,17521;17523,1.89382,0
17523,17,1/(Tp+1),годовая задержка вычислений,"1/(Tp+1)(1·[17521]), T=1.628, x0=1",1,0,1.628,0,1,17521,0,0
17524,9,Π,дожившие до слнедующего года,[17523]·[17525],0;0,17523;17525,,,,,0,0
17525,9,Π,коэффициент умирания,[17526]·[17681],0;0,17526;17681,,,,,0,0
17526,2,уставка·Σ,коэф выживаемости возрастной группы,0.981·(1·[17692]),0.981,17526,,,1,17692,0,1
17527,3,∫,коэф выживаемости от хороших условий жизни,"∫(0) dt, x0=1",1,0,,,,,0,0
17529,1,Σ,,1·[17523] + -1·[17524],,,,,1;-1,17523;17524,0,0
17531,1,Σ,количество перехода за год в следующую возрастную группу,1·[17524] + 1·[17685],,,,,1;1,17524;17685,0,0
17532,5,∫ с пределами,количество человек в данной возрастной группе,"∫(1·[17531] + -1·[17533]) dt, x0=1, pa1=0, hi=1e+06",1;0,0;0,1e+06,0,1;-1,17531;17533,1.84085,0
17533,17,1/(Tp+1),годовая задержка вычислений,"1/(Tp+1)(1·[17531]), T=1.586, x0=1",1,0,1.586,0,1,17531,0,0
17534,9,Π,дожившие до слнедующего года,[17533]·[17535],0;0,17533;17535,,,,,0,0
17535,9,Π,коэффициент умирания,[17536]·[17681],0;0,17536;17681,,,,,0,0
17536,2,уставка·Σ,коэф выживаемости возрастной группы,0.981·(1·[17692]),0.981,17536,,,1,17692,0,1
17537,3,∫,коэф выживаемости от хороших условий жизни,"∫(0) dt, x0=1",1,0,,,,,0,0
17539,1,Σ,,1·[17533] + -1·[17534],,,,,1;-1,17533;17534,0,0
17541,1,Σ,количество перехода за год в следующую возрастную группу,1·[17534] + 1·[17685],,,,,1;1,17534;17685,0,0
17542,5,∫ с пределами,количество человек в данной возрастной группе,"∫(1·[17541] + -1·[17543]) dt, x0=1, pa1=0, hi=1e+06",1;0,0;0,1e+06,0,1;-1,17541;17543,1.75838,0
17543,17,1/(Tp+1),годовая задержка вычислений,"1/(Tp+1)(1·[17541]), T=1.543, x0=1",1,0,1.543,0,1,17541,0,0
17544,9,Π,дожившие до слнедующего года,[17543]·[17545],0;0,17543;17545,,,,,0,0
17545,9,Π,коэффициент умирания,[17546]·[17681],0;0,17546;17681,,,,,0,0
17546,2,уставка·Σ,коэф выживаемости возрастной группы,0.975·(1·[17692]),0.975,17546,,,1,17692,0,1
17547,3,∫,коэф выживаемости от хороших условий жизни,"∫(0) dt, x0=1",1,0,,,,,0,0
17549,1,Σ,,1·[17543] + -1·[17544],,,,,1;-1,17543;17544,0,0
17551,1,Σ,количество перехода за год в следующую возрастную группу,1·[17544] + 1·[17685],,,,,1;1,17544;17685,0,0
17552,5,∫ с пределами,количество человек в данной возрастной группе,"∫(1·[17551] + -1·[17553]) dt, x0=1, pa1=0, hi=100000",1;0,0;0,100000,0,1;-1,17551;17553,1.59473,0
17553,17,1/(Tp+1),годовая задержка вычислений,"1/(Tp+1)(1·[17551]), T=1.5, x0=1",1,0,1.5,0,1,17551,0,0
17554,9,Π,дожившие до слнедующего года,[17553]·[17555],0;0,17553;17555,,,,,0,0
17555,9,Π,коэффициент умирания,[17556]·[17681],0;0,17556;17681,,,,,0,0
17556,2,уставка·Σ,коэф выживаемости возрастной группы,0.975·(1·[17692]),0.975,17556,,,1,17692,0,1
17557,3,∫,коэф выживаемости от хороших условий жизни,"∫(0) dt, x0=1",1,0,,,,,0,0
17559,1,Σ,,1·[17553] + -1·[17554],,,,,1;-1,17553;17554,0,0
17561,1,Σ,количество перехода за год в следующую возрастную группу,1·[17554] + 1·[17685],,,,,1;1,17554;17685,0,0
17562,5,∫ с пределами,количество человек в данной возрастной группе,"∫(1·[17561] + -1·[17563]) dt, x0=1, pa1=0, hi=100000",1;0,0;0,100000,0,1;-1,17561;17563,1.48317,0
17563,17,1/(Tp+1),годовая задержка вычислений,"1/(Tp+1)(1·[17561]), T=1.5, x0=1",1,0,1.5,0,1,17561,0,0
17564,9,Π,дожившие до слнедующего года,[17563]·[17565],0;0,17563;17565,,,,,0,0
17565,9,Π,коэффициент умирания,[17566]·[17681],0;0,17566;17681,,,,,0,0
17566,2,уставка·Σ,коэф выживаемости возрастной группы,0.9755·(1·[17692]),0.9755,17566,,,1,17692,0,1
17567,3,∫,коэф выживаемости от хороших условий жизни,"∫(0) dt, x0=1",1,0,,,,,0,0
17569,1,Σ,,1·[17563] + -1·[17564],,,,,1;-1,17563;17564,0,0
17571,1,Σ,количество перехода за год в следующую возрастную группу,1·[17564] + 1·[17685],,,,,1;1,17564;17685,0,0
17572,5,∫ с пределами,количество человек в данной возрастной группе,"∫(1·[17571] + -1·[17573]) dt, x0=1, pa1=0, hi=1e+06",1;0,0;0,1e+06,0,1;-1,17571;17573,1.43565,0
17573,17,1/(Tp+1),годовая задержка вычислений,"1/(Tp+1)(1·[17571]), T=1.328, x0=1",1,0,1.328,0,1,17571,0,0
17574,9,Π,дожившие до слнедующего года,[17573]·[17575],0;0,17573;17575,,,,,0,0
17575,9,Π,коэффициент умирания,[17576]·[17681],0;0,17576;17681,,,,,0,0
17576,2,уставка·Σ,коэф выживаемости возрастной группы,0.971·(1·[17692]),0.971,17576,,,1,17692,0,1
17577,3,∫,коэф выживаемости от хороших условий жизни,"∫(0) dt, x0=1",1,0,,,,,0,0
17579,1,Σ,,1·[17573] + -1·[17574],,,,,1;-1,17573;17574,0,0
17581,1,Σ,количество перехода за год в следующую возрастную группу,1·[17574] + 1·[17685],,,,,1;1,17574;17685,0,0
17582,5,∫ с пределами,количество человек в данной возрастной группе,"∫(1·[17581] + -1·[17583]) dt, x0=1, pa1=0, hi=1e+06",1;0,0;0,1e+06,0,1;-1,17581;17583,1.38693,0
17583,17,1/(Tp+1),годовая задержка вычислений,"1/(Tp+1)(1·[17581]), T=1.37, x0=1",1,0,1.37,0,1,17581,0,0
17584,9,Π,дожившие до слнедующего года,[17583]·[17585],0;0,17583;17585,,,,,0,0
17585,9,Π,коэффициент умирания,[17586]·[17681],0;0,17586;17681,,,,,0,0
17586,2,уставка·Σ,коэф выживаемости возрастной группы,0.95·(1·[17692]),0.95,17586,,,1,17692,0,1
17587,3,∫,коэф выживаемости от хороших условий жизни,"∫(0) dt, x0=1",1,0,,,,,0,0
17589,1,Σ,,1·[17583] + -1·[17584],,,,,1;-1,17583;17584,0,0
17591,1,Σ,количество перехода за год в следующую возрастную группу,1·[17584] + 1·[17685],,,,,1;1,17584;17685,0,0
17592,5,∫ с пределами,количество человек в данной возрастной группе,"∫(1·[17591] + -1·[17593]) dt, x0=1, pa1=0, hi=1e+06",1;0,0;0,1e+06,0,1;-1,17591;17593,1.33628,0
17593,17,1/(Tp+1),годовая задержка вычислений,"1/(Tp+1)(1·[17591]), T=1.243, x0=1",1,0,1.243,0,1,17591,0,0
17594,9,Π,дожившие до слнедующего года,[17593]·[17595],0;0,17593;17595,,,,,0,0
17595,9,Π,коэффициент умирания,[17596],0,17596,,,,,0,0
17596,2,уставка·Σ,коэф выживаемости возрастной группы,0.94·(1·[17692]),0.94,17596,,,1,17692,0,1
17597,3,∫,,"∫(0) dt, x0=1",1,0,,,,,0,0
17599,1,Σ,,1·[17593] + -1·[17594],,,,,1;-1,17593;17594,0,0
17601,1,Σ,количество перехода за год в следующую возрастную группу,1·[17594] + 1·[17685],,,,,1;1,17594;17685,0,0
17602,5,∫ с пределами,количество человек в данной возрастной группе,"∫(1·[17601] + -1·[17603]) dt, x0=1, pa1=0, hi=1e+06",1;0,0;0,1e+06,0,1;-1,17601;17603,1.19843,0
17603,17,1/(Tp+1),годовая задержка вычислений,"1/(Tp+1)(1·[17601]), T=1.157, x0=1",1,0,1.157,0,1,17601,0,0
17604,9,Π,дожившие до слнедующего года,[17603]·[17605],0;0,17603;17605,,,,,0,0
17605,9,Π,коэффициент умирания,[17606],0,17606,,,,,0,0
17606,2,уставка·Σ,коэф выживаемости возрастной группы,0.93·(1·[17692]),0.93,17606,,,1,17692,0,1
17607,3,∫,1,"∫(0) dt, x0=1",1,0,,,,,0,0
17609,1,Σ,,1·[17603] + -1·[17604],,,,,1;-1,17603;17604,0,0
17611,1,Σ,количество перехода за год в следующую возрастную группу,1·[17604] + 1·[17685],,,,,1;1,17604;17685,0,0
17612,5,∫ с пределами,количество человек в данной возрастной группе,"∫(1·[17611] + -1·[17613]) dt, x0=1, pa1=0, hi=100000",1;0,0;0,100000,0,1;-1,17611;17613,1.11502,0
17613,17,1/(Tp+1),годовая задержка вычислений,"1/(Tp+1)(1·[17611]), T=1.028, x0=1",1,0,1.028,0,1,17611,0,0
17614,9,Π,дожившие до слнедующего года,[17613]·[17615],0;0,17613;17615,,,,,0,0
17615,9,Π,коэффициент умирания,[17616],0,17616,,,,,0,0
17616,2,уставка·Σ,коэф выживаемости возрастной группы,0.91·(1·[17692]),0.91,17616,,,1,17692,0,1
17617,3,∫,,"∫(0) dt, x0=1",1,0,,,,,0,0
17619,1,Σ,,1·[17613] + -1·[17614],,,,,1;-1,17613;17614,0,0
17621,1,Σ,количество перехода за год в следующую возрастную группу,1·[17614] + 1·[17685],,,,,1;1,17614;17685,0,0
17622,5,∫ с пределами,количество человек в данной возрастной группе,"∫(1·[17621] + -1·[17623]) dt, x0=1, pa1=0, hi=100000",1;0,0;0,100000,0,1;-1,17621;17623,1.00745,0
17623,17,1/(Tp+1),годовая задержка вычислений,"1/(Tp+1)(1·[17621]), T=0.9, x0=1",1,0,0.9,0,1,17621,0,0
17624,9,Π,дожившие до слнедующего года,[17623]·[17625],0;0,17623;17625,,,,,0,0
17625,9,Π,коэффициент умирания,[17626],0,17626,,,,,0,0
17626,2,уставка·Σ,коэф выживаемости возрастной группы,0.91·(1·[17692]),0.91,17626,,,1,17692,0,1
17627,3,∫,,"∫(0) dt, x0=1",1,0,,,,,0,0
17629,1,Σ,,1·[17623] + -1·[17624],,,,,1;-1,17623;17624,0,0
17631,1,Σ,количество перехода за год в следующую возрастную группу,1·[17624] + 1·[17685],,,,,1;1,17624;17685,0,0
17632,5,∫ с пределами,количество человек в данной возрастной группе,"∫(1·[17631] + -1·[17633]) dt, x0=1, pa1=0, hi=10000",1;0,0;0,10000,0,1;-1,17631;17633,0.894564,0
17633,17,1/(Tp+1),годовая задержка вычислений,"1/(Tp+1)(1·[17631]), T=0.814, x0=1",1,0,0.814,0,1,17631,0,0
17634,9,Π,дожившие до слнедующего года,[17633]·[17635],0;0,17633;17635,,,,,0,0
17635,9,Π,коэффициент умирания,[17636],0,17636,,,,,0,0
17636,2,уставка·Σ,коэф выживаемости возрастной группы,0.85·(1·[17692]),0.85,17636,,,1,17692,0,1
17637,3,∫,,"∫(0) dt, x0=1",1,0,,,,,0,0
17639,14,clip Σ,,"clip(1·[17633] + -1.05·[17634], 0, 1000)",0,0,1000,0,1;-1.05,17633;17634,0,0
17640,2,уставка·Σ,предполагаемые условия труда,0·(1·1),0,17640,,,1,const,0,1
17641,1,Σ,количество перехода за год в следующую возрастную группу,1·[17634] + 1·[17685],,,,,1;1,17634;17685,0,0
17642,5,∫ с пределами,количество человек в данной возрастной группе,"∫(1·[17641] + -1·[17643]) dt, x0=1, pa1=0, hi=100000",1;0,0;0,100000,0,1;-1,17641;17643,0.73711,0
17643,17,1/(Tp+1),годовая задержка вычислений,"1/(Tp+1)(1·[17641]), T=0.643, x0=1",1,0,0.643,0,1,17641,0,0
17644,9,Π,дожившие до слнедующего года,[17643]·[17645],0;0,17643;17645,,,,,0,0
17645,9,Π,коэффициент умирания,[17646],0,17646,,,,,0,0
17646,2,уставка·Σ,коэф выживаемости возрастной группы,0.75·(1·[17692]),0.75,17646,,,1,17692,0,1
17647,3,∫,,"∫(0) dt, x0=1",1,0,,,,,0,0
17649,14,clip Σ,,"clip(1·[17643] + -1.2·[17644], 0, 1000)",0,0,1000,0,1;-1.2,17643;17644,0,0
17650,14,clip Σ,,"clip(-0.998·1 + 1.052·[17691], 0, 1)",0,0,1,0,-0.998;1.052,const;17691,0,0
17651,1,Σ,количество перехода за год в следующую возрастную группу,1·[17644] + 1·[17685],,,,,1;1,17644;17685,0,0
17652,5,∫ с пределами,количество человек в данной возрастной группе,"∫(1·[17651] + -1·[17653]) dt, x0=1, pa1=0, hi=100000",1;0,0;0,100000,0,1;-1,17651;17653,0.530348,0
17653,17,1/(Tp+1),годовая задержка вычислений,"1/(Tp+1)(1·[17651]), T=0.643, x0=1",1,0,0.643,0,1,17651,0,0
17654,9,Π,дожившие до слнедующего года,[17653]·[17655],0;0,17653;17655,,,,,0,0
17655,9,Π,коэффициент умирания,[17656],0,17656,,,,,0,0
17656,2,уставка·Σ,коэф выживаемости возрастной группы,0.65·(1·[17692]),0.65,17656,,,1,17692,0,1
17657,3,∫,,"∫(0) dt, x0=1",1,0,,,,,0,0
17659,14,clip Σ,,"clip(1·[17653] + -1.33·[17654], 0, 10000)",0,0,10000,0,1;-1.33,17653;17654,0,0
17660,14,clip Σ,,"clip(0.998·1 + -1.052·[17691], 0, 1000)",0,0,1000,0,0.998;-1.052,const;17691,0,0
17661,10,Σ·[ref],пенсионеры,(1·[17685] + 1·[17654])·[17687],0,17687,,,1;1,17685;17654,0,0
17662,5,∫ с пределами,,"∫(1·[17661] + -1·[17663]) dt, x0=0.05, pa1=0, hi=1000",0.05;0,0;0,1000,0,1;-1,17661;17663,1.05873,0
17663,2,уставка·Σ,,0.4·(1·[17662]),0.4,0,,,1,17662,0,0
17664,1,Σ,,0.07·[17662],,,,,0.07,17662,0,0
17665,1,Σ,,0.07·[17662],,,,,0.07,17662,0,0
17666,1,Σ,,0.2·[17662],,,,,0.2,17662,0,0
17667,1,Σ,,0.4·[17662],,,,,0.4,17662,0,0
17669,1,Σ,труд ресурс,1·[17582] + 1·[17592] + 1·[17602] + 1·[17612] + 1·[17622] + 1·[17632] + 1·[17642],,,,,1;1;1;1;1;1;1,17582;17592;17602;17612;17622;17632;17642,0,0
17670,2,уставка·Σ,всего населения,1·(1·[17002] + 1·[17012] + 1·[17022] + 1·[17032] + 1·[17042] + 1·[17052] + 1·[17062] + 1·[17072] + 1·[17082] + 1·[17092] + 1·[17102] + 1·[17112] + 1·[17122] + 1·[17132] + 1·[17142] + 1·[17152] + 1·[17162] + 1·[17172] + 1·[17182] + 1·[17192] + 1·[17202] + 1·[17212] + 1·[17222] + 1·[17232] + 1·[17242] + 1·[17252] + 1·[17262] + 1·[17272] + 1·[17282] + 1·[17292] + 1·[17302] + 1·[17312] + 1·[17322] + 1·[17332] + 1·[17342] + 1·[17352] + 1·[17362] + 1·[17372] + 1·[17382] + 1·[17671]),1,0,,,1;1;1;1;1;1;1;1;1;1;1;1;1;1;1;1;1;1;1;1;1;1;1;1;1;1;1;1;1;1;1;1;1;1;1;1;1;1;1;1,17002;17012;17022;17032;17042;17052;17062;17072;17082;17092;17102;17112;17122;17132;17142;17152;17162;17172;17182;17192;17202;17212;17222;17232;17242;17252;17262;17272;17282;17292;17302;17312;17322;17332;17342;17352;17362;17372;17382;17671,0,0
17671,1,Σ,всего населения,1·[17392] + 1·[17402] + 1·[17412] + 1·[17422] + 1·[17432] + 1·[17442] + 1·[17452] + 1·[17462] + 1·[17472] + 1·[17482] + 1·[17492] + 1·[17502] + 1·[17512] + 1·[17522] + 1·[17532] + 1·[17542] + 1·[17552] + 1·[17562] + 1·[17572] + 1·[17582] + 1·[17592] + 1·[17602] + 1·[17612] + 1·[17622] + 1·[17632] + 1·[17642] + 1·[17652] + 1·[17662],,,,,1;1;1;1;1;1;1;1;1;1;1;1;1;1;1;1;1;1;1;1;1;1;1;1;1;1;1;1,17392;17402;17412;17422;17432;17442;17452;17462;17472;17482;17492;17502;17512;17522;17532;17542;17552;17562;17572;17582;17592;17602;17612;17622;17632;17642;17652;17662,0,0
17672,2,уставка·Σ,дошкольники 1 - 5 лет,1·(1·[17002] + 1·[17012] + 1·[17022] + 1·[17032] + 1·[17042]),1,0,,,1;1;1;1;1,17002;17012;17022;17032;17042,0,0
17673,2,уставка·Σ,младш школьники 6 - 9 лет,1·(1·[17052] + 1·[17062] + 1·[17072] + 1·[17082]),1,0,,,1;1;1;1,17052;17062;17072;17082,0,0
17674,2,уставка·Σ,средние школьники,1·(1·[17092] + 1·[17102] + 1·[17112] + 1·[17122] + 1·[17132]),1,0,,,1;1;1;1;1,17092;17102;17112;17122;17132,0,0
17675,2,уставка·Σ,старшие школьники 15 - 17 лет,1·(1·[17142] + 1·[17152] + 1·[17162]),1,0,,,1;1;1,17142;17152;17162,0,0
17676,2,уставка·Σ,призывники 18 - 21  год,0.2·(1·[17172] + 1·[17182] + 1·[17192] + 1·[17202]),0.2,17676,,,1;1;1;1,17172;17182;17192;17202,0,1
17677,2,уставка·Σ,студенты 18 - 23 года,0.1·(1·[17172] + 1·[17182] + 1·[17192] + 1·[17202] + 1·[17212] + 1·[17222]),0.1,17677,,,1;1;1;1;1;1,17172;17182;17192;17202;17212;17222,0,1
17678,2,уставка·Σ,трудовой ресурс 20 - 65 лет,1·(1·[17192] + 1·[17202] + 1·[17212] + 1·[17222] + 1·[17232] + 1·[17242] + 1·[17252] + 1·[17262] + 1·[17272] + 1·[17282] + 1·[17292] + 1·[17302] + 1·[17312] + 1·[17322] + 1·[17332] + 1·[17342] + 1·[17352] + 1·[17362] + 1·[17372] + 1·[17382] + 1·[17392] + 1·[17402] + 1·[17412] + 1·[17422] + 1·[17432] + 1·[17442] + 1·[17452] + 1·[17462] + 1·[17472] + 1·[17482] + 1·[17492] + 1·[17502] + 1·[17512] + 1·[17522] + 1·[17532] + 1·[17542] + 1·[17552] + 1·[17562] + 1·[17572] + 1·[17669]),1,0,,,1;1;1;1;1;1;1;1;1;1;1;1;1;1;1;1;1;1;1;1;1;1;1;1;1;1;1;1;1;1;1;1;1;1;1;1;1;1;1;1,17192;17202;17212;17222;17232;17242;17252;17262;17272;17282;17292;17302;17312;17322;17332;17342;17352;17362;17372;17382;17392;17402;17412;17422;17432;17442;17452;17462;17472;17482;17492;17502;17512;17522;17532;17542;17552;17562;17572;17669,0,0
17679,2,уставка·Σ,пенсионеры 60 лет и больше,20·(1·[17592] + 1·[17602] + 1·[17612] + 1·[17622] + 1·[17632] + 1·[17642] + 1·[17652] + 1·[17662]),20,0,,,1;1;1;1;1;1;1;1,17592;17602;17612;17622;17632;17642;17652;17662,0,0
17680,2,уставка·Σ,рожающие женщины 18 - 42 года,45·(0.001·[17172] + 0.001·[17182] + 0.001·[17192] + 0.001·[17202] + 0.001·[17212] + 0.001·[17222] + 0.001·[17232] + 0.001·[17242] + 0.001·[17252] + 0.001·[17262] + 0.001·[17272] + 0.001·[17282] + 0.001·[17292] + 0.001·[17302] + 0.001·[17312] + 0.001·[17322] + 0.001·[17332] + 0.001·[17342] + 0.001·[17352] + 0.001·[17362] + 0.001·[17372] + 0.001·[17382] + 0.001·[17392] + 0.001·[17402] + 0.001·[17412]),45,17680,,,0.001;0.001;0.001;0.001;0.001;0.001;0.001;0.001;0.001;0.001;0.001;0.001;0.001;0.001;0.001;0.001;0.001;0.001;0.001;0.001;0.001;0.001;0.001;0.001;0.001,17172;17182;17192;17202;17212;17222;17232;17242;17252;17262;17272;17282;17292;17302;17312;17322;17332;17342;17352;17362;17372;17382;17392;17402;17412,0,1
17681,14,clip Σ,коэф доживаемости от условий труда,"clip(0.85·1 + 0.15·[17683], 0, 1)",0,0,1,0,0.85;0.15,const;17683,0,0
17682,2,уставка·Σ,коэф рождаемости от условий качества жизни всего населения,1·(1·[350]),1,17682,,,1,350,0,1
17683,2,уставка·Σ,доживаемость от условий труда,1·(1·1 + 0.1·[17640]),1,17683,,,1;0.1,const;17640,0,1
17684,2,уставка·Σ,индекс влияния на доживаемость медицинского обслуживания,1·(1.45·[893]),1,17684,,,1.45,893,0,1
17685,2,уставка·Σ,индекс миграции,0·(0.0001·[17670]),0,17685,,,0.0001,17670,0,1
17686,2,уставка·Σ,индекс уровня жизни,1·(0.5·[151]),1,17686,,,0.5,151,0,1
17687,4,1/(Tp+1)·g,,"clip(1·(1·[17683]), 15, 1)",1,0,1;15,0;0,1,17683,1,0
17688,4,1/(Tp+1)·g,количество умерших,"clip(1.237·(1·[17009] + 1·[17019] + 1·[17029] + 1·[17039] + 1·[17049] + 1·[17059] + 1·[17069] + 1·[17079] + 1·[17089] + 1·[17099] + 1·[17109] + 1·[17119] + 1·[17129] + 1·[17139] + 1·[17149] + 1·[17159] + 1·[17169] + 1·[17179] + 1·[17189] + 1·[17199] + 1·[17209] + 1·[17219] + 1·[17229] + 1·[17239] + 1·[17249] + 1·[17259] + 1·[17269] + 1·[17279] + 1·[17289] + 1·[17299] + 1·[17309] + 1·[17319] + 1·[17329] + 1·[17339] + 1·[17349] + 1·[17359] + 1·[17369] + 1·[17379] + 1·[17389] + 1·[17689]), 1, 1)",1.237,0,1;1,0;0,1;1;1;1;1;1;1;1;1;1;1;1;1;1;1;1;1;1;1;1;1;1;1;1;1;1;1;1;1;1;1;1;1;1;1;1;1;1;1;1,17009;17019;17029;17039;17049;17059;17069;17079;17089;17099;17109;17119;17129;17139;17149;17159;17169;17179;17189;17199;17209;17219;17229;17239;17249;17259;17269;17279;17289;17299;17309;17319;17329;17339;17349;17359;17369;17379;17389;17689,2.39791,0
17689,1,Σ,количество умерших,1·[17399] + 1·[17409] + 1·[17419] + 1·[17429] + 1·[17439] + 1·[17449] + 1·[17459] + 1·[17469] + 1·[17479] + 1·[17489] + 1·[17499] + 1·[17509] + 1·[17519] + 1·[17529] + 1·[17539] + 1·[17549] + 1·[17559] + 1·[17569] + 1·[17579] + 1·[17589] + 1·[17599] + 1·[17609] + 1·[17619] + 1·[17629] + 1·[17639] + 1·[17649] + 1·[17659] + 1·[17663],,,,,1;1;1;1;1;1;1;1;1;1;1;1;1;1;1;1;1;1;1;1;1;1;1;1;1;1;1;1,17399;17409;17419;17429;17439;17449;17459;17469;17479;17489;17499;17509;17519;17529;17539;17549;17559;17569;17579;17589;17599;17609;17619;17629;17639;17649;17659;17663,0,0
17690,1,Σ,,0.3·[17662],,,,,0.3,17662,0,0
17691,12,Π/Σ,доживаемость от уровня жизни и мед обслуживания,[17684]·[17694] / (0.1·1 + 0.9·[17684]),0;0,17684;17694,,,0.1;0.9,const;17684,0,0
17692,14,clip Σ,индекс доживаемости,"clip(0.998·1 + 1·[17650] + -0.05·[17660], 0.998, 1)",0.998,0,1,0,0.998;1;-0.05,const;17650;17660,0,0
17693,1,Σ,школьников всего,1·[17673] + 1·[17674] + 1·[17675],,,,,1;1;1,17673;17674;17675,0,0
17694,1,Σ,доживаемость от условий жизни,0.85·1 + 0.3·[17686],,,,,0.85;0.3,const;17686,0,0
17695,1,Σ,,0.5·[17665],,,,,0.5,17665,0,0
17696,1,Σ,,0.5·[17664],,,,,0.5,17664,0,0
17697,3,∫,,"∫(0) dt, x0=1",1,0,,,,,0,0
17698,3,∫,,"∫(0) dt, x0=1",1,0,,,,,0,0
17699,3,∫,,"∫(0) dt, x0=1",1,0,,,,,0,0
17700,4,1/(Tp+1)·g,количество рожденных всего,"clip(1·(1·[17177] + 1·[17187] + 1·[17197] + 1·[17207] + 1·[17217] + 1·[17227] + 1·[17237] + 1·[17247] + 1·[17257] + 1·[17267] + 1·[17277] + 1·[17287] + 1·[17297] + 1·[17307] + 1·[17317] + 1·[17327] + 1·[17337] + 1·[17347] + 1·[17357] + 1·[17367] + 1·[17377] + 1·[17387] + 1·[17397] + 1·[17407] + 1·[17417] + 1·[17427] + 1·[17437] + 1·[17447] + 1·[17457] + 1·[17467] + 1·[17477] + 1·[17487] + 1·[17497] + 1·[17507] + 1·[17147] + 1·[17157] + 1·[17167]), 5, 1)",1,0,1;5,0;0,1;1;1;1;1;1;1;1;1;1;1;1;1;1;1;1;1;1;1;1;1;1;1;1;1;1;1;1;1;1;1;1;1;1;1;1;1,17177;17187;17197;17207;17217;17227;17237;17247;17257;17267;17277;17287;17297;17307;17317;17327;17337;17347;17357;17367;17377;17387;17397;17407;17417;17427;17437;17447;17457;17467;17477;17487;17497;17507;17147;17157;17167,2.06206,0
17701,14,clip Σ,сумма спросов на ТНП Усл и Дос в отдельной социальной группе,"clip(1·[1860] + 1·[1874] + 1·[1866], 0.001, 1e+08)",0.001,0,1e+08,0,1;1;1,1860;1874;1866,0,0
17702,11,Π/Π,расходы соц группы  на ТНП,[1860]·[1837] / [17701],0;0,1860;1837,0,17701,,,0,0
17703,11,Π/Π,расходы соц группы на Услуги,[1874]·[1837] / [17701],0;0,1874;1837,0,17701,,,0,0
17704,11,Π/Π,расходы социальной группы на,[1866]·[1837] / [17701],0;0,1866;1837,0,17701,,,0,0
17705,14,clip Σ,,"clip(1·[16160] + 1·[16174] + 1·[16166], 0.01, 1e+07)",0.01,0,1e+07,0,1;1;1,16160;16174;16166,0,0
17706,14,clip Σ,сумма спросов на ТНП Усл и Дос в отдельной социальной группы,"clip(1·[2860] + 1·[2874] + 1·[2866], 0.001, 1e+08)",0.001,0,1e+08,0,1;1;1,2860;2874;2866,0,0
17707,11,Π/Π,расходы соц группы  на ТНП,[2860]·[2837] / [17706],0;0,2860;2837,0,17706,,,0,0
17708,11,Π/Π,расходы соц группы на Услуги,[2874]·[2837] / [17706],0;0,2874;2837,0,17706,,,0,0
17709,11,Π/Π,расходы социальной группы на,[2866]·[2837] / [17706],0;0,2866;2837,0,17706,,,0,0
17711,14,clip Σ,сумма спросов на ТНП Усл и Дос в отдельной социальной группы,"clip(1·[3860] + 1·[3874] + 1·[3866], 0.001, 1e+08)",0.001,0,1e+08,0,1;1;1,3860;3874;3866,0,0
17712,11,Π/Π,расходы соц группы  на ТНП,[3860]·[3837] / [17711],0;0,3860;3837,0,17711,,,0,0
17713,11,Π/Π,расходы соц группы на Услуги,[3874]·[3837] / [17711],0;0,3874;3837,0,17711,,,0,0
17714,11,Π/Π,расходы социальной группы на,[3866]·[3837] / [17711],0;0,3866;3837,0,17711,,,0,0
17715,11,Π/Π,,[16160]·[16137] / [17705],0;0,16160;16137,0,17705,,,0,0
17716,14,clip Σ,сумма спросов на ТНП Усл и Дос в отдельной социальной группы,"clip(1·[4860] + 1·[4874] + 1·[4866], 0.001, 1e+08)",0.001,0,1e+08,0,1;1;1,4860;4874;4866,0,0
17717,11,Π/Π,расходы соц группы  на ТНП,[4860]·[4837] / [17716],0;0,4860;4837,0,17716,,,0,0
17718,11,Π/Π,расходы соц группы на Услуги,[4874]·[4837] / [17716],0;0,4874;4837,0,17716,,,0,0
17719,11,Π/Π,расходы социальной группы на,[4866]·[4837] / [17716],0;0,4866;4837,0,17716,,,0,0
17721,14,clip Σ,сумма спросов на ТНП Усл и Дос в отдельной социальной группы,"clip(1·[5860] + 1·[5874] + 1·[5866], 0.001, 1e+08)",0.001,0,1e+08,0,1;1;1,5860;5874;5866,0,0
17722,11,Π/Π,расходы соц группы  на ТНП,[5860]·[5837] / [17721],0;0,5860;5837,0,17721,,,0,0
17723,11,Π/Π,расходы соц группы на Услуги,[5874]·[5837] / [17721],0;0,5874;5837,0,17721,,,0,0
17724,11,Π/Π,расходы социальной группы на,[5866]·[5837] / [17721],0;0,5866;5837,0,17721,,,0,0
17725,11,Π/Π,,[16174]·[16137] / [17705],0;0,16174;16137,0,17705,,,0,0
17726,14,clip Σ,сумма спросов на ТНП Усл и Дос в отдельной социальной группы,"clip(1·[6860] + 1·[6874] + 1·[6866], 0.001, 1e+08)",0.001,0,1e+08,0,1;1;1,6860;6874;6866,0,0
17727,11,Π/Π,расходы соц группы  на ТНП,[6860]·[6837] / [17726],0;0,6860;6837,0,17726,,,0,0
17728,11,Π/Π,расходы соц группы на Услуги,[6874]·[6837] / [17726],0;0,6874;6837,0,17726,,,0,0
17729,11,Π/Π,расходы социальной группы на,[6866]·[6837] / [17726],0;0,6866;6837,0,17726,,,0,0
17731,14,clip Σ,сумма спросов на ТНП Усл и Дос в отдельной социальной группы,"clip(1·[7860] + 1·[7874] + 1·[7866], 0.001, 1e+08)",0.001,0,1e+08,0,1;1;1,7860;7874;7866,0,0
17732,11,Π/Π,расходы соц группы  на ТНП,[7860]·[7837] / [17731],0;0,7860;7837,0,17731,,,0,0
17733,11,Π/Π,расходы соц группы на Услуги,[7874]·[7837] / [17731],0;0,7874;7837,0,17731,,,0,0
17734,11,Π/Π,расходы социальной группы на,[7866]·[7837] / [17731],0;0,7866;7837,0,17731,,,0,0
17735,11,Π/Π,,[16166]·[16137] / [17705],0;0,16166;16137,0,17705,,,0,0
17736,14,clip Σ,сумма спросов на ТНП Усл и Дос в отдельной социальной группы,"clip(1·[8860] + 1·[8874] + 1·[8866], 0.001, 1e+08)",0.001,0,1e+08,0,1;1;1,8860;8874;8866,0,0
17737,11,Π/Π,расходы соц группы  на ТНП,[8860]·[8837] / [17736],0;0,8860;8837,0,17736,,,0,0
17738,11,Π/Π,расходы соц группы на Услуги,[8874]·[8837] / [17736],0;0,8874;8837,0,17736,,,0,0
17739,11,Π/Π,расходы социальной группы на,[8866]·[8837] / [17736],0;0,8866;8837,0,17736,,,0,0
17741,14,clip Σ,сумма спросов на ТНП Усл и Дос в отдельной социальной группы,"clip(1·[9860] + 1·[9874] + 1·[9866], 0.001, 1e+08)",0.001,0,1e+08,0,1;1;1,9860;9874;9866,0,0
17742,11,Π/Π,расходы соц группы  на ТНП,[9860]·[9837] / [17741],0;0,9860;9837,0,17741,,,0,0
17743,11,Π/Π,расходы соц группы на Услуги,[9874]·[9837] / [17741],0;0,9874;9837,0,17741,,,0,0
17744,11,Π/Π,расходы социальной группы на,[9866]·[9837] / [17741],0;0,9866;9837,0,17741,,,0,0
17746,14,clip Σ,сумма спросов на ТНП Усл и Дос в отдельной социальной группы,"clip(1·[10860] + 1·[10874] + 1·[10866], 0.001, 1e+08)",0.001,0,1e+08,0,1;1;1,10860;10874;10866,0,0
17747,11,Π/Π,расходы соц группы  на ТНП,[10860]·[10837] / [17746],0;0,10860;10837,0,17746,,,0,0
17748,11,Π/Π,расходы соц группы на Услуги,[10874]·[10837] / [17746],0;0,10874;10837,0,17746,,,0,0
17749,11,Π/Π,расходы социальной группы на,[10866]·[10837] / [17746],0;0,10866;10837,0,17746,,,0,0
17751,14,clip Σ,сумма спросов на ТНП Усл и Дос в отдельной социальной группы,"clip(1·[11860] + 1·[11874] + 1·[11866], 0.001, 1e+08)",0.001,0,1e+08,0,1;1;1,11860;11874;11866,0,0
17752,11,Π/Π,расходы соц группы  на ТНП,[11860]·[11837] / [17751],0;0,11860;11837,0,17751,,,0,0
17753,11,Π/Π,расходы соц группы на Услуги,[11874]·[11837] / [17751],0;0,11874;11837,0,17751,,,0,0
17754,11,Π/Π,расходы социальной группы на,[11866]·[11837] / [17751],0;0,11866;11837,0,17751,,,0,0
17755,14,clip Σ,,"clip(1·[16260] + 1·[16274] + 1·[16266], 0.01, 1e+07)",0.01,0,1e+07,0,1;1;1,16260;16274;16266,0,0
17756,14,clip Σ,сумма спросов на ТНП Усл и Дос в отдельной социальной группы,"clip(1·[12860] + 1·[12874] + 1·[12866], 0.001, 1e+08)",0.001,0,1e+08,0,1;1;1,12860;12874;12866,0,0
17757,11,Π/Π,расходы соц группы  на ТНП,[12860]·[12837] / [17756],0;0,12860;12837,0,17756,,,0,0
17758,11,Π/Π,расходы соц группы на Услуги,[12874]·[12837] / [17756],0;0,12874;12837,0,17756,,,0,0
17759,11,Π/Π,расходы социальной группы на,[12866]·[12837] / [17756],0;0,12866;12837,0,17756,,,0,0
17761,14,clip Σ,сумма спросов на ТНП Усл и Дос в отдельной социальной группы,"clip(1·[13860] + 1·[13874] + 1·[13866], 0.001, 1e+08)",0.001,0,1e+08,0,1;1;1,13860;13874;13866,0,0
17762,11,Π/Π,расходы соц группы  на ТНП,[13860]·[13837] / [17761],0;0,13860;13837,0,17761,,,0,0
17763,11,Π/Π,расходы соц группы на Услуги,[13874]·[13837] / [17761],0;0,13874;13837,0,17761,,,0,0
17764,11,Π/Π,расходы социальной группы на,[13866]·[13837] / [17761],0;0,13866;13837,0,17761,,,0,0
17765,11,Π/Π,,[16260]·[16237] / [17755],0;0,16260;16237,0,17755,,,0,0
17766,14,clip Σ,сумма спросов на ТНП Усл и Дос в отдельной социальной группы,"clip(1·[15160] + 1·[15174] + 1·[15166], 0.001, 1e+08)",0.001,0,1e+08,0,1;1;1,15160;15174;15166,0,0
17767,11,Π/Π,расходы соц группы  на ТНП,[15160]·[15137] / [17766],0;0,15160;15137,0,17766,,,0,0
17768,11,Π/Π,расходы соц группы на Услуги,[15174]·[15137] / [17766],0;0,15174;15137,0,17766,,,0,0
17769,11,Π/Π,расходы социальной группы на,[15166]·[15137] / [17766],0;0,15166;15137,0,17766,,,0,0
17771,14,clip Σ,сумма спросов на ТНП Усл и Дос в отдельной социальной группы,"clip(1·[15260] + 1·[15274] + 1·[12266], 0.001, 1e+08)",0.001,0,1e+08,0,1;1;1,15260;15274;12266,0,0
17772,11,Π/Π,расходы соц группы  на ТНП,[15260]·[15237] / [17771],0;0,15260;15237,0,17771,,,0,0
17773,11,Π/Π,расходы соц группы на Услуги,[15274]·[15237] / [17771],0;0,15274;15237,0,17771,,,0,0
17774,11,Π/Π,расходы социальной группы на,[15266]·[15237] / [17771],0;0,15266;15237,0,17771,,,0,0
17775,11,Π/Π,,[16274]·[16237] / [17755],0;0,16274;16237,0,17755,,,0,0
17776,14,clip Σ,сумма спросов на ТНП Усл и Дос в отдельной социальной группы,"clip(1·[15360] + 1·[15374] + 1·[15366], 0.001, 1e+08)",0.001,0,1e+08,0,1;1;1,15360;15374;15366,0,0
17777,11,Π/Π,расходы соц группы  на ТНП,[15360]·[15337] / [17776],0;0,15360;15337,0,17776,,,0,0
17778,11,Π/Π,расходы соц группы на Услуги,[15374]·[15337] / [17776],0;0,15374;15337,0,17776,,,0,0
17779,11,Π/Π,расходы социальной группы на,[15366]·[15337] / [17776],0;0,15366;15337,0,17776,,,0,0
17781,14,clip Σ,сумма спросов на ТНП Усл и Дос в отдельной социальной группы,"clip(1·[15460] + 1·[15474] + 1·[15466], 0.001, 1e+08)",0.001,0,1e+08,0,1;1;1,15460;15474;15466,0,0
17782,11,Π/Π,расходы соц группы  на ТНП,[15460]·[15437] / [17781],0;0,15460;15437,0,17781,,,0,0
17783,11,Π/Π,расходы соц группы на Услуги,[15474]·[15437] / [17781],0;0,15474;15437,0,17781,,,0,0
17784,11,Π/Π,расходы социальной группы на,[15466]·[15437] / [17781],0;0,15466;15437,0,17781,,,0,0
17785,11,Π/Π,,[16266]·[16237] / [17755],0;0,16266;16237,0,17755,,,0,0
17786,14,clip Σ,сумма спросов на ТНП Усл и Дос в отдельной социальной группы,"clip(1·[15560] + 1·[15574] + 1·[15566], 0.001, 1e+08)",0.001,0,1e+08,0,1;1;1,15560;15574;15566,0,0
17787,11,Π/Π,расходы соц группы  на ТНП,[15560]·[15537] / [17786],0;0,15560;15537,0,17786,,,0,0
17788,11,Π/Π,расходы соц группы на Услуги,[15574]·[15537] / [17786],0;0,15574;15537,0,17786,,,0,0
17789,11,Π/Π,расходы социальной группы на,[15566]·[15537] / [17786],0;0,15566;15537,0,17786,,,0,0
17791,14,clip Σ,сумма спросов на ТНП Усл и Дос в отдельной социальной группы,"clip(1·[16460] + 1·[16474] + 1·[16466], 0.001, 1e+08)",0.001,0,1e+08,0,1;1;1,16460;16474;16466,0,0
17792,11,Π/Π,расходы соц группы  на ТНП,[16460]·[16437] / [17791],0;0,16460;16437,0,17791,,,0,0
17793,11,Π/Π,расходы соц группы на Услуги,[16474]·[16437] / [17791],0;0,16474;16437,0,17791,,,0,0
17794,11,Π/Π,расходы социальной группы на,[16466]·[16437] / [17791],0;0,16466;16437,0,17791,,,0,0
17796,14,clip Σ,сумма спросов на ТНП Усл и Дос в отдельной социальной группы,"clip(1·[16360] + 1·[16374] + 1·[16366], 0.001, 1e+08)",0.001,0,1e+08,0,1;1;1,16360;16374;16366,0,0
17797,11,Π/Π,расходы соц группы  на ТНП,[16360]·[16337] / [17796],0;0,16360;16337,0,17796,,,0,0
17798,11,Π/Π,расходы соц группы на Услуги,[16374]·[16337] / [17796],0;0,16374;16337,0,17796,,,0,0
17799,11,Π/Π,расходы социальной группы на,[16366]·[16337] / [17796],0;0,16366;16337,0,17796,,,0,0
